2025-08-19 10:23:47 INFO     Pipeline | 🔧 初始化远程通知器 - URL: http://192.168.1.250:8087/api/draw/openDraw, 超时: 15秒
2025-08-19 10:23:47 INFO     NotifyHandler | 🔄 K线通知后台处理线程开始运行
2025-08-19 10:23:47 INFO     NotifyHandler | 🚀 启动K线通知后台处理线程
2025-08-19 10:23:47 INFO     NotifyHandler | 🔧 初始化K线通知处理器 - 队列大小: 1000, 重试间隔: 10秒
2025-08-19 10:23:47 INFO     source_service | 初始化数据源服务，共 1 个数据源
2025-08-19 10:23:47 INFO     market_service | 初始化市场数据服务
2025-08-19 10:23:49 INFO     Pipeline | 🔧 初始化远程通知器 - URL: http://192.168.1.250:8087/api/draw/openDraw, 超时: 15秒
2025-08-19 10:23:49 INFO     NotifyHandler | 🔄 K线通知后台处理线程开始运行
2025-08-19 10:23:49 INFO     NotifyHandler | 🚀 启动K线通知后台处理线程
2025-08-19 10:23:49 INFO     NotifyHandler | 🔧 初始化K线通知处理器 - 队列大小: 1000, 重试间隔: 10秒
2025-08-19 10:23:49 INFO     source_service | 初始化数据源服务，共 1 个数据源
2025-08-19 10:23:49 INFO     market_service | 初始化市场数据服务
2025-08-19 10:23:49 INFO     MarketData | 🚀 初始化市场数据核心系统
2025-08-19 10:23:49 INFO     MarketData | 注册数据源: 问财
2025-08-19 10:23:49 INFO     MarketData | 启动数据源: 问财
2025-08-19 10:23:49 INFO     wen_cai_source | 🚀 启动数据源: 问财 (wen_cai)
2025-08-19 10:23:49 INFO     TickerScheduler | 🚀 定时任务调度器已启动
2025-08-19 10:23:49 INFO     TickerScheduler | ✅ 添加定时任务: wen_cai_data_update_realtime (每1.5秒) - 问财数据更新-实时数据
2025-08-19 10:23:49 INFO     TickerScheduler | ✅ 添加定时任务: wen_cai_data_update_kline (每5秒) - 问财数据更新-K线数据
2025-08-19 10:23:49 INFO     MarketData | ✅ 市场数据核心系统初始化完成
2025-08-19 10:23:49 INFO     API | 🚀 MarketStockMonitor API 服务启动成功
2025-08-19 10:23:55 INFO     ConsoleLogHandler | 📈 MarketData(source=wen_cai, symbol=HSI, type=kline1m, price=25206.59, timestamp=2025-08-19 09:30:00)
2025-08-19 10:23:55 INFO     NotifyHandler | 📤 数据已入队: HSI - 25206.59, 当前队列大小: 1
2025-08-19 10:23:55 INFO     NotifyHandler | 📥 从队列中获取待处理数据: MarketData(source=wen_cai, symbol=HSI, type=kline1m, price=25206.59, timestamp=2025-08-19 09:30:00)
2025-08-19 10:23:55 INFO     ConsoleLogHandler | 📈 MarketData(source=wen_cai, symbol=HSI, type=kline1m, price=25210.96, timestamp=2025-08-19 09:31:00)
2025-08-19 10:23:55 INFO     NotifyHandler | 📡 第 1 次尝试通知: HSI
2025-08-19 10:23:55 INFO     ConsoleLogHandler | 📈 MarketData(source=wen_cai, symbol=HSI, type=kline1m, price=25208.69, timestamp=2025-08-19 09:32:00)
2025-08-19 10:23:55 INFO     ConsoleLogHandler | 📈 MarketData(source=wen_cai, symbol=HSI, type=kline1m, price=25220.0, timestamp=2025-08-19 09:33:00)
2025-08-19 10:23:55 INFO     ConsoleLogHandler | 📈 MarketData(source=wen_cai, symbol=HSI, type=kline1m, price=25201.91, timestamp=2025-08-19 09:34:00)
2025-08-19 10:23:55 INFO     ConsoleLogHandler | 📈 MarketData(source=wen_cai, symbol=HSI, type=kline1m, price=25200.98, timestamp=2025-08-19 09:35:00)
2025-08-19 10:23:55 INFO     ConsoleLogHandler | 📈 MarketData(source=wen_cai, symbol=HSI, type=kline1m, price=25202.35, timestamp=2025-08-19 09:36:00)
2025-08-19 10:23:55 INFO     ConsoleLogHandler | 📈 MarketData(source=wen_cai, symbol=HSI, type=kline1m, price=25189.14, timestamp=2025-08-19 09:37:00)
2025-08-19 10:23:55 INFO     ConsoleLogHandler | 📈 MarketData(source=wen_cai, symbol=HSI, type=kline1m, price=25176.11, timestamp=2025-08-19 09:38:00)
2025-08-19 10:23:55 INFO     ConsoleLogHandler | 📈 MarketData(source=wen_cai, symbol=HSI, type=kline1m, price=25179.88, timestamp=2025-08-19 09:39:00)
2025-08-19 10:23:55 INFO     ConsoleLogHandler | 📈 MarketData(source=wen_cai, symbol=HSI, type=kline1m, price=25152.9, timestamp=2025-08-19 09:40:00)
2025-08-19 10:23:55 INFO     ConsoleLogHandler | 📈 MarketData(source=wen_cai, symbol=HSI, type=kline1m, price=25141.71, timestamp=2025-08-19 09:41:00)
2025-08-19 10:23:55 INFO     ConsoleLogHandler | 📈 MarketData(source=wen_cai, symbol=HSI, type=kline1m, price=25143.47, timestamp=2025-08-19 09:42:00)
2025-08-19 10:23:55 INFO     ConsoleLogHandler | 📈 MarketData(source=wen_cai, symbol=HSI, type=kline1m, price=25156.99, timestamp=2025-08-19 09:43:00)
2025-08-19 10:23:55 INFO     ConsoleLogHandler | 📈 MarketData(source=wen_cai, symbol=HSI, type=kline1m, price=25164.33, timestamp=2025-08-19 09:44:00)
2025-08-19 10:23:55 INFO     ConsoleLogHandler | 📈 MarketData(source=wen_cai, symbol=HSI, type=kline1m, price=25163.4, timestamp=2025-08-19 09:45:00)
2025-08-19 10:23:55 INFO     NotifyHandler | 📤 数据已入队: HSI - 25163.4, 当前队列大小: 1
2025-08-19 10:23:55 INFO     ConsoleLogHandler | 📈 MarketData(source=wen_cai, symbol=HSI, type=kline1m, price=25143.13, timestamp=2025-08-19 09:46:00)
2025-08-19 10:23:55 INFO     ConsoleLogHandler | 📈 MarketData(source=wen_cai, symbol=HSI, type=kline1m, price=25119.11, timestamp=2025-08-19 09:47:00)
2025-08-19 10:23:55 INFO     ConsoleLogHandler | 📈 MarketData(source=wen_cai, symbol=HSI, type=kline1m, price=25111.34, timestamp=2025-08-19 09:48:00)
2025-08-19 10:23:55 INFO     ConsoleLogHandler | 📈 MarketData(source=wen_cai, symbol=HSI, type=kline1m, price=25098.96, timestamp=2025-08-19 09:49:00)
2025-08-19 10:23:55 INFO     ConsoleLogHandler | 📈 MarketData(source=wen_cai, symbol=HSI, type=kline1m, price=25105.32, timestamp=2025-08-19 09:50:00)
2025-08-19 10:23:55 INFO     ConsoleLogHandler | 📈 MarketData(source=wen_cai, symbol=HSI, type=kline1m, price=25111.73, timestamp=2025-08-19 09:51:00)
2025-08-19 10:23:55 INFO     ConsoleLogHandler | 📈 MarketData(source=wen_cai, symbol=HSI, type=kline1m, price=25115.69, timestamp=2025-08-19 09:52:00)
2025-08-19 10:23:55 INFO     ConsoleLogHandler | 📈 MarketData(source=wen_cai, symbol=HSI, type=kline1m, price=25129.02, timestamp=2025-08-19 09:53:00)
2025-08-19 10:23:55 INFO     ConsoleLogHandler | 📈 MarketData(source=wen_cai, symbol=HSI, type=kline1m, price=25130.8, timestamp=2025-08-19 09:54:00)
2025-08-19 10:23:55 INFO     ConsoleLogHandler | 📈 MarketData(source=wen_cai, symbol=HSI, type=kline1m, price=25136.89, timestamp=2025-08-19 09:55:00)
2025-08-19 10:23:55 INFO     ConsoleLogHandler | 📈 MarketData(source=wen_cai, symbol=HSI, type=kline1m, price=25147.36, timestamp=2025-08-19 09:56:00)
2025-08-19 10:23:55 INFO     ConsoleLogHandler | 📈 MarketData(source=wen_cai, symbol=HSI, type=kline1m, price=25141.97, timestamp=2025-08-19 09:57:00)
2025-08-19 10:23:55 INFO     ConsoleLogHandler | 📈 MarketData(source=wen_cai, symbol=HSI, type=kline1m, price=25152.11, timestamp=2025-08-19 09:58:00)
2025-08-19 10:23:55 INFO     ConsoleLogHandler | 📈 MarketData(source=wen_cai, symbol=HSI, type=kline1m, price=25134.97, timestamp=2025-08-19 09:59:00)
2025-08-19 10:23:55 INFO     ConsoleLogHandler | 📈 MarketData(source=wen_cai, symbol=HSI, type=kline1m, price=25136.16, timestamp=2025-08-19 10:00:00)
2025-08-19 10:23:55 INFO     NotifyHandler | 📤 数据已入队: HSI - 25136.16, 当前队列大小: 2
2025-08-19 10:23:55 INFO     ConsoleLogHandler | 📈 MarketData(source=wen_cai, symbol=HSI, type=kline1m, price=25118.32, timestamp=2025-08-19 10:01:00)
2025-08-19 10:23:55 INFO     ConsoleLogHandler | 📈 MarketData(source=wen_cai, symbol=HSI, type=kline1m, price=25130.75, timestamp=2025-08-19 10:02:00)
2025-08-19 10:23:55 INFO     ConsoleLogHandler | 📈 MarketData(source=wen_cai, symbol=HSI, type=kline1m, price=25120.46, timestamp=2025-08-19 10:03:00)
2025-08-19 10:23:55 INFO     ConsoleLogHandler | 📈 MarketData(source=wen_cai, symbol=HSI, type=kline1m, price=25116.67, timestamp=2025-08-19 10:04:00)
2025-08-19 10:23:55 INFO     ConsoleLogHandler | 📈 MarketData(source=wen_cai, symbol=HSI, type=kline1m, price=25105.33, timestamp=2025-08-19 10:05:00)
2025-08-19 10:23:55 INFO     ConsoleLogHandler | 📈 MarketData(source=wen_cai, symbol=HSI, type=kline1m, price=25086.68, timestamp=2025-08-19 10:06:00)
2025-08-19 10:23:55 INFO     ConsoleLogHandler | 📈 MarketData(source=wen_cai, symbol=HSI, type=kline1m, price=25106.36, timestamp=2025-08-19 10:07:00)
2025-08-19 10:23:55 INFO     ConsoleLogHandler | 📈 MarketData(source=wen_cai, symbol=HSI, type=kline1m, price=25121.81, timestamp=2025-08-19 10:08:00)
2025-08-19 10:23:55 INFO     ConsoleLogHandler | 📈 MarketData(source=wen_cai, symbol=HSI, type=kline1m, price=25144.51, timestamp=2025-08-19 10:09:00)
2025-08-19 10:23:55 INFO     ConsoleLogHandler | 📈 MarketData(source=wen_cai, symbol=HSI, type=kline1m, price=25156.96, timestamp=2025-08-19 10:10:00)
2025-08-19 10:23:55 INFO     ConsoleLogHandler | 📈 MarketData(source=wen_cai, symbol=HSI, type=kline1m, price=25166.35, timestamp=2025-08-19 10:11:00)
2025-08-19 10:23:55 INFO     ConsoleLogHandler | 📈 MarketData(source=wen_cai, symbol=HSI, type=kline1m, price=25175.81, timestamp=2025-08-19 10:12:00)
2025-08-19 10:23:55 INFO     ConsoleLogHandler | 📈 MarketData(source=wen_cai, symbol=HSI, type=kline1m, price=25183.6, timestamp=2025-08-19 10:13:00)
2025-08-19 10:23:55 INFO     ConsoleLogHandler | 📈 MarketData(source=wen_cai, symbol=HSI, type=kline1m, price=25176.36, timestamp=2025-08-19 10:14:00)
2025-08-19 10:23:55 INFO     ConsoleLogHandler | 📈 MarketData(source=wen_cai, symbol=HSI, type=kline1m, price=25157.8, timestamp=2025-08-19 10:15:00)
2025-08-19 10:23:55 INFO     NotifyHandler | 📤 数据已入队: HSI - 25157.8, 当前队列大小: 3
2025-08-19 10:23:55 INFO     ConsoleLogHandler | 📈 MarketData(source=wen_cai, symbol=HSI, type=kline1m, price=25169.21, timestamp=2025-08-19 10:16:00)
2025-08-19 10:23:55 INFO     ConsoleLogHandler | 📈 MarketData(source=wen_cai, symbol=HSI, type=kline1m, price=25168.4, timestamp=2025-08-19 10:17:00)
2025-08-19 10:23:55 INFO     ConsoleLogHandler | 📈 MarketData(source=wen_cai, symbol=HSI, type=kline1m, price=25138.47, timestamp=2025-08-19 10:18:00)
2025-08-19 10:23:55 INFO     NotifyHandler | ✅ 通知成功
2025-08-19 10:23:55 INFO     NotifyHandler | 📥 从队列中获取待处理数据: MarketData(source=wen_cai, symbol=HSI, type=kline1m, price=25163.4, timestamp=2025-08-19 09:45:00)
2025-08-19 10:23:55 INFO     NotifyHandler | 📡 第 1 次尝试通知: HSI
2025-08-19 10:23:55 INFO     ConsoleLogHandler | 📈 MarketData(source=wen_cai, symbol=HSI, type=kline1m, price=25147.98, timestamp=2025-08-19 10:19:00)
2025-08-19 10:23:55 INFO     ConsoleLogHandler | 📈 MarketData(source=wen_cai, symbol=HSI, type=kline1m, price=25153.85, timestamp=2025-08-19 10:20:00)
2025-08-19 10:23:55 INFO     ConsoleLogHandler | 📈 MarketData(source=wen_cai, symbol=HSI, type=kline1m, price=25158.74, timestamp=2025-08-19 10:21:00)
2025-08-19 10:23:55 INFO     wen_cai_source | 📊 更新了 HSI 的 52 条新K线数据
2025-08-19 10:23:55 INFO     NotifyHandler | ✅ 通知成功
2025-08-19 10:23:55 INFO     NotifyHandler | 📥 从队列中获取待处理数据: MarketData(source=wen_cai, symbol=HSI, type=kline1m, price=25136.16, timestamp=2025-08-19 10:00:00)
2025-08-19 10:23:55 INFO     NotifyHandler | 📡 第 1 次尝试通知: HSI
2025-08-19 10:23:55 INFO     NotifyHandler | ✅ 通知成功
2025-08-19 10:23:55 INFO     NotifyHandler | 📥 从队列中获取待处理数据: MarketData(source=wen_cai, symbol=HSI, type=kline1m, price=25157.8, timestamp=2025-08-19 10:15:00)
2025-08-19 10:23:55 INFO     NotifyHandler | 📡 第 1 次尝试通知: HSI
2025-08-19 10:23:55 INFO     NotifyHandler | ✅ 通知成功
2025-08-19 10:23:55 INFO     ConsoleLogHandler | 📈 MarketData(source=wen_cai, symbol=NASDAQ, type=kline1m, price=21624.34, timestamp=2025-08-18 21:30:00)
2025-08-19 10:23:55 INFO     NotifyHandler | 📤 数据已入队: NASDAQ - 21624.34, 当前队列大小: 1
2025-08-19 10:23:55 INFO     NotifyHandler | 📥 从队列中获取待处理数据: MarketData(source=wen_cai, symbol=NASDAQ, type=kline1m, price=21624.34, timestamp=2025-08-18 21:30:00)
2025-08-19 10:23:55 INFO     ConsoleLogHandler | 📈 MarketData(source=wen_cai, symbol=NASDAQ, type=kline1m, price=21616.41, timestamp=2025-08-18 21:31:00)
2025-08-19 10:23:55 INFO     NotifyHandler | 📡 第 1 次尝试通知: NASDAQ
2025-08-19 10:23:55 INFO     ConsoleLogHandler | 📈 MarketData(source=wen_cai, symbol=NASDAQ, type=kline1m, price=21618.62, timestamp=2025-08-18 21:32:00)
2025-08-19 10:23:55 INFO     ConsoleLogHandler | 📈 MarketData(source=wen_cai, symbol=NASDAQ, type=kline1m, price=21620.28, timestamp=2025-08-18 21:33:00)
2025-08-19 10:23:55 INFO     ConsoleLogHandler | 📈 MarketData(source=wen_cai, symbol=NASDAQ, type=kline1m, price=21646.48, timestamp=2025-08-18 21:34:00)
2025-08-19 10:23:55 INFO     ConsoleLogHandler | 📈 MarketData(source=wen_cai, symbol=NASDAQ, type=kline1m, price=21639.11, timestamp=2025-08-18 21:35:00)
2025-08-19 10:23:55 INFO     ConsoleLogHandler | 📈 MarketData(source=wen_cai, symbol=NASDAQ, type=kline1m, price=21635.23, timestamp=2025-08-18 21:36:00)
2025-08-19 10:23:55 INFO     ConsoleLogHandler | 📈 MarketData(source=wen_cai, symbol=NASDAQ, type=kline1m, price=21625.62, timestamp=2025-08-18 21:37:00)
2025-08-19 10:23:55 INFO     ConsoleLogHandler | 📈 MarketData(source=wen_cai, symbol=NASDAQ, type=kline1m, price=21620.23, timestamp=2025-08-18 21:38:00)
2025-08-19 10:23:55 INFO     ConsoleLogHandler | 📈 MarketData(source=wen_cai, symbol=NASDAQ, type=kline1m, price=21639.22, timestamp=2025-08-18 21:39:00)
2025-08-19 10:23:55 INFO     ConsoleLogHandler | 📈 MarketData(source=wen_cai, symbol=NASDAQ, type=kline1m, price=21624.14, timestamp=2025-08-18 21:40:00)
2025-08-19 10:23:55 INFO     ConsoleLogHandler | 📈 MarketData(source=wen_cai, symbol=NASDAQ, type=kline1m, price=21631.37, timestamp=2025-08-18 21:41:00)
2025-08-19 10:23:55 INFO     ConsoleLogHandler | 📈 MarketData(source=wen_cai, symbol=NASDAQ, type=kline1m, price=21608.35, timestamp=2025-08-18 21:42:00)
2025-08-19 10:23:55 INFO     ConsoleLogHandler | 📈 MarketData(source=wen_cai, symbol=NASDAQ, type=kline1m, price=21610.47, timestamp=2025-08-18 21:43:00)
2025-08-19 10:23:55 INFO     ConsoleLogHandler | 📈 MarketData(source=wen_cai, symbol=NASDAQ, type=kline1m, price=21612.29, timestamp=2025-08-18 21:44:00)
2025-08-19 10:23:55 INFO     ConsoleLogHandler | 📈 MarketData(source=wen_cai, symbol=NASDAQ, type=kline1m, price=21612.73, timestamp=2025-08-18 21:45:00)
2025-08-19 10:23:55 INFO     NotifyHandler | 📤 数据已入队: NASDAQ - 21612.73, 当前队列大小: 1
2025-08-19 10:23:55 INFO     ConsoleLogHandler | 📈 MarketData(source=wen_cai, symbol=NASDAQ, type=kline1m, price=21619.51, timestamp=2025-08-18 21:46:00)
2025-08-19 10:23:55 INFO     ConsoleLogHandler | 📈 MarketData(source=wen_cai, symbol=NASDAQ, type=kline1m, price=21625.98, timestamp=2025-08-18 21:47:00)
2025-08-19 10:23:55 INFO     ConsoleLogHandler | 📈 MarketData(source=wen_cai, symbol=NASDAQ, type=kline1m, price=21632.95, timestamp=2025-08-18 21:48:00)
2025-08-19 10:23:55 INFO     ConsoleLogHandler | 📈 MarketData(source=wen_cai, symbol=NASDAQ, type=kline1m, price=21627.57, timestamp=2025-08-18 21:49:00)
2025-08-19 10:23:55 INFO     ConsoleLogHandler | 📈 MarketData(source=wen_cai, symbol=NASDAQ, type=kline1m, price=21619.32, timestamp=2025-08-18 21:50:00)
2025-08-19 10:23:55 INFO     ConsoleLogHandler | 📈 MarketData(source=wen_cai, symbol=NASDAQ, type=kline1m, price=21594.46, timestamp=2025-08-18 21:51:00)
2025-08-19 10:23:55 INFO     ConsoleLogHandler | 📈 MarketData(source=wen_cai, symbol=NASDAQ, type=kline1m, price=21588.88, timestamp=2025-08-18 21:52:00)
2025-08-19 10:23:55 INFO     ConsoleLogHandler | 📈 MarketData(source=wen_cai, symbol=NASDAQ, type=kline1m, price=21595.36, timestamp=2025-08-18 21:53:00)
2025-08-19 10:23:55 INFO     ConsoleLogHandler | 📈 MarketData(source=wen_cai, symbol=NASDAQ, type=kline1m, price=21595.03, timestamp=2025-08-18 21:54:00)
2025-08-19 10:23:55 INFO     ConsoleLogHandler | 📈 MarketData(source=wen_cai, symbol=NASDAQ, type=kline1m, price=21602.66, timestamp=2025-08-18 21:55:00)
2025-08-19 10:23:55 INFO     ConsoleLogHandler | 📈 MarketData(source=wen_cai, symbol=NASDAQ, type=kline1m, price=21600.5, timestamp=2025-08-18 21:56:00)
2025-08-19 10:23:55 INFO     ConsoleLogHandler | 📈 MarketData(source=wen_cai, symbol=NASDAQ, type=kline1m, price=21598.8, timestamp=2025-08-18 21:57:00)
2025-08-19 10:23:55 INFO     ConsoleLogHandler | 📈 MarketData(source=wen_cai, symbol=NASDAQ, type=kline1m, price=21585.18, timestamp=2025-08-18 21:58:00)
2025-08-19 10:23:55 INFO     ConsoleLogHandler | 📈 MarketData(source=wen_cai, symbol=NASDAQ, type=kline1m, price=21586.07, timestamp=2025-08-18 21:59:00)
2025-08-19 10:23:55 INFO     ConsoleLogHandler | 📈 MarketData(source=wen_cai, symbol=NASDAQ, type=kline1m, price=21593.41, timestamp=2025-08-18 22:00:00)
2025-08-19 10:23:55 INFO     NotifyHandler | 📤 数据已入队: NASDAQ - 21593.41, 当前队列大小: 2
2025-08-19 10:23:55 INFO     ConsoleLogHandler | 📈 MarketData(source=wen_cai, symbol=NASDAQ, type=kline1m, price=21593.95, timestamp=2025-08-18 22:01:00)
2025-08-19 10:23:55 INFO     NotifyHandler | ✅ 通知成功
2025-08-19 10:23:55 INFO     NotifyHandler | 📥 从队列中获取待处理数据: MarketData(source=wen_cai, symbol=NASDAQ, type=kline1m, price=21612.73, timestamp=2025-08-18 21:45:00)
2025-08-19 10:23:55 INFO     NotifyHandler | 📡 第 1 次尝试通知: NASDAQ
2025-08-19 10:23:55 INFO     ConsoleLogHandler | 📈 MarketData(source=wen_cai, symbol=NASDAQ, type=kline1m, price=21599.42, timestamp=2025-08-18 22:02:00)
2025-08-19 10:23:55 INFO     ConsoleLogHandler | 📈 MarketData(source=wen_cai, symbol=NASDAQ, type=kline1m, price=21614.42, timestamp=2025-08-18 22:03:00)
2025-08-19 10:23:55 INFO     ConsoleLogHandler | 📈 MarketData(source=wen_cai, symbol=NASDAQ, type=kline1m, price=21621.82, timestamp=2025-08-18 22:04:00)
2025-08-19 10:23:55 INFO     ConsoleLogHandler | 📈 MarketData(source=wen_cai, symbol=NASDAQ, type=kline1m, price=21618.09, timestamp=2025-08-18 22:05:00)
2025-08-19 10:23:55 INFO     ConsoleLogHandler | 📈 MarketData(source=wen_cai, symbol=NASDAQ, type=kline1m, price=21621.3, timestamp=2025-08-18 22:06:00)
2025-08-19 10:23:55 INFO     ConsoleLogHandler | 📈 MarketData(source=wen_cai, symbol=NASDAQ, type=kline1m, price=21623.52, timestamp=2025-08-18 22:07:00)
2025-08-19 10:23:55 INFO     ConsoleLogHandler | 📈 MarketData(source=wen_cai, symbol=NASDAQ, type=kline1m, price=21620.0, timestamp=2025-08-18 22:08:00)
2025-08-19 10:23:55 INFO     ConsoleLogHandler | 📈 MarketData(source=wen_cai, symbol=NASDAQ, type=kline1m, price=21610.83, timestamp=2025-08-18 22:09:00)
2025-08-19 10:23:55 INFO     ConsoleLogHandler | 📈 MarketData(source=wen_cai, symbol=NASDAQ, type=kline1m, price=21607.22, timestamp=2025-08-18 22:10:00)
2025-08-19 10:23:55 INFO     ConsoleLogHandler | 📈 MarketData(source=wen_cai, symbol=NASDAQ, type=kline1m, price=21609.49, timestamp=2025-08-18 22:11:00)
2025-08-19 10:23:55 INFO     ConsoleLogHandler | 📈 MarketData(source=wen_cai, symbol=NASDAQ, type=kline1m, price=21603.67, timestamp=2025-08-18 22:12:00)
2025-08-19 10:23:55 INFO     ConsoleLogHandler | 📈 MarketData(source=wen_cai, symbol=NASDAQ, type=kline1m, price=21602.9, timestamp=2025-08-18 22:13:00)
2025-08-19 10:23:55 INFO     ConsoleLogHandler | 📈 MarketData(source=wen_cai, symbol=NASDAQ, type=kline1m, price=21607.38, timestamp=2025-08-18 22:14:00)
2025-08-19 10:23:55 INFO     ConsoleLogHandler | 📈 MarketData(source=wen_cai, symbol=NASDAQ, type=kline1m, price=21602.69, timestamp=2025-08-18 22:15:00)
2025-08-19 10:23:55 INFO     NotifyHandler | 📤 数据已入队: NASDAQ - 21602.69, 当前队列大小: 2
2025-08-19 10:23:55 INFO     ConsoleLogHandler | 📈 MarketData(source=wen_cai, symbol=NASDAQ, type=kline1m, price=21605.09, timestamp=2025-08-18 22:16:00)
2025-08-19 10:23:55 INFO     ConsoleLogHandler | 📈 MarketData(source=wen_cai, symbol=NASDAQ, type=kline1m, price=21612.66, timestamp=2025-08-18 22:17:00)
2025-08-19 10:23:55 INFO     ConsoleLogHandler | 📈 MarketData(source=wen_cai, symbol=NASDAQ, type=kline1m, price=21612.79, timestamp=2025-08-18 22:18:00)
2025-08-19 10:23:55 INFO     ConsoleLogHandler | 📈 MarketData(source=wen_cai, symbol=NASDAQ, type=kline1m, price=21613.5, timestamp=2025-08-18 22:19:00)
2025-08-19 10:23:55 INFO     ConsoleLogHandler | 📈 MarketData(source=wen_cai, symbol=NASDAQ, type=kline1m, price=21607.53, timestamp=2025-08-18 22:20:00)
2025-08-19 10:23:55 INFO     ConsoleLogHandler | 📈 MarketData(source=wen_cai, symbol=NASDAQ, type=kline1m, price=21619.79, timestamp=2025-08-18 22:21:00)
2025-08-19 10:23:55 INFO     ConsoleLogHandler | 📈 MarketData(source=wen_cai, symbol=NASDAQ, type=kline1m, price=21629.71, timestamp=2025-08-18 22:22:00)
2025-08-19 10:23:55 INFO     ConsoleLogHandler | 📈 MarketData(source=wen_cai, symbol=NASDAQ, type=kline1m, price=21628.78, timestamp=2025-08-18 22:23:00)
2025-08-19 10:23:55 INFO     ConsoleLogHandler | 📈 MarketData(source=wen_cai, symbol=NASDAQ, type=kline1m, price=21641.35, timestamp=2025-08-18 22:24:00)
2025-08-19 10:23:55 INFO     ConsoleLogHandler | 📈 MarketData(source=wen_cai, symbol=NASDAQ, type=kline1m, price=21647.02, timestamp=2025-08-18 22:25:00)
2025-08-19 10:23:55 INFO     ConsoleLogHandler | 📈 MarketData(source=wen_cai, symbol=NASDAQ, type=kline1m, price=21649.55, timestamp=2025-08-18 22:26:00)
2025-08-19 10:23:55 INFO     ConsoleLogHandler | 📈 MarketData(source=wen_cai, symbol=NASDAQ, type=kline1m, price=21650.7, timestamp=2025-08-18 22:27:00)
2025-08-19 10:23:55 INFO     ConsoleLogHandler | 📈 MarketData(source=wen_cai, symbol=NASDAQ, type=kline1m, price=21636.82, timestamp=2025-08-18 22:28:00)
2025-08-19 10:23:55 INFO     ConsoleLogHandler | 📈 MarketData(source=wen_cai, symbol=NASDAQ, type=kline1m, price=21623.53, timestamp=2025-08-18 22:29:00)
2025-08-19 10:23:55 INFO     ConsoleLogHandler | 📈 MarketData(source=wen_cai, symbol=NASDAQ, type=kline1m, price=21611.63, timestamp=2025-08-18 22:30:00)
2025-08-19 10:23:55 INFO     NotifyHandler | 📤 数据已入队: NASDAQ - 21611.63, 当前队列大小: 3
2025-08-19 10:23:55 INFO     ConsoleLogHandler | 📈 MarketData(source=wen_cai, symbol=NASDAQ, type=kline1m, price=21613.41, timestamp=2025-08-18 22:31:00)
2025-08-19 10:23:55 INFO     ConsoleLogHandler | 📈 MarketData(source=wen_cai, symbol=NASDAQ, type=kline1m, price=21616.2, timestamp=2025-08-18 22:32:00)
2025-08-19 10:23:55 INFO     ConsoleLogHandler | 📈 MarketData(source=wen_cai, symbol=NASDAQ, type=kline1m, price=21614.16, timestamp=2025-08-18 22:33:00)
2025-08-19 10:23:55 INFO     ConsoleLogHandler | 📈 MarketData(source=wen_cai, symbol=NASDAQ, type=kline1m, price=21619.33, timestamp=2025-08-18 22:34:00)
2025-08-19 10:23:55 INFO     ConsoleLogHandler | 📈 MarketData(source=wen_cai, symbol=NASDAQ, type=kline1m, price=21617.6, timestamp=2025-08-18 22:35:00)
2025-08-19 10:23:55 INFO     ConsoleLogHandler | 📈 MarketData(source=wen_cai, symbol=NASDAQ, type=kline1m, price=21613.29, timestamp=2025-08-18 22:36:00)
2025-08-19 10:23:55 INFO     ConsoleLogHandler | 📈 MarketData(source=wen_cai, symbol=NASDAQ, type=kline1m, price=21614.01, timestamp=2025-08-18 22:37:00)
2025-08-19 10:23:55 INFO     ConsoleLogHandler | 📈 MarketData(source=wen_cai, symbol=NASDAQ, type=kline1m, price=21613.17, timestamp=2025-08-18 22:38:00)
2025-08-19 10:23:55 INFO     ConsoleLogHandler | 📈 MarketData(source=wen_cai, symbol=NASDAQ, type=kline1m, price=21605.65, timestamp=2025-08-18 22:39:00)
2025-08-19 10:23:55 INFO     ConsoleLogHandler | 📈 MarketData(source=wen_cai, symbol=NASDAQ, type=kline1m, price=21610.28, timestamp=2025-08-18 22:40:00)
2025-08-19 10:23:55 INFO     ConsoleLogHandler | 📈 MarketData(source=wen_cai, symbol=NASDAQ, type=kline1m, price=21609.77, timestamp=2025-08-18 22:41:00)
2025-08-19 10:23:55 INFO     ConsoleLogHandler | 📈 MarketData(source=wen_cai, symbol=NASDAQ, type=kline1m, price=21603.69, timestamp=2025-08-18 22:42:00)
2025-08-19 10:23:55 INFO     ConsoleLogHandler | 📈 MarketData(source=wen_cai, symbol=NASDAQ, type=kline1m, price=21599.63, timestamp=2025-08-18 22:43:00)
2025-08-19 10:23:55 INFO     NotifyHandler | ✅ 通知成功
2025-08-19 10:23:55 INFO     NotifyHandler | 📥 从队列中获取待处理数据: MarketData(source=wen_cai, symbol=NASDAQ, type=kline1m, price=21593.41, timestamp=2025-08-18 22:00:00)
2025-08-19 10:23:55 INFO     ConsoleLogHandler | 📈 MarketData(source=wen_cai, symbol=NASDAQ, type=kline1m, price=21598.49, timestamp=2025-08-18 22:44:00)
2025-08-19 10:23:55 INFO     NotifyHandler | 📡 第 1 次尝试通知: NASDAQ
2025-08-19 10:23:55 INFO     ConsoleLogHandler | 📈 MarketData(source=wen_cai, symbol=NASDAQ, type=kline1m, price=21585.21, timestamp=2025-08-18 22:45:00)
2025-08-19 10:23:55 INFO     NotifyHandler | 📤 数据已入队: NASDAQ - 21585.21, 当前队列大小: 3
2025-08-19 10:23:55 INFO     ConsoleLogHandler | 📈 MarketData(source=wen_cai, symbol=NASDAQ, type=kline1m, price=21570.38, timestamp=2025-08-18 22:46:00)
2025-08-19 10:23:55 INFO     ConsoleLogHandler | 📈 MarketData(source=wen_cai, symbol=NASDAQ, type=kline1m, price=21567.83, timestamp=2025-08-18 22:47:00)
2025-08-19 10:23:55 INFO     ConsoleLogHandler | 📈 MarketData(source=wen_cai, symbol=NASDAQ, type=kline1m, price=21571.16, timestamp=2025-08-18 22:48:00)
2025-08-19 10:23:55 INFO     ConsoleLogHandler | 📈 MarketData(source=wen_cai, symbol=NASDAQ, type=kline1m, price=21577.63, timestamp=2025-08-18 22:49:00)
2025-08-19 10:23:55 INFO     ConsoleLogHandler | 📈 MarketData(source=wen_cai, symbol=NASDAQ, type=kline1m, price=21584.73, timestamp=2025-08-18 22:50:00)
2025-08-19 10:23:55 INFO     ConsoleLogHandler | 📈 MarketData(source=wen_cai, symbol=NASDAQ, type=kline1m, price=21585.28, timestamp=2025-08-18 22:51:00)
2025-08-19 10:23:55 INFO     ConsoleLogHandler | 📈 MarketData(source=wen_cai, symbol=NASDAQ, type=kline1m, price=21591.69, timestamp=2025-08-18 22:52:00)
2025-08-19 10:23:55 INFO     ConsoleLogHandler | 📈 MarketData(source=wen_cai, symbol=NASDAQ, type=kline1m, price=21597.52, timestamp=2025-08-18 22:53:00)
2025-08-19 10:23:55 INFO     ConsoleLogHandler | 📈 MarketData(source=wen_cai, symbol=NASDAQ, type=kline1m, price=21600.54, timestamp=2025-08-18 22:54:00)
2025-08-19 10:23:55 INFO     ConsoleLogHandler | 📈 MarketData(source=wen_cai, symbol=NASDAQ, type=kline1m, price=21601.22, timestamp=2025-08-18 22:55:00)
2025-08-19 10:23:55 INFO     ConsoleLogHandler | 📈 MarketData(source=wen_cai, symbol=NASDAQ, type=kline1m, price=21600.67, timestamp=2025-08-18 22:56:00)
2025-08-19 10:23:55 INFO     ConsoleLogHandler | 📈 MarketData(source=wen_cai, symbol=NASDAQ, type=kline1m, price=21605.5, timestamp=2025-08-18 22:57:00)
2025-08-19 10:23:55 INFO     ConsoleLogHandler | 📈 MarketData(source=wen_cai, symbol=NASDAQ, type=kline1m, price=21599.58, timestamp=2025-08-18 22:58:00)
2025-08-19 10:23:55 INFO     ConsoleLogHandler | 📈 MarketData(source=wen_cai, symbol=NASDAQ, type=kline1m, price=21609.08, timestamp=2025-08-18 22:59:00)
2025-08-19 10:23:55 INFO     ConsoleLogHandler | 📈 MarketData(source=wen_cai, symbol=NASDAQ, type=kline1m, price=21612.38, timestamp=2025-08-18 23:00:00)
2025-08-19 10:23:55 INFO     NotifyHandler | 📤 数据已入队: NASDAQ - 21612.38, 当前队列大小: 4
2025-08-19 10:23:55 INFO     ConsoleLogHandler | 📈 MarketData(source=wen_cai, symbol=NASDAQ, type=kline1m, price=21611.56, timestamp=2025-08-18 23:01:00)
2025-08-19 10:23:55 INFO     ConsoleLogHandler | 📈 MarketData(source=wen_cai, symbol=NASDAQ, type=kline1m, price=21611.22, timestamp=2025-08-18 23:02:00)
2025-08-19 10:23:55 INFO     ConsoleLogHandler | 📈 MarketData(source=wen_cai, symbol=NASDAQ, type=kline1m, price=21606.83, timestamp=2025-08-18 23:03:00)
2025-08-19 10:23:55 INFO     ConsoleLogHandler | 📈 MarketData(source=wen_cai, symbol=NASDAQ, type=kline1m, price=21607.86, timestamp=2025-08-18 23:04:00)
2025-08-19 10:23:55 INFO     ConsoleLogHandler | 📈 MarketData(source=wen_cai, symbol=NASDAQ, type=kline1m, price=21604.47, timestamp=2025-08-18 23:05:00)
2025-08-19 10:23:55 INFO     ConsoleLogHandler | 📈 MarketData(source=wen_cai, symbol=NASDAQ, type=kline1m, price=21605.69, timestamp=2025-08-18 23:06:00)
2025-08-19 10:23:55 INFO     ConsoleLogHandler | 📈 MarketData(source=wen_cai, symbol=NASDAQ, type=kline1m, price=21602.22, timestamp=2025-08-18 23:07:00)
2025-08-19 10:23:55 INFO     ConsoleLogHandler | 📈 MarketData(source=wen_cai, symbol=NASDAQ, type=kline1m, price=21607.73, timestamp=2025-08-18 23:08:00)
2025-08-19 10:23:55 INFO     ConsoleLogHandler | 📈 MarketData(source=wen_cai, symbol=NASDAQ, type=kline1m, price=21612.94, timestamp=2025-08-18 23:09:00)
2025-08-19 10:23:55 INFO     ConsoleLogHandler | 📈 MarketData(source=wen_cai, symbol=NASDAQ, type=kline1m, price=21605.33, timestamp=2025-08-18 23:10:00)
2025-08-19 10:23:55 INFO     ConsoleLogHandler | 📈 MarketData(source=wen_cai, symbol=NASDAQ, type=kline1m, price=21608.32, timestamp=2025-08-18 23:11:00)
2025-08-19 10:23:55 INFO     ConsoleLogHandler | 📈 MarketData(source=wen_cai, symbol=NASDAQ, type=kline1m, price=21598.03, timestamp=2025-08-18 23:12:00)
2025-08-19 10:23:55 INFO     ConsoleLogHandler | 📈 MarketData(source=wen_cai, symbol=NASDAQ, type=kline1m, price=21594.04, timestamp=2025-08-18 23:13:00)
2025-08-19 10:23:55 INFO     ConsoleLogHandler | 📈 MarketData(source=wen_cai, symbol=NASDAQ, type=kline1m, price=21597.25, timestamp=2025-08-18 23:14:00)
2025-08-19 10:23:55 INFO     ConsoleLogHandler | 📈 MarketData(source=wen_cai, symbol=NASDAQ, type=kline1m, price=21595.03, timestamp=2025-08-18 23:15:00)
2025-08-19 10:23:55 INFO     NotifyHandler | 📤 数据已入队: NASDAQ - 21595.03, 当前队列大小: 5
2025-08-19 10:23:55 INFO     ConsoleLogHandler | 📈 MarketData(source=wen_cai, symbol=NASDAQ, type=kline1m, price=21591.16, timestamp=2025-08-18 23:16:00)
2025-08-19 10:23:55 INFO     ConsoleLogHandler | 📈 MarketData(source=wen_cai, symbol=NASDAQ, type=kline1m, price=21585.73, timestamp=2025-08-18 23:17:00)
2025-08-19 10:23:55 INFO     ConsoleLogHandler | 📈 MarketData(source=wen_cai, symbol=NASDAQ, type=kline1m, price=21587.0, timestamp=2025-08-18 23:18:00)
2025-08-19 10:23:55 INFO     NotifyHandler | ✅ 通知成功
2025-08-19 10:23:55 INFO     ConsoleLogHandler | 📈 MarketData(source=wen_cai, symbol=NASDAQ, type=kline1m, price=21587.94, timestamp=2025-08-18 23:19:00)
2025-08-19 10:23:55 INFO     NotifyHandler | 📥 从队列中获取待处理数据: MarketData(source=wen_cai, symbol=NASDAQ, type=kline1m, price=21602.69, timestamp=2025-08-18 22:15:00)
2025-08-19 10:23:55 INFO     NotifyHandler | 📡 第 1 次尝试通知: NASDAQ
2025-08-19 10:23:55 INFO     ConsoleLogHandler | 📈 MarketData(source=wen_cai, symbol=NASDAQ, type=kline1m, price=21593.2, timestamp=2025-08-18 23:20:00)
2025-08-19 10:23:55 INFO     ConsoleLogHandler | 📈 MarketData(source=wen_cai, symbol=NASDAQ, type=kline1m, price=21594.98, timestamp=2025-08-18 23:21:00)
2025-08-19 10:23:55 INFO     ConsoleLogHandler | 📈 MarketData(source=wen_cai, symbol=NASDAQ, type=kline1m, price=21602.15, timestamp=2025-08-18 23:22:00)
2025-08-19 10:23:55 INFO     ConsoleLogHandler | 📈 MarketData(source=wen_cai, symbol=NASDAQ, type=kline1m, price=21599.49, timestamp=2025-08-18 23:23:00)
2025-08-19 10:23:55 INFO     ConsoleLogHandler | 📈 MarketData(source=wen_cai, symbol=NASDAQ, type=kline1m, price=21597.02, timestamp=2025-08-18 23:24:00)
2025-08-19 10:23:55 INFO     ConsoleLogHandler | 📈 MarketData(source=wen_cai, symbol=NASDAQ, type=kline1m, price=21590.57, timestamp=2025-08-18 23:25:00)
2025-08-19 10:23:55 INFO     ConsoleLogHandler | 📈 MarketData(source=wen_cai, symbol=NASDAQ, type=kline1m, price=21585.73, timestamp=2025-08-18 23:26:00)
2025-08-19 10:23:55 INFO     ConsoleLogHandler | 📈 MarketData(source=wen_cai, symbol=NASDAQ, type=kline1m, price=21585.64, timestamp=2025-08-18 23:27:00)
2025-08-19 10:23:55 INFO     ConsoleLogHandler | 📈 MarketData(source=wen_cai, symbol=NASDAQ, type=kline1m, price=21588.1, timestamp=2025-08-18 23:28:00)
2025-08-19 10:23:55 INFO     ConsoleLogHandler | 📈 MarketData(source=wen_cai, symbol=NASDAQ, type=kline1m, price=21577.25, timestamp=2025-08-18 23:29:00)
2025-08-19 10:23:55 INFO     ConsoleLogHandler | 📈 MarketData(source=wen_cai, symbol=NASDAQ, type=kline1m, price=21580.68, timestamp=2025-08-18 23:30:00)
2025-08-19 10:23:55 INFO     NotifyHandler | 📤 数据已入队: NASDAQ - 21580.68, 当前队列大小: 5
2025-08-19 10:23:55 INFO     ConsoleLogHandler | 📈 MarketData(source=wen_cai, symbol=NASDAQ, type=kline1m, price=21575.76, timestamp=2025-08-18 23:31:00)
2025-08-19 10:23:55 INFO     ConsoleLogHandler | 📈 MarketData(source=wen_cai, symbol=NASDAQ, type=kline1m, price=21578.28, timestamp=2025-08-18 23:32:00)
2025-08-19 10:23:55 INFO     ConsoleLogHandler | 📈 MarketData(source=wen_cai, symbol=NASDAQ, type=kline1m, price=21574.25, timestamp=2025-08-18 23:33:00)
2025-08-19 10:23:55 INFO     ConsoleLogHandler | 📈 MarketData(source=wen_cai, symbol=NASDAQ, type=kline1m, price=21572.34, timestamp=2025-08-18 23:34:00)
2025-08-19 10:23:55 INFO     ConsoleLogHandler | 📈 MarketData(source=wen_cai, symbol=NASDAQ, type=kline1m, price=21574.15, timestamp=2025-08-18 23:35:00)
2025-08-19 10:23:55 INFO     ConsoleLogHandler | 📈 MarketData(source=wen_cai, symbol=NASDAQ, type=kline1m, price=21571.27, timestamp=2025-08-18 23:36:00)
2025-08-19 10:23:55 INFO     ConsoleLogHandler | 📈 MarketData(source=wen_cai, symbol=NASDAQ, type=kline1m, price=21575.06, timestamp=2025-08-18 23:37:00)
2025-08-19 10:23:55 INFO     ConsoleLogHandler | 📈 MarketData(source=wen_cai, symbol=NASDAQ, type=kline1m, price=21584.0, timestamp=2025-08-18 23:38:00)
2025-08-19 10:23:55 INFO     ConsoleLogHandler | 📈 MarketData(source=wen_cai, symbol=NASDAQ, type=kline1m, price=21584.0, timestamp=2025-08-18 23:39:00)
2025-08-19 10:23:55 INFO     ConsoleLogHandler | 📈 MarketData(source=wen_cai, symbol=NASDAQ, type=kline1m, price=21587.62, timestamp=2025-08-18 23:40:00)
2025-08-19 10:23:55 INFO     ConsoleLogHandler | 📈 MarketData(source=wen_cai, symbol=NASDAQ, type=kline1m, price=21584.88, timestamp=2025-08-18 23:41:00)
2025-08-19 10:23:55 INFO     ConsoleLogHandler | 📈 MarketData(source=wen_cai, symbol=NASDAQ, type=kline1m, price=21580.72, timestamp=2025-08-18 23:42:00)
2025-08-19 10:23:55 INFO     ConsoleLogHandler | 📈 MarketData(source=wen_cai, symbol=NASDAQ, type=kline1m, price=21582.89, timestamp=2025-08-18 23:43:00)
2025-08-19 10:23:55 INFO     ConsoleLogHandler | 📈 MarketData(source=wen_cai, symbol=NASDAQ, type=kline1m, price=21583.53, timestamp=2025-08-18 23:44:00)
2025-08-19 10:23:55 INFO     ConsoleLogHandler | 📈 MarketData(source=wen_cai, symbol=NASDAQ, type=kline1m, price=21589.98, timestamp=2025-08-18 23:45:00)
2025-08-19 10:23:55 INFO     NotifyHandler | 📤 数据已入队: NASDAQ - 21589.98, 当前队列大小: 6
2025-08-19 10:23:55 INFO     ConsoleLogHandler | 📈 MarketData(source=wen_cai, symbol=NASDAQ, type=kline1m, price=21586.76, timestamp=2025-08-18 23:46:00)
2025-08-19 10:23:55 INFO     ConsoleLogHandler | 📈 MarketData(source=wen_cai, symbol=NASDAQ, type=kline1m, price=21591.04, timestamp=2025-08-18 23:47:00)
2025-08-19 10:23:55 INFO     ConsoleLogHandler | 📈 MarketData(source=wen_cai, symbol=NASDAQ, type=kline1m, price=21591.78, timestamp=2025-08-18 23:48:00)
2025-08-19 10:23:55 INFO     ConsoleLogHandler | 📈 MarketData(source=wen_cai, symbol=NASDAQ, type=kline1m, price=21592.01, timestamp=2025-08-18 23:49:00)
2025-08-19 10:23:55 INFO     ConsoleLogHandler | 📈 MarketData(source=wen_cai, symbol=NASDAQ, type=kline1m, price=21593.05, timestamp=2025-08-18 23:50:00)
2025-08-19 10:23:55 INFO     ConsoleLogHandler | 📈 MarketData(source=wen_cai, symbol=NASDAQ, type=kline1m, price=21588.84, timestamp=2025-08-18 23:51:00)
2025-08-19 10:23:55 INFO     ConsoleLogHandler | 📈 MarketData(source=wen_cai, symbol=NASDAQ, type=kline1m, price=21587.55, timestamp=2025-08-18 23:52:00)
2025-08-19 10:23:55 INFO     ConsoleLogHandler | 📈 MarketData(source=wen_cai, symbol=NASDAQ, type=kline1m, price=21587.49, timestamp=2025-08-18 23:53:00)
2025-08-19 10:23:55 INFO     ConsoleLogHandler | 📈 MarketData(source=wen_cai, symbol=NASDAQ, type=kline1m, price=21587.9, timestamp=2025-08-18 23:54:00)
2025-08-19 10:23:55 INFO     ConsoleLogHandler | 📈 MarketData(source=wen_cai, symbol=NASDAQ, type=kline1m, price=21583.82, timestamp=2025-08-18 23:55:00)
2025-08-19 10:23:55 INFO     ConsoleLogHandler | 📈 MarketData(source=wen_cai, symbol=NASDAQ, type=kline1m, price=21582.22, timestamp=2025-08-18 23:56:00)
2025-08-19 10:23:55 INFO     ConsoleLogHandler | 📈 MarketData(source=wen_cai, symbol=NASDAQ, type=kline1m, price=21585.72, timestamp=2025-08-18 23:57:00)
2025-08-19 10:23:55 INFO     ConsoleLogHandler | 📈 MarketData(source=wen_cai, symbol=NASDAQ, type=kline1m, price=21585.26, timestamp=2025-08-18 23:58:00)
2025-08-19 10:23:55 INFO     NotifyHandler | ✅ 通知成功
2025-08-19 10:23:55 INFO     NotifyHandler | 📥 从队列中获取待处理数据: MarketData(source=wen_cai, symbol=NASDAQ, type=kline1m, price=21611.63, timestamp=2025-08-18 22:30:00)
2025-08-19 10:23:55 INFO     ConsoleLogHandler | 📈 MarketData(source=wen_cai, symbol=NASDAQ, type=kline1m, price=21586.93, timestamp=2025-08-18 23:59:00)
2025-08-19 10:23:55 INFO     NotifyHandler | 📡 第 1 次尝试通知: NASDAQ
2025-08-19 10:23:55 INFO     ConsoleLogHandler | 📈 MarketData(source=wen_cai, symbol=NASDAQ, type=kline1m, price=21587.53, timestamp=2025-08-19 00:00:00)
2025-08-19 10:23:55 INFO     NotifyHandler | 📤 数据已入队: NASDAQ - 21587.53, 当前队列大小: 6
2025-08-19 10:23:55 INFO     ConsoleLogHandler | 📈 MarketData(source=wen_cai, symbol=NASDAQ, type=kline1m, price=21590.79, timestamp=2025-08-19 00:01:00)
2025-08-19 10:23:55 INFO     ConsoleLogHandler | 📈 MarketData(source=wen_cai, symbol=NASDAQ, type=kline1m, price=21595.23, timestamp=2025-08-19 00:02:00)
2025-08-19 10:23:55 INFO     ConsoleLogHandler | 📈 MarketData(source=wen_cai, symbol=NASDAQ, type=kline1m, price=21593.87, timestamp=2025-08-19 00:03:00)
2025-08-19 10:23:55 INFO     ConsoleLogHandler | 📈 MarketData(source=wen_cai, symbol=NASDAQ, type=kline1m, price=21595.25, timestamp=2025-08-19 00:04:00)
2025-08-19 10:23:55 INFO     ConsoleLogHandler | 📈 MarketData(source=wen_cai, symbol=NASDAQ, type=kline1m, price=21593.63, timestamp=2025-08-19 00:05:00)
2025-08-19 10:23:55 INFO     ConsoleLogHandler | 📈 MarketData(source=wen_cai, symbol=NASDAQ, type=kline1m, price=21593.6, timestamp=2025-08-19 00:06:00)
2025-08-19 10:23:55 INFO     ConsoleLogHandler | 📈 MarketData(source=wen_cai, symbol=NASDAQ, type=kline1m, price=21589.26, timestamp=2025-08-19 00:07:00)
2025-08-19 10:23:55 INFO     ConsoleLogHandler | 📈 MarketData(source=wen_cai, symbol=NASDAQ, type=kline1m, price=21590.89, timestamp=2025-08-19 00:08:00)
2025-08-19 10:23:55 INFO     ConsoleLogHandler | 📈 MarketData(source=wen_cai, symbol=NASDAQ, type=kline1m, price=21597.0, timestamp=2025-08-19 00:09:00)
2025-08-19 10:23:55 INFO     ConsoleLogHandler | 📈 MarketData(source=wen_cai, symbol=NASDAQ, type=kline1m, price=21596.23, timestamp=2025-08-19 00:10:00)
2025-08-19 10:23:55 INFO     ConsoleLogHandler | 📈 MarketData(source=wen_cai, symbol=NASDAQ, type=kline1m, price=21599.4, timestamp=2025-08-19 00:11:00)
2025-08-19 10:23:55 INFO     ConsoleLogHandler | 📈 MarketData(source=wen_cai, symbol=NASDAQ, type=kline1m, price=21602.23, timestamp=2025-08-19 00:12:00)
2025-08-19 10:23:55 INFO     ConsoleLogHandler | 📈 MarketData(source=wen_cai, symbol=NASDAQ, type=kline1m, price=21593.02, timestamp=2025-08-19 00:13:00)
2025-08-19 10:23:55 INFO     ConsoleLogHandler | 📈 MarketData(source=wen_cai, symbol=NASDAQ, type=kline1m, price=21591.85, timestamp=2025-08-19 00:14:00)
2025-08-19 10:23:55 INFO     ConsoleLogHandler | 📈 MarketData(source=wen_cai, symbol=NASDAQ, type=kline1m, price=21590.53, timestamp=2025-08-19 00:15:00)
2025-08-19 10:23:55 INFO     NotifyHandler | 📤 数据已入队: NASDAQ - 21590.53, 当前队列大小: 7
2025-08-19 10:23:55 INFO     ConsoleLogHandler | 📈 MarketData(source=wen_cai, symbol=NASDAQ, type=kline1m, price=21591.92, timestamp=2025-08-19 00:16:00)
2025-08-19 10:23:55 INFO     ConsoleLogHandler | 📈 MarketData(source=wen_cai, symbol=NASDAQ, type=kline1m, price=21593.56, timestamp=2025-08-19 00:17:00)
2025-08-19 10:23:55 INFO     ConsoleLogHandler | 📈 MarketData(source=wen_cai, symbol=NASDAQ, type=kline1m, price=21593.76, timestamp=2025-08-19 00:18:00)
2025-08-19 10:23:55 INFO     ConsoleLogHandler | 📈 MarketData(source=wen_cai, symbol=NASDAQ, type=kline1m, price=21599.46, timestamp=2025-08-19 00:19:00)
2025-08-19 10:23:55 INFO     ConsoleLogHandler | 📈 MarketData(source=wen_cai, symbol=NASDAQ, type=kline1m, price=21600.86, timestamp=2025-08-19 00:20:00)
2025-08-19 10:23:55 INFO     ConsoleLogHandler | 📈 MarketData(source=wen_cai, symbol=NASDAQ, type=kline1m, price=21608.67, timestamp=2025-08-19 00:21:00)
2025-08-19 10:23:55 INFO     ConsoleLogHandler | 📈 MarketData(source=wen_cai, symbol=NASDAQ, type=kline1m, price=21609.08, timestamp=2025-08-19 00:22:00)
2025-08-19 10:23:55 INFO     ConsoleLogHandler | 📈 MarketData(source=wen_cai, symbol=NASDAQ, type=kline1m, price=21606.09, timestamp=2025-08-19 00:23:00)
2025-08-19 10:23:55 INFO     ConsoleLogHandler | 📈 MarketData(source=wen_cai, symbol=NASDAQ, type=kline1m, price=21606.39, timestamp=2025-08-19 00:24:00)
2025-08-19 10:23:55 INFO     ConsoleLogHandler | 📈 MarketData(source=wen_cai, symbol=NASDAQ, type=kline1m, price=21601.78, timestamp=2025-08-19 00:25:00)
2025-08-19 10:23:55 INFO     ConsoleLogHandler | 📈 MarketData(source=wen_cai, symbol=NASDAQ, type=kline1m, price=21604.33, timestamp=2025-08-19 00:26:00)
2025-08-19 10:23:55 INFO     ConsoleLogHandler | 📈 MarketData(source=wen_cai, symbol=NASDAQ, type=kline1m, price=21601.15, timestamp=2025-08-19 00:27:00)
2025-08-19 10:23:55 INFO     ConsoleLogHandler | 📈 MarketData(source=wen_cai, symbol=NASDAQ, type=kline1m, price=21604.49, timestamp=2025-08-19 00:28:00)
2025-08-19 10:23:55 INFO     ConsoleLogHandler | 📈 MarketData(source=wen_cai, symbol=NASDAQ, type=kline1m, price=21602.43, timestamp=2025-08-19 00:29:00)
2025-08-19 10:23:55 INFO     ConsoleLogHandler | 📈 MarketData(source=wen_cai, symbol=NASDAQ, type=kline1m, price=21605.59, timestamp=2025-08-19 00:30:00)
2025-08-19 10:23:55 INFO     NotifyHandler | 📤 数据已入队: NASDAQ - 21605.59, 当前队列大小: 8
2025-08-19 10:23:55 INFO     ConsoleLogHandler | 📈 MarketData(source=wen_cai, symbol=NASDAQ, type=kline1m, price=21607.73, timestamp=2025-08-19 00:31:00)
2025-08-19 10:23:55 INFO     ConsoleLogHandler | 📈 MarketData(source=wen_cai, symbol=NASDAQ, type=kline1m, price=21608.34, timestamp=2025-08-19 00:32:00)
2025-08-19 10:23:55 INFO     ConsoleLogHandler | 📈 MarketData(source=wen_cai, symbol=NASDAQ, type=kline1m, price=21604.99, timestamp=2025-08-19 00:33:00)
2025-08-19 10:23:55 INFO     ConsoleLogHandler | 📈 MarketData(source=wen_cai, symbol=NASDAQ, type=kline1m, price=21603.56, timestamp=2025-08-19 00:34:00)
2025-08-19 10:23:55 INFO     ConsoleLogHandler | 📈 MarketData(source=wen_cai, symbol=NASDAQ, type=kline1m, price=21594.61, timestamp=2025-08-19 00:35:00)
2025-08-19 10:23:55 INFO     ConsoleLogHandler | 📈 MarketData(source=wen_cai, symbol=NASDAQ, type=kline1m, price=21587.85, timestamp=2025-08-19 00:36:00)
2025-08-19 10:23:55 INFO     ConsoleLogHandler | 📈 MarketData(source=wen_cai, symbol=NASDAQ, type=kline1m, price=21577.19, timestamp=2025-08-19 00:37:00)
2025-08-19 10:23:55 INFO     ConsoleLogHandler | 📈 MarketData(source=wen_cai, symbol=NASDAQ, type=kline1m, price=21578.63, timestamp=2025-08-19 00:38:00)
2025-08-19 10:23:55 INFO     ConsoleLogHandler | 📈 MarketData(source=wen_cai, symbol=NASDAQ, type=kline1m, price=21574.91, timestamp=2025-08-19 00:39:00)
2025-08-19 10:23:55 INFO     ConsoleLogHandler | 📈 MarketData(source=wen_cai, symbol=NASDAQ, type=kline1m, price=21573.69, timestamp=2025-08-19 00:40:00)
2025-08-19 10:23:55 INFO     ConsoleLogHandler | 📈 MarketData(source=wen_cai, symbol=NASDAQ, type=kline1m, price=21580.15, timestamp=2025-08-19 00:41:00)
2025-08-19 10:23:55 INFO     ConsoleLogHandler | 📈 MarketData(source=wen_cai, symbol=NASDAQ, type=kline1m, price=21578.73, timestamp=2025-08-19 00:42:00)
2025-08-19 10:23:55 INFO     NotifyHandler | ✅ 通知成功
2025-08-19 10:23:55 INFO     ConsoleLogHandler | 📈 MarketData(source=wen_cai, symbol=NASDAQ, type=kline1m, price=21576.54, timestamp=2025-08-19 00:43:00)
2025-08-19 10:23:55 INFO     NotifyHandler | 📥 从队列中获取待处理数据: MarketData(source=wen_cai, symbol=NASDAQ, type=kline1m, price=21585.21, timestamp=2025-08-18 22:45:00)
2025-08-19 10:23:55 INFO     ConsoleLogHandler | 📈 MarketData(source=wen_cai, symbol=NASDAQ, type=kline1m, price=21576.12, timestamp=2025-08-19 00:44:00)
2025-08-19 10:23:55 INFO     NotifyHandler | 📡 第 1 次尝试通知: NASDAQ
2025-08-19 10:23:55 INFO     ConsoleLogHandler | 📈 MarketData(source=wen_cai, symbol=NASDAQ, type=kline1m, price=21575.82, timestamp=2025-08-19 00:45:00)
2025-08-19 10:23:55 INFO     NotifyHandler | 📤 数据已入队: NASDAQ - 21575.82, 当前队列大小: 8
2025-08-19 10:23:55 INFO     ConsoleLogHandler | 📈 MarketData(source=wen_cai, symbol=NASDAQ, type=kline1m, price=21574.65, timestamp=2025-08-19 00:46:00)
2025-08-19 10:23:55 INFO     ConsoleLogHandler | 📈 MarketData(source=wen_cai, symbol=NASDAQ, type=kline1m, price=21569.17, timestamp=2025-08-19 00:47:00)
2025-08-19 10:23:55 INFO     ConsoleLogHandler | 📈 MarketData(source=wen_cai, symbol=NASDAQ, type=kline1m, price=21560.2, timestamp=2025-08-19 00:48:00)
2025-08-19 10:23:55 INFO     ConsoleLogHandler | 📈 MarketData(source=wen_cai, symbol=NASDAQ, type=kline1m, price=21566.39, timestamp=2025-08-19 00:49:00)
2025-08-19 10:23:55 INFO     ConsoleLogHandler | 📈 MarketData(source=wen_cai, symbol=NASDAQ, type=kline1m, price=21568.52, timestamp=2025-08-19 00:50:00)
2025-08-19 10:23:55 INFO     ConsoleLogHandler | 📈 MarketData(source=wen_cai, symbol=NASDAQ, type=kline1m, price=21576.88, timestamp=2025-08-19 00:51:00)
2025-08-19 10:23:55 INFO     ConsoleLogHandler | 📈 MarketData(source=wen_cai, symbol=NASDAQ, type=kline1m, price=21577.27, timestamp=2025-08-19 00:52:00)
2025-08-19 10:23:55 INFO     ConsoleLogHandler | 📈 MarketData(source=wen_cai, symbol=NASDAQ, type=kline1m, price=21571.07, timestamp=2025-08-19 00:53:00)
2025-08-19 10:23:55 INFO     ConsoleLogHandler | 📈 MarketData(source=wen_cai, symbol=NASDAQ, type=kline1m, price=21571.9, timestamp=2025-08-19 00:54:00)
2025-08-19 10:23:55 INFO     ConsoleLogHandler | 📈 MarketData(source=wen_cai, symbol=NASDAQ, type=kline1m, price=21573.9, timestamp=2025-08-19 00:55:00)
2025-08-19 10:23:55 INFO     ConsoleLogHandler | 📈 MarketData(source=wen_cai, symbol=NASDAQ, type=kline1m, price=21571.23, timestamp=2025-08-19 00:56:00)
2025-08-19 10:23:55 INFO     ConsoleLogHandler | 📈 MarketData(source=wen_cai, symbol=NASDAQ, type=kline1m, price=21567.51, timestamp=2025-08-19 00:57:00)
2025-08-19 10:23:55 INFO     ConsoleLogHandler | 📈 MarketData(source=wen_cai, symbol=NASDAQ, type=kline1m, price=21569.96, timestamp=2025-08-19 00:58:00)
2025-08-19 10:23:55 INFO     ConsoleLogHandler | 📈 MarketData(source=wen_cai, symbol=NASDAQ, type=kline1m, price=21568.72, timestamp=2025-08-19 00:59:00)
2025-08-19 10:23:55 INFO     NotifyHandler | ✅ 通知成功
2025-08-19 10:23:55 INFO     NotifyHandler | 📥 从队列中获取待处理数据: MarketData(source=wen_cai, symbol=NASDAQ, type=kline1m, price=21612.38, timestamp=2025-08-18 23:00:00)
2025-08-19 10:23:55 INFO     NotifyHandler | 📡 第 1 次尝试通知: NASDAQ
2025-08-19 10:23:55 INFO     ConsoleLogHandler | 📈 MarketData(source=wen_cai, symbol=NASDAQ, type=kline1m, price=21573.41, timestamp=2025-08-19 01:00:00)
2025-08-19 10:23:55 INFO     NotifyHandler | 📤 数据已入队: NASDAQ - 21573.41, 当前队列大小: 8
2025-08-19 10:23:55 INFO     ConsoleLogHandler | 📈 MarketData(source=wen_cai, symbol=NASDAQ, type=kline1m, price=21579.89, timestamp=2025-08-19 01:01:00)
2025-08-19 10:23:55 INFO     ConsoleLogHandler | 📈 MarketData(source=wen_cai, symbol=NASDAQ, type=kline1m, price=21579.25, timestamp=2025-08-19 01:02:00)
2025-08-19 10:23:55 INFO     ConsoleLogHandler | 📈 MarketData(source=wen_cai, symbol=NASDAQ, type=kline1m, price=21581.57, timestamp=2025-08-19 01:03:00)
2025-08-19 10:23:55 INFO     ConsoleLogHandler | 📈 MarketData(source=wen_cai, symbol=NASDAQ, type=kline1m, price=21586.45, timestamp=2025-08-19 01:04:00)
2025-08-19 10:23:55 INFO     ConsoleLogHandler | 📈 MarketData(source=wen_cai, symbol=NASDAQ, type=kline1m, price=21583.01, timestamp=2025-08-19 01:05:00)
2025-08-19 10:23:55 INFO     ConsoleLogHandler | 📈 MarketData(source=wen_cai, symbol=NASDAQ, type=kline1m, price=21583.45, timestamp=2025-08-19 01:06:00)
2025-08-19 10:23:55 INFO     ConsoleLogHandler | 📈 MarketData(source=wen_cai, symbol=NASDAQ, type=kline1m, price=21585.92, timestamp=2025-08-19 01:07:00)
2025-08-19 10:23:55 INFO     ConsoleLogHandler | 📈 MarketData(source=wen_cai, symbol=NASDAQ, type=kline1m, price=21582.91, timestamp=2025-08-19 01:08:00)
2025-08-19 10:23:55 INFO     ConsoleLogHandler | 📈 MarketData(source=wen_cai, symbol=NASDAQ, type=kline1m, price=21584.09, timestamp=2025-08-19 01:09:00)
2025-08-19 10:23:55 INFO     ConsoleLogHandler | 📈 MarketData(source=wen_cai, symbol=NASDAQ, type=kline1m, price=21582.65, timestamp=2025-08-19 01:10:00)
2025-08-19 10:23:55 INFO     ConsoleLogHandler | 📈 MarketData(source=wen_cai, symbol=NASDAQ, type=kline1m, price=21587.11, timestamp=2025-08-19 01:11:00)
2025-08-19 10:23:55 INFO     ConsoleLogHandler | 📈 MarketData(source=wen_cai, symbol=NASDAQ, type=kline1m, price=21589.98, timestamp=2025-08-19 01:12:00)
2025-08-19 10:23:55 INFO     ConsoleLogHandler | 📈 MarketData(source=wen_cai, symbol=NASDAQ, type=kline1m, price=21593.02, timestamp=2025-08-19 01:13:00)
2025-08-19 10:23:55 INFO     ConsoleLogHandler | 📈 MarketData(source=wen_cai, symbol=NASDAQ, type=kline1m, price=21595.27, timestamp=2025-08-19 01:14:00)
2025-08-19 10:23:55 INFO     ConsoleLogHandler | 📈 MarketData(source=wen_cai, symbol=NASDAQ, type=kline1m, price=21593.14, timestamp=2025-08-19 01:15:00)
2025-08-19 10:23:55 INFO     NotifyHandler | 📤 数据已入队: NASDAQ - 21593.14, 当前队列大小: 9
2025-08-19 10:23:55 INFO     ConsoleLogHandler | 📈 MarketData(source=wen_cai, symbol=NASDAQ, type=kline1m, price=21595.47, timestamp=2025-08-19 01:16:00)
2025-08-19 10:23:55 INFO     ConsoleLogHandler | 📈 MarketData(source=wen_cai, symbol=NASDAQ, type=kline1m, price=21598.22, timestamp=2025-08-19 01:17:00)
2025-08-19 10:23:55 INFO     ConsoleLogHandler | 📈 MarketData(source=wen_cai, symbol=NASDAQ, type=kline1m, price=21599.12, timestamp=2025-08-19 01:18:00)
2025-08-19 10:23:55 INFO     ConsoleLogHandler | 📈 MarketData(source=wen_cai, symbol=NASDAQ, type=kline1m, price=21600.07, timestamp=2025-08-19 01:19:00)
2025-08-19 10:23:55 INFO     ConsoleLogHandler | 📈 MarketData(source=wen_cai, symbol=NASDAQ, type=kline1m, price=21596.68, timestamp=2025-08-19 01:20:00)
2025-08-19 10:23:55 INFO     ConsoleLogHandler | 📈 MarketData(source=wen_cai, symbol=NASDAQ, type=kline1m, price=21597.43, timestamp=2025-08-19 01:21:00)
2025-08-19 10:23:55 INFO     ConsoleLogHandler | 📈 MarketData(source=wen_cai, symbol=NASDAQ, type=kline1m, price=21595.0, timestamp=2025-08-19 01:22:00)
2025-08-19 10:23:55 INFO     ConsoleLogHandler | 📈 MarketData(source=wen_cai, symbol=NASDAQ, type=kline1m, price=21593.01, timestamp=2025-08-19 01:23:00)
2025-08-19 10:23:55 INFO     ConsoleLogHandler | 📈 MarketData(source=wen_cai, symbol=NASDAQ, type=kline1m, price=21592.17, timestamp=2025-08-19 01:24:00)
2025-08-19 10:23:55 INFO     ConsoleLogHandler | 📈 MarketData(source=wen_cai, symbol=NASDAQ, type=kline1m, price=21597.47, timestamp=2025-08-19 01:25:00)
2025-08-19 10:23:55 INFO     ConsoleLogHandler | 📈 MarketData(source=wen_cai, symbol=NASDAQ, type=kline1m, price=21597.7, timestamp=2025-08-19 01:26:00)
2025-08-19 10:23:55 INFO     ConsoleLogHandler | 📈 MarketData(source=wen_cai, symbol=NASDAQ, type=kline1m, price=21600.78, timestamp=2025-08-19 01:27:00)
2025-08-19 10:23:55 INFO     ConsoleLogHandler | 📈 MarketData(source=wen_cai, symbol=NASDAQ, type=kline1m, price=21604.0, timestamp=2025-08-19 01:28:00)
2025-08-19 10:23:55 INFO     ConsoleLogHandler | 📈 MarketData(source=wen_cai, symbol=NASDAQ, type=kline1m, price=21603.1, timestamp=2025-08-19 01:29:00)
2025-08-19 10:23:55 INFO     ConsoleLogHandler | 📈 MarketData(source=wen_cai, symbol=NASDAQ, type=kline1m, price=21613.18, timestamp=2025-08-19 01:30:00)
2025-08-19 10:23:55 INFO     NotifyHandler | 📤 数据已入队: NASDAQ - 21613.18, 当前队列大小: 10
2025-08-19 10:23:55 INFO     ConsoleLogHandler | 📈 MarketData(source=wen_cai, symbol=NASDAQ, type=kline1m, price=21626.26, timestamp=2025-08-19 01:31:00)
2025-08-19 10:23:55 INFO     ConsoleLogHandler | 📈 MarketData(source=wen_cai, symbol=NASDAQ, type=kline1m, price=21627.14, timestamp=2025-08-19 01:32:00)
2025-08-19 10:23:55 INFO     ConsoleLogHandler | 📈 MarketData(source=wen_cai, symbol=NASDAQ, type=kline1m, price=21622.53, timestamp=2025-08-19 01:33:00)
2025-08-19 10:23:55 INFO     ConsoleLogHandler | 📈 MarketData(source=wen_cai, symbol=NASDAQ, type=kline1m, price=21620.03, timestamp=2025-08-19 01:34:00)
2025-08-19 10:23:55 INFO     NotifyHandler | ✅ 通知成功
2025-08-19 10:23:55 INFO     NotifyHandler | 📥 从队列中获取待处理数据: MarketData(source=wen_cai, symbol=NASDAQ, type=kline1m, price=21595.03, timestamp=2025-08-18 23:15:00)
2025-08-19 10:23:55 INFO     NotifyHandler | 📡 第 1 次尝试通知: NASDAQ
2025-08-19 10:23:55 INFO     ConsoleLogHandler | 📈 MarketData(source=wen_cai, symbol=NASDAQ, type=kline1m, price=21613.71, timestamp=2025-08-19 01:35:00)
2025-08-19 10:23:55 INFO     ConsoleLogHandler | 📈 MarketData(source=wen_cai, symbol=NASDAQ, type=kline1m, price=21609.58, timestamp=2025-08-19 01:36:00)
2025-08-19 10:23:55 INFO     ConsoleLogHandler | 📈 MarketData(source=wen_cai, symbol=NASDAQ, type=kline1m, price=21605.43, timestamp=2025-08-19 01:37:00)
2025-08-19 10:23:55 INFO     ConsoleLogHandler | 📈 MarketData(source=wen_cai, symbol=NASDAQ, type=kline1m, price=21602.21, timestamp=2025-08-19 01:38:00)
2025-08-19 10:23:55 INFO     ConsoleLogHandler | 📈 MarketData(source=wen_cai, symbol=NASDAQ, type=kline1m, price=21599.59, timestamp=2025-08-19 01:39:00)
2025-08-19 10:23:55 INFO     ConsoleLogHandler | 📈 MarketData(source=wen_cai, symbol=NASDAQ, type=kline1m, price=21596.33, timestamp=2025-08-19 01:40:00)
2025-08-19 10:23:55 INFO     ConsoleLogHandler | 📈 MarketData(source=wen_cai, symbol=NASDAQ, type=kline1m, price=21593.24, timestamp=2025-08-19 01:41:00)
2025-08-19 10:23:55 INFO     ConsoleLogHandler | 📈 MarketData(source=wen_cai, symbol=NASDAQ, type=kline1m, price=21590.19, timestamp=2025-08-19 01:42:00)
2025-08-19 10:23:55 INFO     ConsoleLogHandler | 📈 MarketData(source=wen_cai, symbol=NASDAQ, type=kline1m, price=21587.73, timestamp=2025-08-19 01:43:00)
2025-08-19 10:23:55 INFO     ConsoleLogHandler | 📈 MarketData(source=wen_cai, symbol=NASDAQ, type=kline1m, price=21591.11, timestamp=2025-08-19 01:44:00)
2025-08-19 10:23:55 INFO     ConsoleLogHandler | 📈 MarketData(source=wen_cai, symbol=NASDAQ, type=kline1m, price=21590.63, timestamp=2025-08-19 01:45:00)
2025-08-19 10:23:55 INFO     NotifyHandler | 📤 数据已入队: NASDAQ - 21590.63, 当前队列大小: 10
2025-08-19 10:23:55 INFO     ConsoleLogHandler | 📈 MarketData(source=wen_cai, symbol=NASDAQ, type=kline1m, price=21592.74, timestamp=2025-08-19 01:46:00)
2025-08-19 10:23:55 INFO     ConsoleLogHandler | 📈 MarketData(source=wen_cai, symbol=NASDAQ, type=kline1m, price=21590.19, timestamp=2025-08-19 01:47:00)
2025-08-19 10:23:55 INFO     ConsoleLogHandler | 📈 MarketData(source=wen_cai, symbol=NASDAQ, type=kline1m, price=21592.2, timestamp=2025-08-19 01:48:00)
2025-08-19 10:23:55 INFO     ConsoleLogHandler | 📈 MarketData(source=wen_cai, symbol=NASDAQ, type=kline1m, price=21590.04, timestamp=2025-08-19 01:49:00)
2025-08-19 10:23:55 INFO     ConsoleLogHandler | 📈 MarketData(source=wen_cai, symbol=NASDAQ, type=kline1m, price=21590.13, timestamp=2025-08-19 01:50:00)
2025-08-19 10:23:55 INFO     ConsoleLogHandler | 📈 MarketData(source=wen_cai, symbol=NASDAQ, type=kline1m, price=21591.61, timestamp=2025-08-19 01:51:00)
2025-08-19 10:23:55 INFO     ConsoleLogHandler | 📈 MarketData(source=wen_cai, symbol=NASDAQ, type=kline1m, price=21593.26, timestamp=2025-08-19 01:52:00)
2025-08-19 10:23:55 INFO     ConsoleLogHandler | 📈 MarketData(source=wen_cai, symbol=NASDAQ, type=kline1m, price=21592.56, timestamp=2025-08-19 01:53:00)
2025-08-19 10:23:55 INFO     ConsoleLogHandler | 📈 MarketData(source=wen_cai, symbol=NASDAQ, type=kline1m, price=21594.66, timestamp=2025-08-19 01:54:00)
2025-08-19 10:23:55 INFO     ConsoleLogHandler | 📈 MarketData(source=wen_cai, symbol=NASDAQ, type=kline1m, price=21594.63, timestamp=2025-08-19 01:55:00)
2025-08-19 10:23:55 INFO     ConsoleLogHandler | 📈 MarketData(source=wen_cai, symbol=NASDAQ, type=kline1m, price=21591.38, timestamp=2025-08-19 01:56:00)
2025-08-19 10:23:55 INFO     ConsoleLogHandler | 📈 MarketData(source=wen_cai, symbol=NASDAQ, type=kline1m, price=21597.62, timestamp=2025-08-19 01:57:00)
2025-08-19 10:23:55 INFO     ConsoleLogHandler | 📈 MarketData(source=wen_cai, symbol=NASDAQ, type=kline1m, price=21595.12, timestamp=2025-08-19 01:58:00)
2025-08-19 10:23:55 INFO     ConsoleLogHandler | 📈 MarketData(source=wen_cai, symbol=NASDAQ, type=kline1m, price=21594.48, timestamp=2025-08-19 01:59:00)
2025-08-19 10:23:55 INFO     ConsoleLogHandler | 📈 MarketData(source=wen_cai, symbol=NASDAQ, type=kline1m, price=21590.0, timestamp=2025-08-19 02:00:00)
2025-08-19 10:23:55 INFO     NotifyHandler | 📤 数据已入队: NASDAQ - 21590.0, 当前队列大小: 11
2025-08-19 10:23:55 INFO     ConsoleLogHandler | 📈 MarketData(source=wen_cai, symbol=NASDAQ, type=kline1m, price=21589.98, timestamp=2025-08-19 02:01:00)
2025-08-19 10:23:55 INFO     ConsoleLogHandler | 📈 MarketData(source=wen_cai, symbol=NASDAQ, type=kline1m, price=21591.0, timestamp=2025-08-19 02:02:00)
2025-08-19 10:23:55 INFO     ConsoleLogHandler | 📈 MarketData(source=wen_cai, symbol=NASDAQ, type=kline1m, price=21592.75, timestamp=2025-08-19 02:03:00)
2025-08-19 10:23:55 INFO     ConsoleLogHandler | 📈 MarketData(source=wen_cai, symbol=NASDAQ, type=kline1m, price=21594.5, timestamp=2025-08-19 02:04:00)
2025-08-19 10:23:55 INFO     ConsoleLogHandler | 📈 MarketData(source=wen_cai, symbol=NASDAQ, type=kline1m, price=21595.17, timestamp=2025-08-19 02:05:00)
2025-08-19 10:23:55 INFO     ConsoleLogHandler | 📈 MarketData(source=wen_cai, symbol=NASDAQ, type=kline1m, price=21598.63, timestamp=2025-08-19 02:06:00)
2025-08-19 10:23:55 INFO     ConsoleLogHandler | 📈 MarketData(source=wen_cai, symbol=NASDAQ, type=kline1m, price=21600.98, timestamp=2025-08-19 02:07:00)
2025-08-19 10:23:55 INFO     ConsoleLogHandler | 📈 MarketData(source=wen_cai, symbol=NASDAQ, type=kline1m, price=21602.56, timestamp=2025-08-19 02:08:00)
2025-08-19 10:23:55 INFO     NotifyHandler | ✅ 通知成功
2025-08-19 10:23:55 INFO     ConsoleLogHandler | 📈 MarketData(source=wen_cai, symbol=NASDAQ, type=kline1m, price=21602.66, timestamp=2025-08-19 02:09:00)
2025-08-19 10:23:55 INFO     NotifyHandler | 📥 从队列中获取待处理数据: MarketData(source=wen_cai, symbol=NASDAQ, type=kline1m, price=21580.68, timestamp=2025-08-18 23:30:00)
2025-08-19 10:23:55 INFO     NotifyHandler | 📡 第 1 次尝试通知: NASDAQ
2025-08-19 10:23:55 INFO     ConsoleLogHandler | 📈 MarketData(source=wen_cai, symbol=NASDAQ, type=kline1m, price=21606.42, timestamp=2025-08-19 02:10:00)
2025-08-19 10:23:55 INFO     ConsoleLogHandler | 📈 MarketData(source=wen_cai, symbol=NASDAQ, type=kline1m, price=21608.42, timestamp=2025-08-19 02:11:00)
2025-08-19 10:23:55 INFO     ConsoleLogHandler | 📈 MarketData(source=wen_cai, symbol=NASDAQ, type=kline1m, price=21606.25, timestamp=2025-08-19 02:12:00)
2025-08-19 10:23:55 INFO     ConsoleLogHandler | 📈 MarketData(source=wen_cai, symbol=NASDAQ, type=kline1m, price=21603.29, timestamp=2025-08-19 02:13:00)
2025-08-19 10:23:55 INFO     ConsoleLogHandler | 📈 MarketData(source=wen_cai, symbol=NASDAQ, type=kline1m, price=21598.48, timestamp=2025-08-19 02:14:00)
2025-08-19 10:23:55 INFO     ConsoleLogHandler | 📈 MarketData(source=wen_cai, symbol=NASDAQ, type=kline1m, price=21599.63, timestamp=2025-08-19 02:15:00)
2025-08-19 10:23:55 INFO     NotifyHandler | 📤 数据已入队: NASDAQ - 21599.63, 当前队列大小: 11
2025-08-19 10:23:55 INFO     ConsoleLogHandler | 📈 MarketData(source=wen_cai, symbol=NASDAQ, type=kline1m, price=21599.76, timestamp=2025-08-19 02:16:00)
2025-08-19 10:23:55 INFO     ConsoleLogHandler | 📈 MarketData(source=wen_cai, symbol=NASDAQ, type=kline1m, price=21598.25, timestamp=2025-08-19 02:17:00)
2025-08-19 10:23:55 INFO     ConsoleLogHandler | 📈 MarketData(source=wen_cai, symbol=NASDAQ, type=kline1m, price=21593.36, timestamp=2025-08-19 02:18:00)
2025-08-19 10:23:55 INFO     ConsoleLogHandler | 📈 MarketData(source=wen_cai, symbol=NASDAQ, type=kline1m, price=21598.81, timestamp=2025-08-19 02:19:00)
2025-08-19 10:23:55 INFO     ConsoleLogHandler | 📈 MarketData(source=wen_cai, symbol=NASDAQ, type=kline1m, price=21597.0, timestamp=2025-08-19 02:20:00)
2025-08-19 10:23:55 INFO     ConsoleLogHandler | 📈 MarketData(source=wen_cai, symbol=NASDAQ, type=kline1m, price=21595.95, timestamp=2025-08-19 02:21:00)
2025-08-19 10:23:55 INFO     ConsoleLogHandler | 📈 MarketData(source=wen_cai, symbol=NASDAQ, type=kline1m, price=21601.78, timestamp=2025-08-19 02:22:00)
2025-08-19 10:23:55 INFO     ConsoleLogHandler | 📈 MarketData(source=wen_cai, symbol=NASDAQ, type=kline1m, price=21603.61, timestamp=2025-08-19 02:23:00)
2025-08-19 10:23:55 INFO     ConsoleLogHandler | 📈 MarketData(source=wen_cai, symbol=NASDAQ, type=kline1m, price=21604.16, timestamp=2025-08-19 02:24:00)
2025-08-19 10:23:55 INFO     ConsoleLogHandler | 📈 MarketData(source=wen_cai, symbol=NASDAQ, type=kline1m, price=21610.13, timestamp=2025-08-19 02:25:00)
2025-08-19 10:23:55 INFO     ConsoleLogHandler | 📈 MarketData(source=wen_cai, symbol=NASDAQ, type=kline1m, price=21610.1, timestamp=2025-08-19 02:26:00)
2025-08-19 10:23:55 INFO     ConsoleLogHandler | 📈 MarketData(source=wen_cai, symbol=NASDAQ, type=kline1m, price=21608.64, timestamp=2025-08-19 02:27:00)
2025-08-19 10:23:55 INFO     ConsoleLogHandler | 📈 MarketData(source=wen_cai, symbol=NASDAQ, type=kline1m, price=21602.77, timestamp=2025-08-19 02:28:00)
2025-08-19 10:23:55 INFO     ConsoleLogHandler | 📈 MarketData(source=wen_cai, symbol=NASDAQ, type=kline1m, price=21605.6, timestamp=2025-08-19 02:29:00)
2025-08-19 10:23:55 INFO     ConsoleLogHandler | 📈 MarketData(source=wen_cai, symbol=NASDAQ, type=kline1m, price=21605.75, timestamp=2025-08-19 02:30:00)
2025-08-19 10:23:55 INFO     NotifyHandler | 📤 数据已入队: NASDAQ - 21605.75, 当前队列大小: 12
2025-08-19 10:23:55 INFO     ConsoleLogHandler | 📈 MarketData(source=wen_cai, symbol=NASDAQ, type=kline1m, price=21606.63, timestamp=2025-08-19 02:31:00)
2025-08-19 10:23:55 INFO     ConsoleLogHandler | 📈 MarketData(source=wen_cai, symbol=NASDAQ, type=kline1m, price=21614.84, timestamp=2025-08-19 02:32:00)
2025-08-19 10:23:55 INFO     ConsoleLogHandler | 📈 MarketData(source=wen_cai, symbol=NASDAQ, type=kline1m, price=21613.11, timestamp=2025-08-19 02:33:00)
2025-08-19 10:23:55 INFO     ConsoleLogHandler | 📈 MarketData(source=wen_cai, symbol=NASDAQ, type=kline1m, price=21612.32, timestamp=2025-08-19 02:34:00)
2025-08-19 10:23:55 INFO     ConsoleLogHandler | 📈 MarketData(source=wen_cai, symbol=NASDAQ, type=kline1m, price=21611.77, timestamp=2025-08-19 02:35:00)
2025-08-19 10:23:55 INFO     ConsoleLogHandler | 📈 MarketData(source=wen_cai, symbol=NASDAQ, type=kline1m, price=21612.07, timestamp=2025-08-19 02:36:00)
2025-08-19 10:23:55 INFO     ConsoleLogHandler | 📈 MarketData(source=wen_cai, symbol=NASDAQ, type=kline1m, price=21612.9, timestamp=2025-08-19 02:37:00)
2025-08-19 10:23:55 INFO     ConsoleLogHandler | 📈 MarketData(source=wen_cai, symbol=NASDAQ, type=kline1m, price=21612.68, timestamp=2025-08-19 02:38:00)
2025-08-19 10:23:55 INFO     ConsoleLogHandler | 📈 MarketData(source=wen_cai, symbol=NASDAQ, type=kline1m, price=21608.86, timestamp=2025-08-19 02:39:00)
2025-08-19 10:23:55 INFO     ConsoleLogHandler | 📈 MarketData(source=wen_cai, symbol=NASDAQ, type=kline1m, price=21609.55, timestamp=2025-08-19 02:40:00)
2025-08-19 10:23:55 INFO     ConsoleLogHandler | 📈 MarketData(source=wen_cai, symbol=NASDAQ, type=kline1m, price=21605.12, timestamp=2025-08-19 02:41:00)
2025-08-19 10:23:55 INFO     ConsoleLogHandler | 📈 MarketData(source=wen_cai, symbol=NASDAQ, type=kline1m, price=21606.52, timestamp=2025-08-19 02:42:00)
2025-08-19 10:23:55 INFO     ConsoleLogHandler | 📈 MarketData(source=wen_cai, symbol=NASDAQ, type=kline1m, price=21609.75, timestamp=2025-08-19 02:43:00)
2025-08-19 10:23:55 INFO     ConsoleLogHandler | 📈 MarketData(source=wen_cai, symbol=NASDAQ, type=kline1m, price=21614.98, timestamp=2025-08-19 02:44:00)
2025-08-19 10:23:55 INFO     ConsoleLogHandler | 📈 MarketData(source=wen_cai, symbol=NASDAQ, type=kline1m, price=21616.39, timestamp=2025-08-19 02:45:00)
2025-08-19 10:23:55 INFO     NotifyHandler | 📤 数据已入队: NASDAQ - 21616.39, 当前队列大小: 13
2025-08-19 10:23:55 INFO     ConsoleLogHandler | 📈 MarketData(source=wen_cai, symbol=NASDAQ, type=kline1m, price=21613.49, timestamp=2025-08-19 02:46:00)
2025-08-19 10:23:55 INFO     NotifyHandler | ✅ 通知成功
2025-08-19 10:23:55 INFO     NotifyHandler | 📥 从队列中获取待处理数据: MarketData(source=wen_cai, symbol=NASDAQ, type=kline1m, price=21589.98, timestamp=2025-08-18 23:45:00)
2025-08-19 10:23:55 INFO     NotifyHandler | 📡 第 1 次尝试通知: NASDAQ
2025-08-19 10:23:55 INFO     ConsoleLogHandler | 📈 MarketData(source=wen_cai, symbol=NASDAQ, type=kline1m, price=21618.78, timestamp=2025-08-19 02:47:00)
2025-08-19 10:23:55 INFO     ConsoleLogHandler | 📈 MarketData(source=wen_cai, symbol=NASDAQ, type=kline1m, price=21616.04, timestamp=2025-08-19 02:48:00)
2025-08-19 10:23:55 INFO     ConsoleLogHandler | 📈 MarketData(source=wen_cai, symbol=NASDAQ, type=kline1m, price=21616.16, timestamp=2025-08-19 02:49:00)
2025-08-19 10:23:55 INFO     ConsoleLogHandler | 📈 MarketData(source=wen_cai, symbol=NASDAQ, type=kline1m, price=21622.57, timestamp=2025-08-19 02:50:00)
2025-08-19 10:23:55 INFO     ConsoleLogHandler | 📈 MarketData(source=wen_cai, symbol=NASDAQ, type=kline1m, price=21622.13, timestamp=2025-08-19 02:51:00)
2025-08-19 10:23:55 INFO     ConsoleLogHandler | 📈 MarketData(source=wen_cai, symbol=NASDAQ, type=kline1m, price=21627.01, timestamp=2025-08-19 02:52:00)
2025-08-19 10:23:55 INFO     ConsoleLogHandler | 📈 MarketData(source=wen_cai, symbol=NASDAQ, type=kline1m, price=21628.95, timestamp=2025-08-19 02:53:00)
2025-08-19 10:23:55 INFO     ConsoleLogHandler | 📈 MarketData(source=wen_cai, symbol=NASDAQ, type=kline1m, price=21627.75, timestamp=2025-08-19 02:54:00)
2025-08-19 10:23:55 INFO     ConsoleLogHandler | 📈 MarketData(source=wen_cai, symbol=NASDAQ, type=kline1m, price=21628.29, timestamp=2025-08-19 02:55:00)
2025-08-19 10:23:55 INFO     ConsoleLogHandler | 📈 MarketData(source=wen_cai, symbol=NASDAQ, type=kline1m, price=21631.16, timestamp=2025-08-19 02:56:00)
2025-08-19 10:23:55 INFO     ConsoleLogHandler | 📈 MarketData(source=wen_cai, symbol=NASDAQ, type=kline1m, price=21633.83, timestamp=2025-08-19 02:57:00)
2025-08-19 10:23:55 INFO     ConsoleLogHandler | 📈 MarketData(source=wen_cai, symbol=NASDAQ, type=kline1m, price=21631.33, timestamp=2025-08-19 02:58:00)
2025-08-19 10:23:55 INFO     ConsoleLogHandler | 📈 MarketData(source=wen_cai, symbol=NASDAQ, type=kline1m, price=21627.65, timestamp=2025-08-19 02:59:00)
2025-08-19 10:23:55 INFO     ConsoleLogHandler | 📈 MarketData(source=wen_cai, symbol=NASDAQ, type=kline1m, price=21628.31, timestamp=2025-08-19 03:00:00)
2025-08-19 10:23:55 INFO     NotifyHandler | 📤 数据已入队: NASDAQ - 21628.31, 当前队列大小: 13
2025-08-19 10:23:55 INFO     ConsoleLogHandler | 📈 MarketData(source=wen_cai, symbol=NASDAQ, type=kline1m, price=21630.33, timestamp=2025-08-19 03:01:00)
2025-08-19 10:23:55 INFO     ConsoleLogHandler | 📈 MarketData(source=wen_cai, symbol=NASDAQ, type=kline1m, price=21630.84, timestamp=2025-08-19 03:02:00)
2025-08-19 10:23:55 INFO     ConsoleLogHandler | 📈 MarketData(source=wen_cai, symbol=NASDAQ, type=kline1m, price=21634.88, timestamp=2025-08-19 03:03:00)
2025-08-19 10:23:55 INFO     ConsoleLogHandler | 📈 MarketData(source=wen_cai, symbol=NASDAQ, type=kline1m, price=21639.04, timestamp=2025-08-19 03:04:00)
2025-08-19 10:23:55 INFO     ConsoleLogHandler | 📈 MarketData(source=wen_cai, symbol=NASDAQ, type=kline1m, price=21639.38, timestamp=2025-08-19 03:05:00)
2025-08-19 10:23:55 INFO     ConsoleLogHandler | 📈 MarketData(source=wen_cai, symbol=NASDAQ, type=kline1m, price=21635.21, timestamp=2025-08-19 03:06:00)
2025-08-19 10:23:55 INFO     ConsoleLogHandler | 📈 MarketData(source=wen_cai, symbol=NASDAQ, type=kline1m, price=21637.78, timestamp=2025-08-19 03:07:00)
2025-08-19 10:23:55 INFO     ConsoleLogHandler | 📈 MarketData(source=wen_cai, symbol=NASDAQ, type=kline1m, price=21642.93, timestamp=2025-08-19 03:08:00)
2025-08-19 10:23:55 INFO     ConsoleLogHandler | 📈 MarketData(source=wen_cai, symbol=NASDAQ, type=kline1m, price=21637.44, timestamp=2025-08-19 03:09:00)
2025-08-19 10:23:55 INFO     ConsoleLogHandler | 📈 MarketData(source=wen_cai, symbol=NASDAQ, type=kline1m, price=21638.26, timestamp=2025-08-19 03:10:00)
2025-08-19 10:23:55 INFO     ConsoleLogHandler | 📈 MarketData(source=wen_cai, symbol=NASDAQ, type=kline1m, price=21633.28, timestamp=2025-08-19 03:11:00)
2025-08-19 10:23:55 INFO     ConsoleLogHandler | 📈 MarketData(source=wen_cai, symbol=NASDAQ, type=kline1m, price=21629.45, timestamp=2025-08-19 03:12:00)
2025-08-19 10:23:55 INFO     ConsoleLogHandler | 📈 MarketData(source=wen_cai, symbol=NASDAQ, type=kline1m, price=21627.92, timestamp=2025-08-19 03:13:00)
2025-08-19 10:23:55 INFO     ConsoleLogHandler | 📈 MarketData(source=wen_cai, symbol=NASDAQ, type=kline1m, price=21623.8, timestamp=2025-08-19 03:14:00)
2025-08-19 10:23:55 INFO     ConsoleLogHandler | 📈 MarketData(source=wen_cai, symbol=NASDAQ, type=kline1m, price=21623.08, timestamp=2025-08-19 03:15:00)
2025-08-19 10:23:55 INFO     NotifyHandler | 📤 数据已入队: NASDAQ - 21623.08, 当前队列大小: 14
2025-08-19 10:23:55 INFO     ConsoleLogHandler | 📈 MarketData(source=wen_cai, symbol=NASDAQ, type=kline1m, price=21633.08, timestamp=2025-08-19 03:16:00)
2025-08-19 10:23:55 INFO     ConsoleLogHandler | 📈 MarketData(source=wen_cai, symbol=NASDAQ, type=kline1m, price=21627.97, timestamp=2025-08-19 03:17:00)
2025-08-19 10:23:55 INFO     ConsoleLogHandler | 📈 MarketData(source=wen_cai, symbol=NASDAQ, type=kline1m, price=21626.52, timestamp=2025-08-19 03:18:00)
2025-08-19 10:23:55 INFO     ConsoleLogHandler | 📈 MarketData(source=wen_cai, symbol=NASDAQ, type=kline1m, price=21628.87, timestamp=2025-08-19 03:19:00)
2025-08-19 10:23:55 INFO     ConsoleLogHandler | 📈 MarketData(source=wen_cai, symbol=NASDAQ, type=kline1m, price=21630.83, timestamp=2025-08-19 03:20:00)
2025-08-19 10:23:55 INFO     ConsoleLogHandler | 📈 MarketData(source=wen_cai, symbol=NASDAQ, type=kline1m, price=21624.51, timestamp=2025-08-19 03:21:00)
2025-08-19 10:23:55 INFO     ConsoleLogHandler | 📈 MarketData(source=wen_cai, symbol=NASDAQ, type=kline1m, price=21626.99, timestamp=2025-08-19 03:22:00)
2025-08-19 10:23:55 INFO     ConsoleLogHandler | 📈 MarketData(source=wen_cai, symbol=NASDAQ, type=kline1m, price=21626.99, timestamp=2025-08-19 03:23:00)
2025-08-19 10:23:55 INFO     ConsoleLogHandler | 📈 MarketData(source=wen_cai, symbol=NASDAQ, type=kline1m, price=21625.02, timestamp=2025-08-19 03:24:00)
2025-08-19 10:23:55 INFO     ConsoleLogHandler | 📈 MarketData(source=wen_cai, symbol=NASDAQ, type=kline1m, price=21623.1, timestamp=2025-08-19 03:25:00)
2025-08-19 10:23:55 INFO     ConsoleLogHandler | 📈 MarketData(source=wen_cai, symbol=NASDAQ, type=kline1m, price=21619.66, timestamp=2025-08-19 03:26:00)
2025-08-19 10:23:55 INFO     ConsoleLogHandler | 📈 MarketData(source=wen_cai, symbol=NASDAQ, type=kline1m, price=21623.82, timestamp=2025-08-19 03:27:00)
2025-08-19 10:23:55 INFO     ConsoleLogHandler | 📈 MarketData(source=wen_cai, symbol=NASDAQ, type=kline1m, price=21622.57, timestamp=2025-08-19 03:28:00)
2025-08-19 10:23:55 INFO     ConsoleLogHandler | 📈 MarketData(source=wen_cai, symbol=NASDAQ, type=kline1m, price=21622.68, timestamp=2025-08-19 03:29:00)
2025-08-19 10:23:55 INFO     ConsoleLogHandler | 📈 MarketData(source=wen_cai, symbol=NASDAQ, type=kline1m, price=21619.58, timestamp=2025-08-19 03:30:00)
2025-08-19 10:23:55 INFO     NotifyHandler | 📤 数据已入队: NASDAQ - 21619.58, 当前队列大小: 15
2025-08-19 10:23:55 INFO     ConsoleLogHandler | 📈 MarketData(source=wen_cai, symbol=NASDAQ, type=kline1m, price=21620.46, timestamp=2025-08-19 03:31:00)
2025-08-19 10:23:55 INFO     ConsoleLogHandler | 📈 MarketData(source=wen_cai, symbol=NASDAQ, type=kline1m, price=21617.94, timestamp=2025-08-19 03:32:00)
2025-08-19 10:23:55 INFO     ConsoleLogHandler | 📈 MarketData(source=wen_cai, symbol=NASDAQ, type=kline1m, price=21617.75, timestamp=2025-08-19 03:33:00)
2025-08-19 10:23:55 INFO     ConsoleLogHandler | 📈 MarketData(source=wen_cai, symbol=NASDAQ, type=kline1m, price=21619.83, timestamp=2025-08-19 03:34:00)
2025-08-19 10:23:55 INFO     ConsoleLogHandler | 📈 MarketData(source=wen_cai, symbol=NASDAQ, type=kline1m, price=21622.72, timestamp=2025-08-19 03:35:00)
2025-08-19 10:23:55 INFO     ConsoleLogHandler | 📈 MarketData(source=wen_cai, symbol=NASDAQ, type=kline1m, price=21626.28, timestamp=2025-08-19 03:36:00)
2025-08-19 10:23:55 INFO     ConsoleLogHandler | 📈 MarketData(source=wen_cai, symbol=NASDAQ, type=kline1m, price=21630.4, timestamp=2025-08-19 03:37:00)
2025-08-19 10:23:55 INFO     ConsoleLogHandler | 📈 MarketData(source=wen_cai, symbol=NASDAQ, type=kline1m, price=21626.72, timestamp=2025-08-19 03:38:00)
2025-08-19 10:23:55 INFO     ConsoleLogHandler | 📈 MarketData(source=wen_cai, symbol=NASDAQ, type=kline1m, price=21624.02, timestamp=2025-08-19 03:39:00)
2025-08-19 10:23:55 INFO     ConsoleLogHandler | 📈 MarketData(source=wen_cai, symbol=NASDAQ, type=kline1m, price=21624.71, timestamp=2025-08-19 03:40:00)
2025-08-19 10:23:55 INFO     ConsoleLogHandler | 📈 MarketData(source=wen_cai, symbol=NASDAQ, type=kline1m, price=21623.71, timestamp=2025-08-19 03:41:00)
2025-08-19 10:23:55 INFO     ConsoleLogHandler | 📈 MarketData(source=wen_cai, symbol=NASDAQ, type=kline1m, price=21621.57, timestamp=2025-08-19 03:42:00)
2025-08-19 10:23:55 INFO     ConsoleLogHandler | 📈 MarketData(source=wen_cai, symbol=NASDAQ, type=kline1m, price=21623.47, timestamp=2025-08-19 03:43:00)
2025-08-19 10:23:55 INFO     ConsoleLogHandler | 📈 MarketData(source=wen_cai, symbol=NASDAQ, type=kline1m, price=21627.83, timestamp=2025-08-19 03:44:00)
2025-08-19 10:23:55 INFO     ConsoleLogHandler | 📈 MarketData(source=wen_cai, symbol=NASDAQ, type=kline1m, price=21632.04, timestamp=2025-08-19 03:45:00)
2025-08-19 10:23:55 INFO     NotifyHandler | 📤 数据已入队: NASDAQ - 21632.04, 当前队列大小: 16
2025-08-19 10:23:55 INFO     ConsoleLogHandler | 📈 MarketData(source=wen_cai, symbol=NASDAQ, type=kline1m, price=21637.49, timestamp=2025-08-19 03:46:00)
2025-08-19 10:23:55 INFO     ConsoleLogHandler | 📈 MarketData(source=wen_cai, symbol=NASDAQ, type=kline1m, price=21637.64, timestamp=2025-08-19 03:47:00)
2025-08-19 10:23:55 INFO     ConsoleLogHandler | 📈 MarketData(source=wen_cai, symbol=NASDAQ, type=kline1m, price=21636.08, timestamp=2025-08-19 03:48:00)
2025-08-19 10:23:55 INFO     ConsoleLogHandler | 📈 MarketData(source=wen_cai, symbol=NASDAQ, type=kline1m, price=21634.17, timestamp=2025-08-19 03:49:00)
2025-08-19 10:23:55 INFO     ConsoleLogHandler | 📈 MarketData(source=wen_cai, symbol=NASDAQ, type=kline1m, price=21635.72, timestamp=2025-08-19 03:50:00)
2025-08-19 10:23:55 INFO     ConsoleLogHandler | 📈 MarketData(source=wen_cai, symbol=NASDAQ, type=kline1m, price=21626.8, timestamp=2025-08-19 03:51:00)
2025-08-19 10:23:55 INFO     ConsoleLogHandler | 📈 MarketData(source=wen_cai, symbol=NASDAQ, type=kline1m, price=21627.81, timestamp=2025-08-19 03:52:00)
2025-08-19 10:23:55 INFO     ConsoleLogHandler | 📈 MarketData(source=wen_cai, symbol=NASDAQ, type=kline1m, price=21625.58, timestamp=2025-08-19 03:53:00)
2025-08-19 10:23:55 INFO     ConsoleLogHandler | 📈 MarketData(source=wen_cai, symbol=NASDAQ, type=kline1m, price=21629.33, timestamp=2025-08-19 03:54:00)
2025-08-19 10:23:55 INFO     ConsoleLogHandler | 📈 MarketData(source=wen_cai, symbol=NASDAQ, type=kline1m, price=21638.1, timestamp=2025-08-19 03:55:00)
2025-08-19 10:23:55 INFO     ConsoleLogHandler | 📈 MarketData(source=wen_cai, symbol=NASDAQ, type=kline1m, price=21637.36, timestamp=2025-08-19 03:56:00)
2025-08-19 10:23:55 INFO     ConsoleLogHandler | 📈 MarketData(source=wen_cai, symbol=NASDAQ, type=kline1m, price=21641.71, timestamp=2025-08-19 03:57:00)
2025-08-19 10:23:55 INFO     ConsoleLogHandler | 📈 MarketData(source=wen_cai, symbol=NASDAQ, type=kline1m, price=21640.06, timestamp=2025-08-19 03:58:00)
2025-08-19 10:23:55 INFO     ConsoleLogHandler | 📈 MarketData(source=wen_cai, symbol=NASDAQ, type=kline1m, price=21630.16, timestamp=2025-08-19 03:59:00)
2025-08-19 10:23:55 INFO     ConsoleLogHandler | 📈 MarketData(source=wen_cai, symbol=NASDAQ, type=kline1m, price=21629.77, timestamp=2025-08-19 04:00:00)
2025-08-19 10:23:55 INFO     NotifyHandler | 📤 数据已入队: NASDAQ - 21629.77, 当前队列大小: 17
2025-08-19 10:23:55 INFO     wen_cai_source | 📊 更新了 NASDAQ 的 391 条新K线数据
2025-08-19 10:23:55 INFO     wen_cai_source | 📝 首次记录增量数据时间: 2025-08-19 10:21:00
2025-08-19 10:23:56 INFO     NotifyHandler | ✅ 通知成功
2025-08-19 10:23:56 INFO     NotifyHandler | 📥 从队列中获取待处理数据: MarketData(source=wen_cai, symbol=NASDAQ, type=kline1m, price=21587.53, timestamp=2025-08-19 00:00:00)
2025-08-19 10:23:56 INFO     NotifyHandler | 📡 第 1 次尝试通知: NASDAQ
2025-08-19 10:23:56 INFO     NotifyHandler | ✅ 通知成功
2025-08-19 10:23:56 INFO     NotifyHandler | 📥 从队列中获取待处理数据: MarketData(source=wen_cai, symbol=NASDAQ, type=kline1m, price=21590.53, timestamp=2025-08-19 00:15:00)
2025-08-19 10:23:56 INFO     NotifyHandler | 📡 第 1 次尝试通知: NASDAQ
2025-08-19 10:23:56 INFO     NotifyHandler | ✅ 通知成功
2025-08-19 10:23:56 INFO     NotifyHandler | 📥 从队列中获取待处理数据: MarketData(source=wen_cai, symbol=NASDAQ, type=kline1m, price=21605.59, timestamp=2025-08-19 00:30:00)
2025-08-19 10:23:56 INFO     NotifyHandler | 📡 第 1 次尝试通知: NASDAQ
2025-08-19 10:23:56 INFO     NotifyHandler | ✅ 通知成功
2025-08-19 10:23:56 INFO     NotifyHandler | 📥 从队列中获取待处理数据: MarketData(source=wen_cai, symbol=NASDAQ, type=kline1m, price=21575.82, timestamp=2025-08-19 00:45:00)
2025-08-19 10:23:56 INFO     NotifyHandler | 📡 第 1 次尝试通知: NASDAQ
2025-08-19 10:23:56 INFO     NotifyHandler | ✅ 通知成功
2025-08-19 10:23:56 INFO     NotifyHandler | 📥 从队列中获取待处理数据: MarketData(source=wen_cai, symbol=NASDAQ, type=kline1m, price=21573.41, timestamp=2025-08-19 01:00:00)
2025-08-19 10:23:56 INFO     NotifyHandler | 📡 第 1 次尝试通知: NASDAQ
2025-08-19 10:23:56 INFO     NotifyHandler | ✅ 通知成功
2025-08-19 10:23:56 INFO     NotifyHandler | 📥 从队列中获取待处理数据: MarketData(source=wen_cai, symbol=NASDAQ, type=kline1m, price=21593.14, timestamp=2025-08-19 01:15:00)
2025-08-19 10:23:56 INFO     NotifyHandler | 📡 第 1 次尝试通知: NASDAQ
2025-08-19 10:23:56 INFO     NotifyHandler | ✅ 通知成功
2025-08-19 10:23:56 INFO     NotifyHandler | 📥 从队列中获取待处理数据: MarketData(source=wen_cai, symbol=NASDAQ, type=kline1m, price=21613.18, timestamp=2025-08-19 01:30:00)
2025-08-19 10:23:56 INFO     NotifyHandler | 📡 第 1 次尝试通知: NASDAQ
2025-08-19 10:23:56 INFO     NotifyHandler | ✅ 通知成功
2025-08-19 10:23:56 INFO     NotifyHandler | 📥 从队列中获取待处理数据: MarketData(source=wen_cai, symbol=NASDAQ, type=kline1m, price=21590.63, timestamp=2025-08-19 01:45:00)
2025-08-19 10:23:56 INFO     NotifyHandler | 📡 第 1 次尝试通知: NASDAQ
2025-08-19 10:23:56 INFO     NotifyHandler | ✅ 通知成功
2025-08-19 10:23:56 INFO     NotifyHandler | 📥 从队列中获取待处理数据: MarketData(source=wen_cai, symbol=NASDAQ, type=kline1m, price=21590.0, timestamp=2025-08-19 02:00:00)
2025-08-19 10:23:56 INFO     NotifyHandler | 📡 第 1 次尝试通知: NASDAQ
2025-08-19 10:23:56 INFO     NotifyHandler | ✅ 通知成功
2025-08-19 10:23:56 INFO     NotifyHandler | 📥 从队列中获取待处理数据: MarketData(source=wen_cai, symbol=NASDAQ, type=kline1m, price=21599.63, timestamp=2025-08-19 02:15:00)
2025-08-19 10:23:56 INFO     NotifyHandler | 📡 第 1 次尝试通知: NASDAQ
2025-08-19 10:23:56 INFO     NotifyHandler | ✅ 通知成功
2025-08-19 10:23:56 INFO     NotifyHandler | 📥 从队列中获取待处理数据: MarketData(source=wen_cai, symbol=NASDAQ, type=kline1m, price=21605.75, timestamp=2025-08-19 02:30:00)
2025-08-19 10:23:56 INFO     NotifyHandler | 📡 第 1 次尝试通知: NASDAQ
2025-08-19 10:23:56 INFO     NotifyHandler | ✅ 通知成功
2025-08-19 10:23:56 INFO     NotifyHandler | 📥 从队列中获取待处理数据: MarketData(source=wen_cai, symbol=NASDAQ, type=kline1m, price=21616.39, timestamp=2025-08-19 02:45:00)
2025-08-19 10:23:56 INFO     NotifyHandler | 📡 第 1 次尝试通知: NASDAQ
2025-08-19 10:23:56 INFO     NotifyHandler | ✅ 通知成功
2025-08-19 10:23:56 INFO     NotifyHandler | 📥 从队列中获取待处理数据: MarketData(source=wen_cai, symbol=NASDAQ, type=kline1m, price=21628.31, timestamp=2025-08-19 03:00:00)
2025-08-19 10:23:56 INFO     NotifyHandler | 📡 第 1 次尝试通知: NASDAQ
2025-08-19 10:23:56 INFO     NotifyHandler | ✅ 通知成功
2025-08-19 10:23:56 INFO     NotifyHandler | 📥 从队列中获取待处理数据: MarketData(source=wen_cai, symbol=NASDAQ, type=kline1m, price=21623.08, timestamp=2025-08-19 03:15:00)
2025-08-19 10:23:56 INFO     NotifyHandler | 📡 第 1 次尝试通知: NASDAQ
2025-08-19 10:23:56 INFO     NotifyHandler | ✅ 通知成功
2025-08-19 10:23:56 INFO     NotifyHandler | 📥 从队列中获取待处理数据: MarketData(source=wen_cai, symbol=NASDAQ, type=kline1m, price=21619.58, timestamp=2025-08-19 03:30:00)
2025-08-19 10:23:56 INFO     NotifyHandler | 📡 第 1 次尝试通知: NASDAQ
2025-08-19 10:23:56 INFO     NotifyHandler | ✅ 通知成功
2025-08-19 10:23:56 INFO     NotifyHandler | 📥 从队列中获取待处理数据: MarketData(source=wen_cai, symbol=NASDAQ, type=kline1m, price=21632.04, timestamp=2025-08-19 03:45:00)
2025-08-19 10:23:56 INFO     NotifyHandler | 📡 第 1 次尝试通知: NASDAQ
2025-08-19 10:23:56 INFO     NotifyHandler | ✅ 通知成功
2025-08-19 10:23:56 INFO     NotifyHandler | 📥 从队列中获取待处理数据: MarketData(source=wen_cai, symbol=NASDAQ, type=kline1m, price=21629.77, timestamp=2025-08-19 04:00:00)
2025-08-19 10:23:56 INFO     NotifyHandler | 📡 第 1 次尝试通知: NASDAQ
2025-08-19 10:23:56 INFO     NotifyHandler | ✅ 通知成功
2025-08-19 10:24:14 INFO     Pipeline | 🔧 初始化远程通知器 - URL: http://192.168.1.250:8087/api/draw/openDraw, 超时: 15秒
2025-08-19 10:24:14 INFO     NotifyHandler | 🔄 K线通知后台处理线程开始运行
2025-08-19 10:24:14 INFO     NotifyHandler | 🚀 启动K线通知后台处理线程
2025-08-19 10:24:14 INFO     NotifyHandler | 🔧 初始化K线通知处理器 - 队列大小: 1000, 重试间隔: 10秒
2025-08-19 10:24:14 INFO     source_service | 初始化数据源服务，共 1 个数据源
2025-08-19 10:24:14 INFO     market_service | 初始化市场数据服务
2025-08-19 10:24:16 INFO     Pipeline | 🔧 初始化远程通知器 - URL: http://192.168.1.250:8087/api/draw/openDraw, 超时: 15秒
2025-08-19 10:24:16 INFO     NotifyHandler | 🔄 K线通知后台处理线程开始运行
2025-08-19 10:24:16 INFO     NotifyHandler | 🚀 启动K线通知后台处理线程
2025-08-19 10:24:16 INFO     NotifyHandler | 🔧 初始化K线通知处理器 - 队列大小: 1000, 重试间隔: 10秒
2025-08-19 10:24:16 INFO     source_service | 初始化数据源服务，共 1 个数据源
2025-08-19 10:24:16 INFO     market_service | 初始化市场数据服务
2025-08-19 10:24:16 INFO     MarketData | 🚀 初始化市场数据核心系统
2025-08-19 10:24:16 INFO     MarketData | 注册数据源: 问财
2025-08-19 10:24:16 INFO     MarketData | 启动数据源: 问财
2025-08-19 10:24:16 INFO     wen_cai_source | 🚀 启动数据源: 问财 (wen_cai)
2025-08-19 10:24:16 INFO     TickerScheduler | 🚀 定时任务调度器已启动
2025-08-19 10:24:16 INFO     TickerScheduler | ✅ 添加定时任务: wen_cai_data_update_realtime (每1.5秒) - 问财数据更新-实时数据
2025-08-19 10:24:16 INFO     TickerScheduler | ✅ 添加定时任务: wen_cai_data_update_kline (每5秒) - 问财数据更新-K线数据
2025-08-19 10:24:16 INFO     MarketData | ✅ 市场数据核心系统初始化完成
2025-08-19 10:24:16 INFO     API | 🚀 MarketStockMonitor API 服务启动成功
2025-08-19 10:24:21 INFO     ConsoleLogHandler | 📈 MarketData(source=wen_cai, symbol=HSI, type=kline1m, price=25206.59, timestamp=2025-08-19 09:30:00)
2025-08-19 10:24:21 INFO     NotifyHandler | 📤 数据已入队: HSI - 25206.59, 当前队列大小: 1
2025-08-19 10:24:21 INFO     NotifyHandler | 📥 从队列中获取待处理数据: MarketData(source=wen_cai, symbol=HSI, type=kline1m, price=25206.59, timestamp=2025-08-19 09:30:00)
2025-08-19 10:24:21 INFO     NotifyHandler | 📡 第 1 次尝试通知: HSI
2025-08-19 10:24:21 INFO     ConsoleLogHandler | 📈 MarketData(source=wen_cai, symbol=HSI, type=kline1m, price=25210.96, timestamp=2025-08-19 09:31:00)
2025-08-19 10:24:21 INFO     ConsoleLogHandler | 📈 MarketData(source=wen_cai, symbol=HSI, type=kline1m, price=25208.69, timestamp=2025-08-19 09:32:00)
2025-08-19 10:24:21 INFO     ConsoleLogHandler | 📈 MarketData(source=wen_cai, symbol=HSI, type=kline1m, price=25220.0, timestamp=2025-08-19 09:33:00)
2025-08-19 10:24:21 INFO     ConsoleLogHandler | 📈 MarketData(source=wen_cai, symbol=HSI, type=kline1m, price=25201.91, timestamp=2025-08-19 09:34:00)
2025-08-19 10:24:21 INFO     ConsoleLogHandler | 📈 MarketData(source=wen_cai, symbol=HSI, type=kline1m, price=25200.98, timestamp=2025-08-19 09:35:00)
2025-08-19 10:24:21 INFO     ConsoleLogHandler | 📈 MarketData(source=wen_cai, symbol=HSI, type=kline1m, price=25202.35, timestamp=2025-08-19 09:36:00)
2025-08-19 10:24:21 INFO     ConsoleLogHandler | 📈 MarketData(source=wen_cai, symbol=HSI, type=kline1m, price=25189.14, timestamp=2025-08-19 09:37:00)
2025-08-19 10:24:21 INFO     ConsoleLogHandler | 📈 MarketData(source=wen_cai, symbol=HSI, type=kline1m, price=25176.11, timestamp=2025-08-19 09:38:00)
2025-08-19 10:24:21 INFO     ConsoleLogHandler | 📈 MarketData(source=wen_cai, symbol=HSI, type=kline1m, price=25179.88, timestamp=2025-08-19 09:39:00)
2025-08-19 10:24:21 INFO     ConsoleLogHandler | 📈 MarketData(source=wen_cai, symbol=HSI, type=kline1m, price=25152.9, timestamp=2025-08-19 09:40:00)
2025-08-19 10:24:21 INFO     ConsoleLogHandler | 📈 MarketData(source=wen_cai, symbol=HSI, type=kline1m, price=25141.71, timestamp=2025-08-19 09:41:00)
2025-08-19 10:24:21 INFO     ConsoleLogHandler | 📈 MarketData(source=wen_cai, symbol=HSI, type=kline1m, price=25143.47, timestamp=2025-08-19 09:42:00)
2025-08-19 10:24:21 INFO     ConsoleLogHandler | 📈 MarketData(source=wen_cai, symbol=HSI, type=kline1m, price=25156.99, timestamp=2025-08-19 09:43:00)
2025-08-19 10:24:21 INFO     ConsoleLogHandler | 📈 MarketData(source=wen_cai, symbol=HSI, type=kline1m, price=25164.33, timestamp=2025-08-19 09:44:00)
2025-08-19 10:24:21 INFO     ConsoleLogHandler | 📈 MarketData(source=wen_cai, symbol=HSI, type=kline1m, price=25163.4, timestamp=2025-08-19 09:45:00)
2025-08-19 10:24:21 INFO     NotifyHandler | 📤 数据已入队: HSI - 25163.4, 当前队列大小: 1
2025-08-19 10:24:21 INFO     ConsoleLogHandler | 📈 MarketData(source=wen_cai, symbol=HSI, type=kline1m, price=25143.13, timestamp=2025-08-19 09:46:00)
2025-08-19 10:24:21 INFO     ConsoleLogHandler | 📈 MarketData(source=wen_cai, symbol=HSI, type=kline1m, price=25119.11, timestamp=2025-08-19 09:47:00)
2025-08-19 10:24:21 INFO     ConsoleLogHandler | 📈 MarketData(source=wen_cai, symbol=HSI, type=kline1m, price=25111.34, timestamp=2025-08-19 09:48:00)
2025-08-19 10:24:21 INFO     ConsoleLogHandler | 📈 MarketData(source=wen_cai, symbol=HSI, type=kline1m, price=25098.96, timestamp=2025-08-19 09:49:00)
2025-08-19 10:24:21 INFO     ConsoleLogHandler | 📈 MarketData(source=wen_cai, symbol=HSI, type=kline1m, price=25105.32, timestamp=2025-08-19 09:50:00)
2025-08-19 10:24:21 INFO     ConsoleLogHandler | 📈 MarketData(source=wen_cai, symbol=HSI, type=kline1m, price=25111.73, timestamp=2025-08-19 09:51:00)
2025-08-19 10:24:21 INFO     ConsoleLogHandler | 📈 MarketData(source=wen_cai, symbol=HSI, type=kline1m, price=25115.69, timestamp=2025-08-19 09:52:00)
2025-08-19 10:24:21 INFO     ConsoleLogHandler | 📈 MarketData(source=wen_cai, symbol=HSI, type=kline1m, price=25129.02, timestamp=2025-08-19 09:53:00)
2025-08-19 10:24:21 INFO     ConsoleLogHandler | 📈 MarketData(source=wen_cai, symbol=HSI, type=kline1m, price=25130.8, timestamp=2025-08-19 09:54:00)
2025-08-19 10:24:21 INFO     ConsoleLogHandler | 📈 MarketData(source=wen_cai, symbol=HSI, type=kline1m, price=25136.89, timestamp=2025-08-19 09:55:00)
2025-08-19 10:24:21 INFO     ConsoleLogHandler | 📈 MarketData(source=wen_cai, symbol=HSI, type=kline1m, price=25147.36, timestamp=2025-08-19 09:56:00)
2025-08-19 10:24:21 INFO     ConsoleLogHandler | 📈 MarketData(source=wen_cai, symbol=HSI, type=kline1m, price=25141.97, timestamp=2025-08-19 09:57:00)
2025-08-19 10:24:21 INFO     ConsoleLogHandler | 📈 MarketData(source=wen_cai, symbol=HSI, type=kline1m, price=25152.11, timestamp=2025-08-19 09:58:00)
2025-08-19 10:24:21 INFO     ConsoleLogHandler | 📈 MarketData(source=wen_cai, symbol=HSI, type=kline1m, price=25134.97, timestamp=2025-08-19 09:59:00)
2025-08-19 10:24:21 INFO     ConsoleLogHandler | 📈 MarketData(source=wen_cai, symbol=HSI, type=kline1m, price=25136.16, timestamp=2025-08-19 10:00:00)
2025-08-19 10:24:21 INFO     NotifyHandler | 📤 数据已入队: HSI - 25136.16, 当前队列大小: 2
2025-08-19 10:24:21 INFO     ConsoleLogHandler | 📈 MarketData(source=wen_cai, symbol=HSI, type=kline1m, price=25118.32, timestamp=2025-08-19 10:01:00)
2025-08-19 10:24:21 INFO     ConsoleLogHandler | 📈 MarketData(source=wen_cai, symbol=HSI, type=kline1m, price=25130.75, timestamp=2025-08-19 10:02:00)
2025-08-19 10:24:21 INFO     ConsoleLogHandler | 📈 MarketData(source=wen_cai, symbol=HSI, type=kline1m, price=25120.46, timestamp=2025-08-19 10:03:00)
2025-08-19 10:24:21 INFO     ConsoleLogHandler | 📈 MarketData(source=wen_cai, symbol=HSI, type=kline1m, price=25116.67, timestamp=2025-08-19 10:04:00)
2025-08-19 10:24:21 INFO     ConsoleLogHandler | 📈 MarketData(source=wen_cai, symbol=HSI, type=kline1m, price=25105.33, timestamp=2025-08-19 10:05:00)
2025-08-19 10:24:21 INFO     ConsoleLogHandler | 📈 MarketData(source=wen_cai, symbol=HSI, type=kline1m, price=25086.68, timestamp=2025-08-19 10:06:00)
2025-08-19 10:24:21 INFO     ConsoleLogHandler | 📈 MarketData(source=wen_cai, symbol=HSI, type=kline1m, price=25106.36, timestamp=2025-08-19 10:07:00)
2025-08-19 10:24:21 INFO     ConsoleLogHandler | 📈 MarketData(source=wen_cai, symbol=HSI, type=kline1m, price=25121.81, timestamp=2025-08-19 10:08:00)
2025-08-19 10:24:21 INFO     ConsoleLogHandler | 📈 MarketData(source=wen_cai, symbol=HSI, type=kline1m, price=25144.51, timestamp=2025-08-19 10:09:00)
2025-08-19 10:24:21 INFO     ConsoleLogHandler | 📈 MarketData(source=wen_cai, symbol=HSI, type=kline1m, price=25156.96, timestamp=2025-08-19 10:10:00)
2025-08-19 10:24:21 INFO     ConsoleLogHandler | 📈 MarketData(source=wen_cai, symbol=HSI, type=kline1m, price=25166.35, timestamp=2025-08-19 10:11:00)
2025-08-19 10:24:21 INFO     ConsoleLogHandler | 📈 MarketData(source=wen_cai, symbol=HSI, type=kline1m, price=25175.81, timestamp=2025-08-19 10:12:00)
2025-08-19 10:24:21 INFO     ConsoleLogHandler | 📈 MarketData(source=wen_cai, symbol=HSI, type=kline1m, price=25183.6, timestamp=2025-08-19 10:13:00)
2025-08-19 10:24:21 INFO     ConsoleLogHandler | 📈 MarketData(source=wen_cai, symbol=HSI, type=kline1m, price=25176.36, timestamp=2025-08-19 10:14:00)
2025-08-19 10:24:21 INFO     ConsoleLogHandler | 📈 MarketData(source=wen_cai, symbol=HSI, type=kline1m, price=25157.8, timestamp=2025-08-19 10:15:00)
2025-08-19 10:24:21 INFO     NotifyHandler | 📤 数据已入队: HSI - 25157.8, 当前队列大小: 3
2025-08-19 10:24:21 INFO     ConsoleLogHandler | 📈 MarketData(source=wen_cai, symbol=HSI, type=kline1m, price=25169.21, timestamp=2025-08-19 10:16:00)
2025-08-19 10:24:21 INFO     ConsoleLogHandler | 📈 MarketData(source=wen_cai, symbol=HSI, type=kline1m, price=25168.4, timestamp=2025-08-19 10:17:00)
2025-08-19 10:24:21 INFO     ConsoleLogHandler | 📈 MarketData(source=wen_cai, symbol=HSI, type=kline1m, price=25138.47, timestamp=2025-08-19 10:18:00)
2025-08-19 10:24:21 INFO     ConsoleLogHandler | 📈 MarketData(source=wen_cai, symbol=HSI, type=kline1m, price=25147.98, timestamp=2025-08-19 10:19:00)
2025-08-19 10:24:21 INFO     ConsoleLogHandler | 📈 MarketData(source=wen_cai, symbol=HSI, type=kline1m, price=25153.85, timestamp=2025-08-19 10:20:00)
2025-08-19 10:24:21 INFO     ConsoleLogHandler | 📈 MarketData(source=wen_cai, symbol=HSI, type=kline1m, price=25158.74, timestamp=2025-08-19 10:21:00)
2025-08-19 10:24:21 INFO     ConsoleLogHandler | 📈 MarketData(source=wen_cai, symbol=HSI, type=kline1m, price=25164.48, timestamp=2025-08-19 10:22:00)
2025-08-19 10:24:21 INFO     ConsoleLogHandler | 📈 MarketData(source=wen_cai, symbol=HSI, type=kline1m, price=25161.32, timestamp=2025-08-19 10:23:00)
2025-08-19 10:24:21 INFO     wen_cai_source | 📊 更新了 HSI 的 54 条新K线数据
2025-08-19 10:24:21 INFO     NotifyHandler | ✅ 通知成功
2025-08-19 10:24:21 INFO     NotifyHandler | 📥 从队列中获取待处理数据: MarketData(source=wen_cai, symbol=HSI, type=kline1m, price=25163.4, timestamp=2025-08-19 09:45:00)
2025-08-19 10:24:21 INFO     NotifyHandler | 📡 第 1 次尝试通知: HSI
2025-08-19 10:24:21 INFO     NotifyHandler | ✅ 通知成功
2025-08-19 10:24:21 INFO     NotifyHandler | 📥 从队列中获取待处理数据: MarketData(source=wen_cai, symbol=HSI, type=kline1m, price=25136.16, timestamp=2025-08-19 10:00:00)
2025-08-19 10:24:21 INFO     NotifyHandler | 📡 第 1 次尝试通知: HSI
2025-08-19 10:24:21 INFO     NotifyHandler | ✅ 通知成功
2025-08-19 10:24:21 INFO     NotifyHandler | 📥 从队列中获取待处理数据: MarketData(source=wen_cai, symbol=HSI, type=kline1m, price=25157.8, timestamp=2025-08-19 10:15:00)
2025-08-19 10:24:21 INFO     NotifyHandler | 📡 第 1 次尝试通知: HSI
2025-08-19 10:24:22 INFO     NotifyHandler | ✅ 通知成功
2025-08-19 10:24:22 INFO     ConsoleLogHandler | 📈 MarketData(source=wen_cai, symbol=NASDAQ, type=kline1m, price=21624.34, timestamp=2025-08-18 21:30:00)
2025-08-19 10:24:22 INFO     NotifyHandler | 📤 数据已入队: NASDAQ - 21624.34, 当前队列大小: 1
2025-08-19 10:24:22 INFO     NotifyHandler | 📥 从队列中获取待处理数据: MarketData(source=wen_cai, symbol=NASDAQ, type=kline1m, price=21624.34, timestamp=2025-08-18 21:30:00)
2025-08-19 10:24:22 INFO     ConsoleLogHandler | 📈 MarketData(source=wen_cai, symbol=NASDAQ, type=kline1m, price=21616.41, timestamp=2025-08-18 21:31:00)
2025-08-19 10:24:22 INFO     NotifyHandler | 📡 第 1 次尝试通知: NASDAQ
2025-08-19 10:24:22 INFO     ConsoleLogHandler | 📈 MarketData(source=wen_cai, symbol=NASDAQ, type=kline1m, price=21618.62, timestamp=2025-08-18 21:32:00)
2025-08-19 10:24:22 INFO     ConsoleLogHandler | 📈 MarketData(source=wen_cai, symbol=NASDAQ, type=kline1m, price=21620.28, timestamp=2025-08-18 21:33:00)
2025-08-19 10:24:22 INFO     ConsoleLogHandler | 📈 MarketData(source=wen_cai, symbol=NASDAQ, type=kline1m, price=21646.48, timestamp=2025-08-18 21:34:00)
2025-08-19 10:24:22 INFO     ConsoleLogHandler | 📈 MarketData(source=wen_cai, symbol=NASDAQ, type=kline1m, price=21639.11, timestamp=2025-08-18 21:35:00)
2025-08-19 10:24:22 INFO     ConsoleLogHandler | 📈 MarketData(source=wen_cai, symbol=NASDAQ, type=kline1m, price=21635.23, timestamp=2025-08-18 21:36:00)
2025-08-19 10:24:22 INFO     ConsoleLogHandler | 📈 MarketData(source=wen_cai, symbol=NASDAQ, type=kline1m, price=21625.62, timestamp=2025-08-18 21:37:00)
2025-08-19 10:24:22 INFO     ConsoleLogHandler | 📈 MarketData(source=wen_cai, symbol=NASDAQ, type=kline1m, price=21620.23, timestamp=2025-08-18 21:38:00)
2025-08-19 10:24:22 INFO     ConsoleLogHandler | 📈 MarketData(source=wen_cai, symbol=NASDAQ, type=kline1m, price=21639.22, timestamp=2025-08-18 21:39:00)
2025-08-19 10:24:22 INFO     ConsoleLogHandler | 📈 MarketData(source=wen_cai, symbol=NASDAQ, type=kline1m, price=21624.14, timestamp=2025-08-18 21:40:00)
2025-08-19 10:24:22 INFO     ConsoleLogHandler | 📈 MarketData(source=wen_cai, symbol=NASDAQ, type=kline1m, price=21631.37, timestamp=2025-08-18 21:41:00)
2025-08-19 10:24:22 INFO     ConsoleLogHandler | 📈 MarketData(source=wen_cai, symbol=NASDAQ, type=kline1m, price=21608.35, timestamp=2025-08-18 21:42:00)
2025-08-19 10:24:22 INFO     ConsoleLogHandler | 📈 MarketData(source=wen_cai, symbol=NASDAQ, type=kline1m, price=21610.47, timestamp=2025-08-18 21:43:00)
2025-08-19 10:24:22 INFO     ConsoleLogHandler | 📈 MarketData(source=wen_cai, symbol=NASDAQ, type=kline1m, price=21612.29, timestamp=2025-08-18 21:44:00)
2025-08-19 10:24:22 INFO     ConsoleLogHandler | 📈 MarketData(source=wen_cai, symbol=NASDAQ, type=kline1m, price=21612.73, timestamp=2025-08-18 21:45:00)
2025-08-19 10:24:22 INFO     NotifyHandler | 📤 数据已入队: NASDAQ - 21612.73, 当前队列大小: 1
2025-08-19 10:24:22 INFO     ConsoleLogHandler | 📈 MarketData(source=wen_cai, symbol=NASDAQ, type=kline1m, price=21619.51, timestamp=2025-08-18 21:46:00)
2025-08-19 10:24:22 INFO     ConsoleLogHandler | 📈 MarketData(source=wen_cai, symbol=NASDAQ, type=kline1m, price=21625.98, timestamp=2025-08-18 21:47:00)
2025-08-19 10:24:22 INFO     ConsoleLogHandler | 📈 MarketData(source=wen_cai, symbol=NASDAQ, type=kline1m, price=21632.95, timestamp=2025-08-18 21:48:00)
2025-08-19 10:24:22 INFO     ConsoleLogHandler | 📈 MarketData(source=wen_cai, symbol=NASDAQ, type=kline1m, price=21627.57, timestamp=2025-08-18 21:49:00)
2025-08-19 10:24:22 INFO     ConsoleLogHandler | 📈 MarketData(source=wen_cai, symbol=NASDAQ, type=kline1m, price=21619.32, timestamp=2025-08-18 21:50:00)
2025-08-19 10:24:22 INFO     ConsoleLogHandler | 📈 MarketData(source=wen_cai, symbol=NASDAQ, type=kline1m, price=21594.46, timestamp=2025-08-18 21:51:00)
2025-08-19 10:24:22 INFO     ConsoleLogHandler | 📈 MarketData(source=wen_cai, symbol=NASDAQ, type=kline1m, price=21588.88, timestamp=2025-08-18 21:52:00)
2025-08-19 10:24:22 INFO     ConsoleLogHandler | 📈 MarketData(source=wen_cai, symbol=NASDAQ, type=kline1m, price=21595.36, timestamp=2025-08-18 21:53:00)
2025-08-19 10:24:22 INFO     ConsoleLogHandler | 📈 MarketData(source=wen_cai, symbol=NASDAQ, type=kline1m, price=21595.03, timestamp=2025-08-18 21:54:00)
2025-08-19 10:24:22 INFO     ConsoleLogHandler | 📈 MarketData(source=wen_cai, symbol=NASDAQ, type=kline1m, price=21602.66, timestamp=2025-08-18 21:55:00)
2025-08-19 10:24:22 INFO     ConsoleLogHandler | 📈 MarketData(source=wen_cai, symbol=NASDAQ, type=kline1m, price=21600.5, timestamp=2025-08-18 21:56:00)
2025-08-19 10:24:22 INFO     ConsoleLogHandler | 📈 MarketData(source=wen_cai, symbol=NASDAQ, type=kline1m, price=21598.8, timestamp=2025-08-18 21:57:00)
2025-08-19 10:24:22 INFO     NotifyHandler | ✅ 通知成功
2025-08-19 10:24:22 INFO     NotifyHandler | 📥 从队列中获取待处理数据: MarketData(source=wen_cai, symbol=NASDAQ, type=kline1m, price=21612.73, timestamp=2025-08-18 21:45:00)
2025-08-19 10:24:22 INFO     NotifyHandler | 📡 第 1 次尝试通知: NASDAQ
2025-08-19 10:24:22 INFO     ConsoleLogHandler | 📈 MarketData(source=wen_cai, symbol=NASDAQ, type=kline1m, price=21585.18, timestamp=2025-08-18 21:58:00)
2025-08-19 10:24:22 INFO     ConsoleLogHandler | 📈 MarketData(source=wen_cai, symbol=NASDAQ, type=kline1m, price=21586.07, timestamp=2025-08-18 21:59:00)
2025-08-19 10:24:22 INFO     ConsoleLogHandler | 📈 MarketData(source=wen_cai, symbol=NASDAQ, type=kline1m, price=21593.41, timestamp=2025-08-18 22:00:00)
2025-08-19 10:24:22 INFO     NotifyHandler | 📤 数据已入队: NASDAQ - 21593.41, 当前队列大小: 1
2025-08-19 10:24:22 INFO     ConsoleLogHandler | 📈 MarketData(source=wen_cai, symbol=NASDAQ, type=kline1m, price=21593.95, timestamp=2025-08-18 22:01:00)
2025-08-19 10:24:22 INFO     ConsoleLogHandler | 📈 MarketData(source=wen_cai, symbol=NASDAQ, type=kline1m, price=21599.42, timestamp=2025-08-18 22:02:00)
2025-08-19 10:24:22 INFO     ConsoleLogHandler | 📈 MarketData(source=wen_cai, symbol=NASDAQ, type=kline1m, price=21614.42, timestamp=2025-08-18 22:03:00)
2025-08-19 10:24:22 INFO     ConsoleLogHandler | 📈 MarketData(source=wen_cai, symbol=NASDAQ, type=kline1m, price=21621.82, timestamp=2025-08-18 22:04:00)
2025-08-19 10:24:22 INFO     ConsoleLogHandler | 📈 MarketData(source=wen_cai, symbol=NASDAQ, type=kline1m, price=21618.09, timestamp=2025-08-18 22:05:00)
2025-08-19 10:24:22 INFO     ConsoleLogHandler | 📈 MarketData(source=wen_cai, symbol=NASDAQ, type=kline1m, price=21621.3, timestamp=2025-08-18 22:06:00)
2025-08-19 10:24:22 INFO     ConsoleLogHandler | 📈 MarketData(source=wen_cai, symbol=NASDAQ, type=kline1m, price=21623.52, timestamp=2025-08-18 22:07:00)
2025-08-19 10:24:22 INFO     ConsoleLogHandler | 📈 MarketData(source=wen_cai, symbol=NASDAQ, type=kline1m, price=21620.0, timestamp=2025-08-18 22:08:00)
2025-08-19 10:24:22 INFO     ConsoleLogHandler | 📈 MarketData(source=wen_cai, symbol=NASDAQ, type=kline1m, price=21610.83, timestamp=2025-08-18 22:09:00)
2025-08-19 10:24:22 INFO     ConsoleLogHandler | 📈 MarketData(source=wen_cai, symbol=NASDAQ, type=kline1m, price=21607.22, timestamp=2025-08-18 22:10:00)
2025-08-19 10:24:22 INFO     ConsoleLogHandler | 📈 MarketData(source=wen_cai, symbol=NASDAQ, type=kline1m, price=21609.49, timestamp=2025-08-18 22:11:00)
2025-08-19 10:24:22 INFO     ConsoleLogHandler | 📈 MarketData(source=wen_cai, symbol=NASDAQ, type=kline1m, price=21603.67, timestamp=2025-08-18 22:12:00)
2025-08-19 10:24:22 INFO     NotifyHandler | ✅ 通知成功
2025-08-19 10:24:22 INFO     NotifyHandler | 📥 从队列中获取待处理数据: MarketData(source=wen_cai, symbol=NASDAQ, type=kline1m, price=21593.41, timestamp=2025-08-18 22:00:00)
2025-08-19 10:24:22 INFO     ConsoleLogHandler | 📈 MarketData(source=wen_cai, symbol=NASDAQ, type=kline1m, price=21602.9, timestamp=2025-08-18 22:13:00)
2025-08-19 10:24:22 INFO     NotifyHandler | 📡 第 1 次尝试通知: NASDAQ
2025-08-19 10:24:22 INFO     ConsoleLogHandler | 📈 MarketData(source=wen_cai, symbol=NASDAQ, type=kline1m, price=21607.38, timestamp=2025-08-18 22:14:00)
2025-08-19 10:24:22 INFO     ConsoleLogHandler | 📈 MarketData(source=wen_cai, symbol=NASDAQ, type=kline1m, price=21602.69, timestamp=2025-08-18 22:15:00)
2025-08-19 10:24:22 INFO     NotifyHandler | 📤 数据已入队: NASDAQ - 21602.69, 当前队列大小: 1
2025-08-19 10:24:22 INFO     ConsoleLogHandler | 📈 MarketData(source=wen_cai, symbol=NASDAQ, type=kline1m, price=21605.09, timestamp=2025-08-18 22:16:00)
2025-08-19 10:24:22 INFO     ConsoleLogHandler | 📈 MarketData(source=wen_cai, symbol=NASDAQ, type=kline1m, price=21612.66, timestamp=2025-08-18 22:17:00)
2025-08-19 10:24:22 INFO     ConsoleLogHandler | 📈 MarketData(source=wen_cai, symbol=NASDAQ, type=kline1m, price=21612.79, timestamp=2025-08-18 22:18:00)
2025-08-19 10:24:22 INFO     ConsoleLogHandler | 📈 MarketData(source=wen_cai, symbol=NASDAQ, type=kline1m, price=21613.5, timestamp=2025-08-18 22:19:00)
2025-08-19 10:24:22 INFO     ConsoleLogHandler | 📈 MarketData(source=wen_cai, symbol=NASDAQ, type=kline1m, price=21607.53, timestamp=2025-08-18 22:20:00)
2025-08-19 10:24:22 INFO     ConsoleLogHandler | 📈 MarketData(source=wen_cai, symbol=NASDAQ, type=kline1m, price=21619.79, timestamp=2025-08-18 22:21:00)
2025-08-19 10:24:22 INFO     ConsoleLogHandler | 📈 MarketData(source=wen_cai, symbol=NASDAQ, type=kline1m, price=21629.71, timestamp=2025-08-18 22:22:00)
2025-08-19 10:24:22 INFO     ConsoleLogHandler | 📈 MarketData(source=wen_cai, symbol=NASDAQ, type=kline1m, price=21628.78, timestamp=2025-08-18 22:23:00)
2025-08-19 10:24:22 INFO     ConsoleLogHandler | 📈 MarketData(source=wen_cai, symbol=NASDAQ, type=kline1m, price=21641.35, timestamp=2025-08-18 22:24:00)
2025-08-19 10:24:22 INFO     ConsoleLogHandler | 📈 MarketData(source=wen_cai, symbol=NASDAQ, type=kline1m, price=21647.02, timestamp=2025-08-18 22:25:00)
2025-08-19 10:24:22 INFO     ConsoleLogHandler | 📈 MarketData(source=wen_cai, symbol=NASDAQ, type=kline1m, price=21649.55, timestamp=2025-08-18 22:26:00)
2025-08-19 10:24:22 INFO     ConsoleLogHandler | 📈 MarketData(source=wen_cai, symbol=NASDAQ, type=kline1m, price=21650.7, timestamp=2025-08-18 22:27:00)
2025-08-19 10:24:22 INFO     ConsoleLogHandler | 📈 MarketData(source=wen_cai, symbol=NASDAQ, type=kline1m, price=21636.82, timestamp=2025-08-18 22:28:00)
2025-08-19 10:24:22 INFO     ConsoleLogHandler | 📈 MarketData(source=wen_cai, symbol=NASDAQ, type=kline1m, price=21623.53, timestamp=2025-08-18 22:29:00)
2025-08-19 10:24:22 INFO     ConsoleLogHandler | 📈 MarketData(source=wen_cai, symbol=NASDAQ, type=kline1m, price=21611.63, timestamp=2025-08-18 22:30:00)
2025-08-19 10:24:22 INFO     NotifyHandler | 📤 数据已入队: NASDAQ - 21611.63, 当前队列大小: 2
2025-08-19 10:24:22 INFO     ConsoleLogHandler | 📈 MarketData(source=wen_cai, symbol=NASDAQ, type=kline1m, price=21613.41, timestamp=2025-08-18 22:31:00)
2025-08-19 10:24:22 INFO     ConsoleLogHandler | 📈 MarketData(source=wen_cai, symbol=NASDAQ, type=kline1m, price=21616.2, timestamp=2025-08-18 22:32:00)
2025-08-19 10:24:22 INFO     ConsoleLogHandler | 📈 MarketData(source=wen_cai, symbol=NASDAQ, type=kline1m, price=21614.16, timestamp=2025-08-18 22:33:00)
2025-08-19 10:24:22 INFO     ConsoleLogHandler | 📈 MarketData(source=wen_cai, symbol=NASDAQ, type=kline1m, price=21619.33, timestamp=2025-08-18 22:34:00)
2025-08-19 10:24:22 INFO     ConsoleLogHandler | 📈 MarketData(source=wen_cai, symbol=NASDAQ, type=kline1m, price=21617.6, timestamp=2025-08-18 22:35:00)
2025-08-19 10:24:22 INFO     ConsoleLogHandler | 📈 MarketData(source=wen_cai, symbol=NASDAQ, type=kline1m, price=21613.29, timestamp=2025-08-18 22:36:00)
2025-08-19 10:24:22 INFO     ConsoleLogHandler | 📈 MarketData(source=wen_cai, symbol=NASDAQ, type=kline1m, price=21614.01, timestamp=2025-08-18 22:37:00)
2025-08-19 10:24:22 INFO     ConsoleLogHandler | 📈 MarketData(source=wen_cai, symbol=NASDAQ, type=kline1m, price=21613.17, timestamp=2025-08-18 22:38:00)
2025-08-19 10:24:22 INFO     ConsoleLogHandler | 📈 MarketData(source=wen_cai, symbol=NASDAQ, type=kline1m, price=21605.65, timestamp=2025-08-18 22:39:00)
2025-08-19 10:24:22 INFO     ConsoleLogHandler | 📈 MarketData(source=wen_cai, symbol=NASDAQ, type=kline1m, price=21610.28, timestamp=2025-08-18 22:40:00)
2025-08-19 10:24:22 INFO     ConsoleLogHandler | 📈 MarketData(source=wen_cai, symbol=NASDAQ, type=kline1m, price=21609.77, timestamp=2025-08-18 22:41:00)
2025-08-19 10:24:22 INFO     ConsoleLogHandler | 📈 MarketData(source=wen_cai, symbol=NASDAQ, type=kline1m, price=21603.69, timestamp=2025-08-18 22:42:00)
2025-08-19 10:24:22 INFO     ConsoleLogHandler | 📈 MarketData(source=wen_cai, symbol=NASDAQ, type=kline1m, price=21599.63, timestamp=2025-08-18 22:43:00)
2025-08-19 10:24:22 INFO     ConsoleLogHandler | 📈 MarketData(source=wen_cai, symbol=NASDAQ, type=kline1m, price=21598.49, timestamp=2025-08-18 22:44:00)
2025-08-19 10:24:22 INFO     ConsoleLogHandler | 📈 MarketData(source=wen_cai, symbol=NASDAQ, type=kline1m, price=21585.21, timestamp=2025-08-18 22:45:00)
2025-08-19 10:24:22 INFO     NotifyHandler | 📤 数据已入队: NASDAQ - 21585.21, 当前队列大小: 3
2025-08-19 10:24:22 INFO     ConsoleLogHandler | 📈 MarketData(source=wen_cai, symbol=NASDAQ, type=kline1m, price=21570.38, timestamp=2025-08-18 22:46:00)
2025-08-19 10:24:22 INFO     ConsoleLogHandler | 📈 MarketData(source=wen_cai, symbol=NASDAQ, type=kline1m, price=21567.83, timestamp=2025-08-18 22:47:00)
2025-08-19 10:24:22 INFO     ConsoleLogHandler | 📈 MarketData(source=wen_cai, symbol=NASDAQ, type=kline1m, price=21571.16, timestamp=2025-08-18 22:48:00)
2025-08-19 10:24:22 INFO     ConsoleLogHandler | 📈 MarketData(source=wen_cai, symbol=NASDAQ, type=kline1m, price=21577.63, timestamp=2025-08-18 22:49:00)
2025-08-19 10:24:22 INFO     ConsoleLogHandler | 📈 MarketData(source=wen_cai, symbol=NASDAQ, type=kline1m, price=21584.73, timestamp=2025-08-18 22:50:00)
2025-08-19 10:24:22 INFO     ConsoleLogHandler | 📈 MarketData(source=wen_cai, symbol=NASDAQ, type=kline1m, price=21585.28, timestamp=2025-08-18 22:51:00)
2025-08-19 10:24:22 INFO     ConsoleLogHandler | 📈 MarketData(source=wen_cai, symbol=NASDAQ, type=kline1m, price=21591.69, timestamp=2025-08-18 22:52:00)
2025-08-19 10:24:22 INFO     ConsoleLogHandler | 📈 MarketData(source=wen_cai, symbol=NASDAQ, type=kline1m, price=21597.52, timestamp=2025-08-18 22:53:00)
2025-08-19 10:24:22 INFO     ConsoleLogHandler | 📈 MarketData(source=wen_cai, symbol=NASDAQ, type=kline1m, price=21600.54, timestamp=2025-08-18 22:54:00)
2025-08-19 10:24:22 INFO     ConsoleLogHandler | 📈 MarketData(source=wen_cai, symbol=NASDAQ, type=kline1m, price=21601.22, timestamp=2025-08-18 22:55:00)
2025-08-19 10:24:22 INFO     ConsoleLogHandler | 📈 MarketData(source=wen_cai, symbol=NASDAQ, type=kline1m, price=21600.67, timestamp=2025-08-18 22:56:00)
2025-08-19 10:24:22 INFO     ConsoleLogHandler | 📈 MarketData(source=wen_cai, symbol=NASDAQ, type=kline1m, price=21605.5, timestamp=2025-08-18 22:57:00)
2025-08-19 10:24:22 INFO     ConsoleLogHandler | 📈 MarketData(source=wen_cai, symbol=NASDAQ, type=kline1m, price=21599.58, timestamp=2025-08-18 22:58:00)
2025-08-19 10:24:22 INFO     ConsoleLogHandler | 📈 MarketData(source=wen_cai, symbol=NASDAQ, type=kline1m, price=21609.08, timestamp=2025-08-18 22:59:00)
2025-08-19 10:24:22 INFO     ConsoleLogHandler | 📈 MarketData(source=wen_cai, symbol=NASDAQ, type=kline1m, price=21612.38, timestamp=2025-08-18 23:00:00)
2025-08-19 10:24:22 INFO     NotifyHandler | 📤 数据已入队: NASDAQ - 21612.38, 当前队列大小: 4
2025-08-19 10:24:22 INFO     ConsoleLogHandler | 📈 MarketData(source=wen_cai, symbol=NASDAQ, type=kline1m, price=21611.56, timestamp=2025-08-18 23:01:00)
2025-08-19 10:24:22 INFO     ConsoleLogHandler | 📈 MarketData(source=wen_cai, symbol=NASDAQ, type=kline1m, price=21611.22, timestamp=2025-08-18 23:02:00)
2025-08-19 10:24:22 INFO     ConsoleLogHandler | 📈 MarketData(source=wen_cai, symbol=NASDAQ, type=kline1m, price=21606.83, timestamp=2025-08-18 23:03:00)
2025-08-19 10:24:22 INFO     ConsoleLogHandler | 📈 MarketData(source=wen_cai, symbol=NASDAQ, type=kline1m, price=21607.86, timestamp=2025-08-18 23:04:00)
2025-08-19 10:24:22 INFO     ConsoleLogHandler | 📈 MarketData(source=wen_cai, symbol=NASDAQ, type=kline1m, price=21604.47, timestamp=2025-08-18 23:05:00)
2025-08-19 10:24:22 INFO     ConsoleLogHandler | 📈 MarketData(source=wen_cai, symbol=NASDAQ, type=kline1m, price=21605.69, timestamp=2025-08-18 23:06:00)
2025-08-19 10:24:22 INFO     ConsoleLogHandler | 📈 MarketData(source=wen_cai, symbol=NASDAQ, type=kline1m, price=21602.22, timestamp=2025-08-18 23:07:00)
2025-08-19 10:24:22 INFO     ConsoleLogHandler | 📈 MarketData(source=wen_cai, symbol=NASDAQ, type=kline1m, price=21607.73, timestamp=2025-08-18 23:08:00)
2025-08-19 10:24:22 INFO     ConsoleLogHandler | 📈 MarketData(source=wen_cai, symbol=NASDAQ, type=kline1m, price=21612.94, timestamp=2025-08-18 23:09:00)
2025-08-19 10:24:22 INFO     NotifyHandler | ✅ 通知成功
2025-08-19 10:24:22 INFO     NotifyHandler | 📥 从队列中获取待处理数据: MarketData(source=wen_cai, symbol=NASDAQ, type=kline1m, price=21602.69, timestamp=2025-08-18 22:15:00)
2025-08-19 10:24:22 INFO     NotifyHandler | 📡 第 1 次尝试通知: NASDAQ
2025-08-19 10:24:22 INFO     ConsoleLogHandler | 📈 MarketData(source=wen_cai, symbol=NASDAQ, type=kline1m, price=21605.33, timestamp=2025-08-18 23:10:00)
2025-08-19 10:24:22 INFO     ConsoleLogHandler | 📈 MarketData(source=wen_cai, symbol=NASDAQ, type=kline1m, price=21608.32, timestamp=2025-08-18 23:11:00)
2025-08-19 10:24:22 INFO     ConsoleLogHandler | 📈 MarketData(source=wen_cai, symbol=NASDAQ, type=kline1m, price=21598.03, timestamp=2025-08-18 23:12:00)
2025-08-19 10:24:22 INFO     ConsoleLogHandler | 📈 MarketData(source=wen_cai, symbol=NASDAQ, type=kline1m, price=21594.04, timestamp=2025-08-18 23:13:00)
2025-08-19 10:24:22 INFO     ConsoleLogHandler | 📈 MarketData(source=wen_cai, symbol=NASDAQ, type=kline1m, price=21597.25, timestamp=2025-08-18 23:14:00)
2025-08-19 10:24:22 INFO     ConsoleLogHandler | 📈 MarketData(source=wen_cai, symbol=NASDAQ, type=kline1m, price=21595.03, timestamp=2025-08-18 23:15:00)
2025-08-19 10:24:22 INFO     NotifyHandler | 📤 数据已入队: NASDAQ - 21595.03, 当前队列大小: 4
2025-08-19 10:24:22 INFO     ConsoleLogHandler | 📈 MarketData(source=wen_cai, symbol=NASDAQ, type=kline1m, price=21591.16, timestamp=2025-08-18 23:16:00)
2025-08-19 10:24:22 INFO     ConsoleLogHandler | 📈 MarketData(source=wen_cai, symbol=NASDAQ, type=kline1m, price=21585.73, timestamp=2025-08-18 23:17:00)
2025-08-19 10:24:22 INFO     ConsoleLogHandler | 📈 MarketData(source=wen_cai, symbol=NASDAQ, type=kline1m, price=21587.0, timestamp=2025-08-18 23:18:00)
2025-08-19 10:24:22 INFO     ConsoleLogHandler | 📈 MarketData(source=wen_cai, symbol=NASDAQ, type=kline1m, price=21587.94, timestamp=2025-08-18 23:19:00)
2025-08-19 10:24:22 INFO     ConsoleLogHandler | 📈 MarketData(source=wen_cai, symbol=NASDAQ, type=kline1m, price=21593.2, timestamp=2025-08-18 23:20:00)
2025-08-19 10:24:22 INFO     ConsoleLogHandler | 📈 MarketData(source=wen_cai, symbol=NASDAQ, type=kline1m, price=21594.98, timestamp=2025-08-18 23:21:00)
2025-08-19 10:24:22 INFO     ConsoleLogHandler | 📈 MarketData(source=wen_cai, symbol=NASDAQ, type=kline1m, price=21602.15, timestamp=2025-08-18 23:22:00)
2025-08-19 10:24:22 INFO     ConsoleLogHandler | 📈 MarketData(source=wen_cai, symbol=NASDAQ, type=kline1m, price=21599.49, timestamp=2025-08-18 23:23:00)
2025-08-19 10:24:22 INFO     ConsoleLogHandler | 📈 MarketData(source=wen_cai, symbol=NASDAQ, type=kline1m, price=21597.02, timestamp=2025-08-18 23:24:00)
2025-08-19 10:24:22 INFO     ConsoleLogHandler | 📈 MarketData(source=wen_cai, symbol=NASDAQ, type=kline1m, price=21590.57, timestamp=2025-08-18 23:25:00)
2025-08-19 10:24:22 INFO     ConsoleLogHandler | 📈 MarketData(source=wen_cai, symbol=NASDAQ, type=kline1m, price=21585.73, timestamp=2025-08-18 23:26:00)
2025-08-19 10:24:22 INFO     ConsoleLogHandler | 📈 MarketData(source=wen_cai, symbol=NASDAQ, type=kline1m, price=21585.64, timestamp=2025-08-18 23:27:00)
2025-08-19 10:24:22 INFO     ConsoleLogHandler | 📈 MarketData(source=wen_cai, symbol=NASDAQ, type=kline1m, price=21588.1, timestamp=2025-08-18 23:28:00)
2025-08-19 10:24:22 INFO     ConsoleLogHandler | 📈 MarketData(source=wen_cai, symbol=NASDAQ, type=kline1m, price=21577.25, timestamp=2025-08-18 23:29:00)
2025-08-19 10:24:22 INFO     ConsoleLogHandler | 📈 MarketData(source=wen_cai, symbol=NASDAQ, type=kline1m, price=21580.68, timestamp=2025-08-18 23:30:00)
2025-08-19 10:24:22 INFO     NotifyHandler | 📤 数据已入队: NASDAQ - 21580.68, 当前队列大小: 5
2025-08-19 10:24:22 INFO     ConsoleLogHandler | 📈 MarketData(source=wen_cai, symbol=NASDAQ, type=kline1m, price=21575.76, timestamp=2025-08-18 23:31:00)
2025-08-19 10:24:22 INFO     ConsoleLogHandler | 📈 MarketData(source=wen_cai, symbol=NASDAQ, type=kline1m, price=21578.28, timestamp=2025-08-18 23:32:00)
2025-08-19 10:24:22 INFO     ConsoleLogHandler | 📈 MarketData(source=wen_cai, symbol=NASDAQ, type=kline1m, price=21574.25, timestamp=2025-08-18 23:33:00)
2025-08-19 10:24:22 INFO     NotifyHandler | ✅ 通知成功
2025-08-19 10:24:22 INFO     NotifyHandler | 📥 从队列中获取待处理数据: MarketData(source=wen_cai, symbol=NASDAQ, type=kline1m, price=21611.63, timestamp=2025-08-18 22:30:00)
2025-08-19 10:24:22 INFO     NotifyHandler | 📡 第 1 次尝试通知: NASDAQ
2025-08-19 10:24:22 INFO     ConsoleLogHandler | 📈 MarketData(source=wen_cai, symbol=NASDAQ, type=kline1m, price=21572.34, timestamp=2025-08-18 23:34:00)
2025-08-19 10:24:22 INFO     ConsoleLogHandler | 📈 MarketData(source=wen_cai, symbol=NASDAQ, type=kline1m, price=21574.15, timestamp=2025-08-18 23:35:00)
2025-08-19 10:24:22 INFO     ConsoleLogHandler | 📈 MarketData(source=wen_cai, symbol=NASDAQ, type=kline1m, price=21571.27, timestamp=2025-08-18 23:36:00)
2025-08-19 10:24:22 INFO     ConsoleLogHandler | 📈 MarketData(source=wen_cai, symbol=NASDAQ, type=kline1m, price=21575.06, timestamp=2025-08-18 23:37:00)
2025-08-19 10:24:22 INFO     ConsoleLogHandler | 📈 MarketData(source=wen_cai, symbol=NASDAQ, type=kline1m, price=21584.0, timestamp=2025-08-18 23:38:00)
2025-08-19 10:24:22 INFO     ConsoleLogHandler | 📈 MarketData(source=wen_cai, symbol=NASDAQ, type=kline1m, price=21584.0, timestamp=2025-08-18 23:39:00)
2025-08-19 10:24:22 INFO     ConsoleLogHandler | 📈 MarketData(source=wen_cai, symbol=NASDAQ, type=kline1m, price=21587.62, timestamp=2025-08-18 23:40:00)
2025-08-19 10:24:22 INFO     ConsoleLogHandler | 📈 MarketData(source=wen_cai, symbol=NASDAQ, type=kline1m, price=21584.88, timestamp=2025-08-18 23:41:00)
2025-08-19 10:24:22 INFO     ConsoleLogHandler | 📈 MarketData(source=wen_cai, symbol=NASDAQ, type=kline1m, price=21580.72, timestamp=2025-08-18 23:42:00)
2025-08-19 10:24:22 INFO     ConsoleLogHandler | 📈 MarketData(source=wen_cai, symbol=NASDAQ, type=kline1m, price=21582.89, timestamp=2025-08-18 23:43:00)
2025-08-19 10:24:22 INFO     ConsoleLogHandler | 📈 MarketData(source=wen_cai, symbol=NASDAQ, type=kline1m, price=21583.53, timestamp=2025-08-18 23:44:00)
2025-08-19 10:24:22 INFO     ConsoleLogHandler | 📈 MarketData(source=wen_cai, symbol=NASDAQ, type=kline1m, price=21589.98, timestamp=2025-08-18 23:45:00)
2025-08-19 10:24:22 INFO     NotifyHandler | 📤 数据已入队: NASDAQ - 21589.98, 当前队列大小: 5
2025-08-19 10:24:22 INFO     ConsoleLogHandler | 📈 MarketData(source=wen_cai, symbol=NASDAQ, type=kline1m, price=21586.76, timestamp=2025-08-18 23:46:00)
2025-08-19 10:24:22 INFO     ConsoleLogHandler | 📈 MarketData(source=wen_cai, symbol=NASDAQ, type=kline1m, price=21591.04, timestamp=2025-08-18 23:47:00)
2025-08-19 10:24:22 INFO     ConsoleLogHandler | 📈 MarketData(source=wen_cai, symbol=NASDAQ, type=kline1m, price=21591.78, timestamp=2025-08-18 23:48:00)
2025-08-19 10:24:22 INFO     ConsoleLogHandler | 📈 MarketData(source=wen_cai, symbol=NASDAQ, type=kline1m, price=21592.01, timestamp=2025-08-18 23:49:00)
2025-08-19 10:24:22 INFO     ConsoleLogHandler | 📈 MarketData(source=wen_cai, symbol=NASDAQ, type=kline1m, price=21593.05, timestamp=2025-08-18 23:50:00)
2025-08-19 10:24:22 INFO     ConsoleLogHandler | 📈 MarketData(source=wen_cai, symbol=NASDAQ, type=kline1m, price=21588.84, timestamp=2025-08-18 23:51:00)
2025-08-19 10:24:22 INFO     ConsoleLogHandler | 📈 MarketData(source=wen_cai, symbol=NASDAQ, type=kline1m, price=21587.55, timestamp=2025-08-18 23:52:00)
2025-08-19 10:24:22 INFO     ConsoleLogHandler | 📈 MarketData(source=wen_cai, symbol=NASDAQ, type=kline1m, price=21587.49, timestamp=2025-08-18 23:53:00)
2025-08-19 10:24:22 INFO     ConsoleLogHandler | 📈 MarketData(source=wen_cai, symbol=NASDAQ, type=kline1m, price=21587.9, timestamp=2025-08-18 23:54:00)
2025-08-19 10:24:22 INFO     ConsoleLogHandler | 📈 MarketData(source=wen_cai, symbol=NASDAQ, type=kline1m, price=21583.82, timestamp=2025-08-18 23:55:00)
2025-08-19 10:24:22 INFO     ConsoleLogHandler | 📈 MarketData(source=wen_cai, symbol=NASDAQ, type=kline1m, price=21582.22, timestamp=2025-08-18 23:56:00)
2025-08-19 10:24:22 INFO     ConsoleLogHandler | 📈 MarketData(source=wen_cai, symbol=NASDAQ, type=kline1m, price=21585.72, timestamp=2025-08-18 23:57:00)
2025-08-19 10:24:22 INFO     ConsoleLogHandler | 📈 MarketData(source=wen_cai, symbol=NASDAQ, type=kline1m, price=21585.26, timestamp=2025-08-18 23:58:00)
2025-08-19 10:24:22 INFO     ConsoleLogHandler | 📈 MarketData(source=wen_cai, symbol=NASDAQ, type=kline1m, price=21586.93, timestamp=2025-08-18 23:59:00)
2025-08-19 10:24:22 INFO     ConsoleLogHandler | 📈 MarketData(source=wen_cai, symbol=NASDAQ, type=kline1m, price=21587.53, timestamp=2025-08-19 00:00:00)
2025-08-19 10:24:22 INFO     NotifyHandler | 📤 数据已入队: NASDAQ - 21587.53, 当前队列大小: 6
2025-08-19 10:24:22 INFO     ConsoleLogHandler | 📈 MarketData(source=wen_cai, symbol=NASDAQ, type=kline1m, price=21590.79, timestamp=2025-08-19 00:01:00)
2025-08-19 10:24:22 INFO     ConsoleLogHandler | 📈 MarketData(source=wen_cai, symbol=NASDAQ, type=kline1m, price=21595.23, timestamp=2025-08-19 00:02:00)
2025-08-19 10:24:22 INFO     ConsoleLogHandler | 📈 MarketData(source=wen_cai, symbol=NASDAQ, type=kline1m, price=21593.87, timestamp=2025-08-19 00:03:00)
2025-08-19 10:24:22 INFO     ConsoleLogHandler | 📈 MarketData(source=wen_cai, symbol=NASDAQ, type=kline1m, price=21595.25, timestamp=2025-08-19 00:04:00)
2025-08-19 10:24:22 INFO     ConsoleLogHandler | 📈 MarketData(source=wen_cai, symbol=NASDAQ, type=kline1m, price=21593.63, timestamp=2025-08-19 00:05:00)
2025-08-19 10:24:22 INFO     ConsoleLogHandler | 📈 MarketData(source=wen_cai, symbol=NASDAQ, type=kline1m, price=21593.6, timestamp=2025-08-19 00:06:00)
2025-08-19 10:24:22 INFO     ConsoleLogHandler | 📈 MarketData(source=wen_cai, symbol=NASDAQ, type=kline1m, price=21589.26, timestamp=2025-08-19 00:07:00)
2025-08-19 10:24:22 INFO     ConsoleLogHandler | 📈 MarketData(source=wen_cai, symbol=NASDAQ, type=kline1m, price=21590.89, timestamp=2025-08-19 00:08:00)
2025-08-19 10:24:22 INFO     ConsoleLogHandler | 📈 MarketData(source=wen_cai, symbol=NASDAQ, type=kline1m, price=21597.0, timestamp=2025-08-19 00:09:00)
2025-08-19 10:24:22 INFO     ConsoleLogHandler | 📈 MarketData(source=wen_cai, symbol=NASDAQ, type=kline1m, price=21596.23, timestamp=2025-08-19 00:10:00)
2025-08-19 10:24:22 INFO     ConsoleLogHandler | 📈 MarketData(source=wen_cai, symbol=NASDAQ, type=kline1m, price=21599.4, timestamp=2025-08-19 00:11:00)
2025-08-19 10:24:22 INFO     ConsoleLogHandler | 📈 MarketData(source=wen_cai, symbol=NASDAQ, type=kline1m, price=21602.23, timestamp=2025-08-19 00:12:00)
2025-08-19 10:24:22 INFO     ConsoleLogHandler | 📈 MarketData(source=wen_cai, symbol=NASDAQ, type=kline1m, price=21593.02, timestamp=2025-08-19 00:13:00)
2025-08-19 10:24:22 INFO     ConsoleLogHandler | 📈 MarketData(source=wen_cai, symbol=NASDAQ, type=kline1m, price=21591.85, timestamp=2025-08-19 00:14:00)
2025-08-19 10:24:22 INFO     ConsoleLogHandler | 📈 MarketData(source=wen_cai, symbol=NASDAQ, type=kline1m, price=21590.53, timestamp=2025-08-19 00:15:00)
2025-08-19 10:24:22 INFO     NotifyHandler | 📤 数据已入队: NASDAQ - 21590.53, 当前队列大小: 7
2025-08-19 10:24:22 INFO     ConsoleLogHandler | 📈 MarketData(source=wen_cai, symbol=NASDAQ, type=kline1m, price=21591.92, timestamp=2025-08-19 00:16:00)
2025-08-19 10:24:22 INFO     ConsoleLogHandler | 📈 MarketData(source=wen_cai, symbol=NASDAQ, type=kline1m, price=21593.56, timestamp=2025-08-19 00:17:00)
2025-08-19 10:24:22 INFO     ConsoleLogHandler | 📈 MarketData(source=wen_cai, symbol=NASDAQ, type=kline1m, price=21593.76, timestamp=2025-08-19 00:18:00)
2025-08-19 10:24:22 INFO     ConsoleLogHandler | 📈 MarketData(source=wen_cai, symbol=NASDAQ, type=kline1m, price=21599.46, timestamp=2025-08-19 00:19:00)
2025-08-19 10:24:22 INFO     ConsoleLogHandler | 📈 MarketData(source=wen_cai, symbol=NASDAQ, type=kline1m, price=21600.86, timestamp=2025-08-19 00:20:00)
2025-08-19 10:24:22 INFO     ConsoleLogHandler | 📈 MarketData(source=wen_cai, symbol=NASDAQ, type=kline1m, price=21608.67, timestamp=2025-08-19 00:21:00)
2025-08-19 10:24:22 INFO     ConsoleLogHandler | 📈 MarketData(source=wen_cai, symbol=NASDAQ, type=kline1m, price=21609.08, timestamp=2025-08-19 00:22:00)
2025-08-19 10:24:22 INFO     ConsoleLogHandler | 📈 MarketData(source=wen_cai, symbol=NASDAQ, type=kline1m, price=21606.09, timestamp=2025-08-19 00:23:00)
2025-08-19 10:24:22 INFO     ConsoleLogHandler | 📈 MarketData(source=wen_cai, symbol=NASDAQ, type=kline1m, price=21606.39, timestamp=2025-08-19 00:24:00)
2025-08-19 10:24:22 INFO     ConsoleLogHandler | 📈 MarketData(source=wen_cai, symbol=NASDAQ, type=kline1m, price=21601.78, timestamp=2025-08-19 00:25:00)
2025-08-19 10:24:22 INFO     ConsoleLogHandler | 📈 MarketData(source=wen_cai, symbol=NASDAQ, type=kline1m, price=21604.33, timestamp=2025-08-19 00:26:00)
2025-08-19 10:24:22 INFO     ConsoleLogHandler | 📈 MarketData(source=wen_cai, symbol=NASDAQ, type=kline1m, price=21601.15, timestamp=2025-08-19 00:27:00)
2025-08-19 10:24:22 INFO     ConsoleLogHandler | 📈 MarketData(source=wen_cai, symbol=NASDAQ, type=kline1m, price=21604.49, timestamp=2025-08-19 00:28:00)
2025-08-19 10:24:22 INFO     ConsoleLogHandler | 📈 MarketData(source=wen_cai, symbol=NASDAQ, type=kline1m, price=21602.43, timestamp=2025-08-19 00:29:00)
2025-08-19 10:24:22 INFO     ConsoleLogHandler | 📈 MarketData(source=wen_cai, symbol=NASDAQ, type=kline1m, price=21605.59, timestamp=2025-08-19 00:30:00)
2025-08-19 10:24:22 INFO     NotifyHandler | 📤 数据已入队: NASDAQ - 21605.59, 当前队列大小: 8
2025-08-19 10:24:22 INFO     ConsoleLogHandler | 📈 MarketData(source=wen_cai, symbol=NASDAQ, type=kline1m, price=21607.73, timestamp=2025-08-19 00:31:00)
2025-08-19 10:24:22 INFO     ConsoleLogHandler | 📈 MarketData(source=wen_cai, symbol=NASDAQ, type=kline1m, price=21608.34, timestamp=2025-08-19 00:32:00)
2025-08-19 10:24:22 INFO     ConsoleLogHandler | 📈 MarketData(source=wen_cai, symbol=NASDAQ, type=kline1m, price=21604.99, timestamp=2025-08-19 00:33:00)
2025-08-19 10:24:22 INFO     ConsoleLogHandler | 📈 MarketData(source=wen_cai, symbol=NASDAQ, type=kline1m, price=21603.56, timestamp=2025-08-19 00:34:00)
2025-08-19 10:24:22 INFO     ConsoleLogHandler | 📈 MarketData(source=wen_cai, symbol=NASDAQ, type=kline1m, price=21594.61, timestamp=2025-08-19 00:35:00)
2025-08-19 10:24:22 INFO     NotifyHandler | ✅ 通知成功
2025-08-19 10:24:22 INFO     ConsoleLogHandler | 📈 MarketData(source=wen_cai, symbol=NASDAQ, type=kline1m, price=21587.85, timestamp=2025-08-19 00:36:00)
2025-08-19 10:24:22 INFO     NotifyHandler | 📥 从队列中获取待处理数据: MarketData(source=wen_cai, symbol=NASDAQ, type=kline1m, price=21585.21, timestamp=2025-08-18 22:45:00)
2025-08-19 10:24:22 INFO     NotifyHandler | 📡 第 1 次尝试通知: NASDAQ
2025-08-19 10:24:22 INFO     ConsoleLogHandler | 📈 MarketData(source=wen_cai, symbol=NASDAQ, type=kline1m, price=21577.19, timestamp=2025-08-19 00:37:00)
2025-08-19 10:24:22 INFO     ConsoleLogHandler | 📈 MarketData(source=wen_cai, symbol=NASDAQ, type=kline1m, price=21578.63, timestamp=2025-08-19 00:38:00)
2025-08-19 10:24:22 INFO     ConsoleLogHandler | 📈 MarketData(source=wen_cai, symbol=NASDAQ, type=kline1m, price=21574.91, timestamp=2025-08-19 00:39:00)
2025-08-19 10:24:22 INFO     ConsoleLogHandler | 📈 MarketData(source=wen_cai, symbol=NASDAQ, type=kline1m, price=21573.69, timestamp=2025-08-19 00:40:00)
2025-08-19 10:24:22 INFO     ConsoleLogHandler | 📈 MarketData(source=wen_cai, symbol=NASDAQ, type=kline1m, price=21580.15, timestamp=2025-08-19 00:41:00)
2025-08-19 10:24:22 INFO     ConsoleLogHandler | 📈 MarketData(source=wen_cai, symbol=NASDAQ, type=kline1m, price=21578.73, timestamp=2025-08-19 00:42:00)
2025-08-19 10:24:22 INFO     ConsoleLogHandler | 📈 MarketData(source=wen_cai, symbol=NASDAQ, type=kline1m, price=21576.54, timestamp=2025-08-19 00:43:00)
2025-08-19 10:24:22 INFO     ConsoleLogHandler | 📈 MarketData(source=wen_cai, symbol=NASDAQ, type=kline1m, price=21576.12, timestamp=2025-08-19 00:44:00)
2025-08-19 10:24:22 INFO     ConsoleLogHandler | 📈 MarketData(source=wen_cai, symbol=NASDAQ, type=kline1m, price=21575.82, timestamp=2025-08-19 00:45:00)
2025-08-19 10:24:22 INFO     NotifyHandler | 📤 数据已入队: NASDAQ - 21575.82, 当前队列大小: 8
2025-08-19 10:24:22 INFO     ConsoleLogHandler | 📈 MarketData(source=wen_cai, symbol=NASDAQ, type=kline1m, price=21574.65, timestamp=2025-08-19 00:46:00)
2025-08-19 10:24:22 INFO     ConsoleLogHandler | 📈 MarketData(source=wen_cai, symbol=NASDAQ, type=kline1m, price=21569.17, timestamp=2025-08-19 00:47:00)
2025-08-19 10:24:22 INFO     NotifyHandler | ✅ 通知成功
2025-08-19 10:24:22 INFO     NotifyHandler | 📥 从队列中获取待处理数据: MarketData(source=wen_cai, symbol=NASDAQ, type=kline1m, price=21612.38, timestamp=2025-08-18 23:00:00)
2025-08-19 10:24:22 INFO     NotifyHandler | 📡 第 1 次尝试通知: NASDAQ
2025-08-19 10:24:22 INFO     ConsoleLogHandler | 📈 MarketData(source=wen_cai, symbol=NASDAQ, type=kline1m, price=21560.2, timestamp=2025-08-19 00:48:00)
2025-08-19 10:24:22 INFO     ConsoleLogHandler | 📈 MarketData(source=wen_cai, symbol=NASDAQ, type=kline1m, price=21566.39, timestamp=2025-08-19 00:49:00)
2025-08-19 10:24:22 INFO     ConsoleLogHandler | 📈 MarketData(source=wen_cai, symbol=NASDAQ, type=kline1m, price=21568.52, timestamp=2025-08-19 00:50:00)
2025-08-19 10:24:22 INFO     ConsoleLogHandler | 📈 MarketData(source=wen_cai, symbol=NASDAQ, type=kline1m, price=21576.88, timestamp=2025-08-19 00:51:00)
2025-08-19 10:24:22 INFO     ConsoleLogHandler | 📈 MarketData(source=wen_cai, symbol=NASDAQ, type=kline1m, price=21577.27, timestamp=2025-08-19 00:52:00)
2025-08-19 10:24:22 INFO     ConsoleLogHandler | 📈 MarketData(source=wen_cai, symbol=NASDAQ, type=kline1m, price=21571.07, timestamp=2025-08-19 00:53:00)
2025-08-19 10:24:22 INFO     ConsoleLogHandler | 📈 MarketData(source=wen_cai, symbol=NASDAQ, type=kline1m, price=21571.9, timestamp=2025-08-19 00:54:00)
2025-08-19 10:24:22 INFO     ConsoleLogHandler | 📈 MarketData(source=wen_cai, symbol=NASDAQ, type=kline1m, price=21573.9, timestamp=2025-08-19 00:55:00)
2025-08-19 10:24:22 INFO     ConsoleLogHandler | 📈 MarketData(source=wen_cai, symbol=NASDAQ, type=kline1m, price=21571.23, timestamp=2025-08-19 00:56:00)
2025-08-19 10:24:22 INFO     ConsoleLogHandler | 📈 MarketData(source=wen_cai, symbol=NASDAQ, type=kline1m, price=21567.51, timestamp=2025-08-19 00:57:00)
2025-08-19 10:24:22 INFO     ConsoleLogHandler | 📈 MarketData(source=wen_cai, symbol=NASDAQ, type=kline1m, price=21569.96, timestamp=2025-08-19 00:58:00)
2025-08-19 10:24:22 INFO     ConsoleLogHandler | 📈 MarketData(source=wen_cai, symbol=NASDAQ, type=kline1m, price=21568.72, timestamp=2025-08-19 00:59:00)
2025-08-19 10:24:22 INFO     ConsoleLogHandler | 📈 MarketData(source=wen_cai, symbol=NASDAQ, type=kline1m, price=21573.41, timestamp=2025-08-19 01:00:00)
2025-08-19 10:24:22 INFO     NotifyHandler | 📤 数据已入队: NASDAQ - 21573.41, 当前队列大小: 8
2025-08-19 10:24:22 INFO     ConsoleLogHandler | 📈 MarketData(source=wen_cai, symbol=NASDAQ, type=kline1m, price=21579.89, timestamp=2025-08-19 01:01:00)
2025-08-19 10:24:22 INFO     ConsoleLogHandler | 📈 MarketData(source=wen_cai, symbol=NASDAQ, type=kline1m, price=21579.25, timestamp=2025-08-19 01:02:00)
2025-08-19 10:24:22 INFO     ConsoleLogHandler | 📈 MarketData(source=wen_cai, symbol=NASDAQ, type=kline1m, price=21581.57, timestamp=2025-08-19 01:03:00)
2025-08-19 10:24:22 INFO     ConsoleLogHandler | 📈 MarketData(source=wen_cai, symbol=NASDAQ, type=kline1m, price=21586.45, timestamp=2025-08-19 01:04:00)
2025-08-19 10:24:22 INFO     ConsoleLogHandler | 📈 MarketData(source=wen_cai, symbol=NASDAQ, type=kline1m, price=21583.01, timestamp=2025-08-19 01:05:00)
2025-08-19 10:24:22 INFO     ConsoleLogHandler | 📈 MarketData(source=wen_cai, symbol=NASDAQ, type=kline1m, price=21583.45, timestamp=2025-08-19 01:06:00)
2025-08-19 10:24:22 INFO     ConsoleLogHandler | 📈 MarketData(source=wen_cai, symbol=NASDAQ, type=kline1m, price=21585.92, timestamp=2025-08-19 01:07:00)
2025-08-19 10:24:22 INFO     ConsoleLogHandler | 📈 MarketData(source=wen_cai, symbol=NASDAQ, type=kline1m, price=21582.91, timestamp=2025-08-19 01:08:00)
2025-08-19 10:24:22 INFO     ConsoleLogHandler | 📈 MarketData(source=wen_cai, symbol=NASDAQ, type=kline1m, price=21584.09, timestamp=2025-08-19 01:09:00)
2025-08-19 10:24:22 INFO     ConsoleLogHandler | 📈 MarketData(source=wen_cai, symbol=NASDAQ, type=kline1m, price=21582.65, timestamp=2025-08-19 01:10:00)
2025-08-19 10:24:22 INFO     ConsoleLogHandler | 📈 MarketData(source=wen_cai, symbol=NASDAQ, type=kline1m, price=21587.11, timestamp=2025-08-19 01:11:00)
2025-08-19 10:24:22 INFO     ConsoleLogHandler | 📈 MarketData(source=wen_cai, symbol=NASDAQ, type=kline1m, price=21589.98, timestamp=2025-08-19 01:12:00)
2025-08-19 10:24:22 INFO     ConsoleLogHandler | 📈 MarketData(source=wen_cai, symbol=NASDAQ, type=kline1m, price=21593.02, timestamp=2025-08-19 01:13:00)
2025-08-19 10:24:22 INFO     ConsoleLogHandler | 📈 MarketData(source=wen_cai, symbol=NASDAQ, type=kline1m, price=21595.27, timestamp=2025-08-19 01:14:00)
2025-08-19 10:24:22 INFO     ConsoleLogHandler | 📈 MarketData(source=wen_cai, symbol=NASDAQ, type=kline1m, price=21593.14, timestamp=2025-08-19 01:15:00)
2025-08-19 10:24:22 INFO     NotifyHandler | 📤 数据已入队: NASDAQ - 21593.14, 当前队列大小: 9
2025-08-19 10:24:22 INFO     ConsoleLogHandler | 📈 MarketData(source=wen_cai, symbol=NASDAQ, type=kline1m, price=21595.47, timestamp=2025-08-19 01:16:00)
2025-08-19 10:24:22 INFO     ConsoleLogHandler | 📈 MarketData(source=wen_cai, symbol=NASDAQ, type=kline1m, price=21598.22, timestamp=2025-08-19 01:17:00)
2025-08-19 10:24:22 INFO     ConsoleLogHandler | 📈 MarketData(source=wen_cai, symbol=NASDAQ, type=kline1m, price=21599.12, timestamp=2025-08-19 01:18:00)
2025-08-19 10:24:22 INFO     ConsoleLogHandler | 📈 MarketData(source=wen_cai, symbol=NASDAQ, type=kline1m, price=21600.07, timestamp=2025-08-19 01:19:00)
2025-08-19 10:24:22 INFO     ConsoleLogHandler | 📈 MarketData(source=wen_cai, symbol=NASDAQ, type=kline1m, price=21596.68, timestamp=2025-08-19 01:20:00)
2025-08-19 10:24:22 INFO     ConsoleLogHandler | 📈 MarketData(source=wen_cai, symbol=NASDAQ, type=kline1m, price=21597.43, timestamp=2025-08-19 01:21:00)
2025-08-19 10:24:22 INFO     ConsoleLogHandler | 📈 MarketData(source=wen_cai, symbol=NASDAQ, type=kline1m, price=21595.0, timestamp=2025-08-19 01:22:00)
2025-08-19 10:24:22 INFO     ConsoleLogHandler | 📈 MarketData(source=wen_cai, symbol=NASDAQ, type=kline1m, price=21593.01, timestamp=2025-08-19 01:23:00)
2025-08-19 10:24:22 INFO     ConsoleLogHandler | 📈 MarketData(source=wen_cai, symbol=NASDAQ, type=kline1m, price=21592.17, timestamp=2025-08-19 01:24:00)
2025-08-19 10:24:22 INFO     ConsoleLogHandler | 📈 MarketData(source=wen_cai, symbol=NASDAQ, type=kline1m, price=21597.47, timestamp=2025-08-19 01:25:00)
2025-08-19 10:24:22 INFO     ConsoleLogHandler | 📈 MarketData(source=wen_cai, symbol=NASDAQ, type=kline1m, price=21597.7, timestamp=2025-08-19 01:26:00)
2025-08-19 10:24:22 INFO     ConsoleLogHandler | 📈 MarketData(source=wen_cai, symbol=NASDAQ, type=kline1m, price=21600.78, timestamp=2025-08-19 01:27:00)
2025-08-19 10:24:22 INFO     ConsoleLogHandler | 📈 MarketData(source=wen_cai, symbol=NASDAQ, type=kline1m, price=21604.0, timestamp=2025-08-19 01:28:00)
2025-08-19 10:24:22 INFO     ConsoleLogHandler | 📈 MarketData(source=wen_cai, symbol=NASDAQ, type=kline1m, price=21603.1, timestamp=2025-08-19 01:29:00)
2025-08-19 10:24:22 INFO     ConsoleLogHandler | 📈 MarketData(source=wen_cai, symbol=NASDAQ, type=kline1m, price=21613.18, timestamp=2025-08-19 01:30:00)
2025-08-19 10:24:22 INFO     NotifyHandler | 📤 数据已入队: NASDAQ - 21613.18, 当前队列大小: 10
2025-08-19 10:24:22 INFO     ConsoleLogHandler | 📈 MarketData(source=wen_cai, symbol=NASDAQ, type=kline1m, price=21626.26, timestamp=2025-08-19 01:31:00)
2025-08-19 10:24:22 INFO     ConsoleLogHandler | 📈 MarketData(source=wen_cai, symbol=NASDAQ, type=kline1m, price=21627.14, timestamp=2025-08-19 01:32:00)
2025-08-19 10:24:22 INFO     ConsoleLogHandler | 📈 MarketData(source=wen_cai, symbol=NASDAQ, type=kline1m, price=21622.53, timestamp=2025-08-19 01:33:00)
2025-08-19 10:24:22 INFO     ConsoleLogHandler | 📈 MarketData(source=wen_cai, symbol=NASDAQ, type=kline1m, price=21620.03, timestamp=2025-08-19 01:34:00)
2025-08-19 10:24:22 INFO     ConsoleLogHandler | 📈 MarketData(source=wen_cai, symbol=NASDAQ, type=kline1m, price=21613.71, timestamp=2025-08-19 01:35:00)
2025-08-19 10:24:22 INFO     ConsoleLogHandler | 📈 MarketData(source=wen_cai, symbol=NASDAQ, type=kline1m, price=21609.58, timestamp=2025-08-19 01:36:00)
2025-08-19 10:24:22 INFO     ConsoleLogHandler | 📈 MarketData(source=wen_cai, symbol=NASDAQ, type=kline1m, price=21605.43, timestamp=2025-08-19 01:37:00)
2025-08-19 10:24:22 INFO     ConsoleLogHandler | 📈 MarketData(source=wen_cai, symbol=NASDAQ, type=kline1m, price=21602.21, timestamp=2025-08-19 01:38:00)
2025-08-19 10:24:22 INFO     ConsoleLogHandler | 📈 MarketData(source=wen_cai, symbol=NASDAQ, type=kline1m, price=21599.59, timestamp=2025-08-19 01:39:00)
2025-08-19 10:24:22 INFO     ConsoleLogHandler | 📈 MarketData(source=wen_cai, symbol=NASDAQ, type=kline1m, price=21596.33, timestamp=2025-08-19 01:40:00)
2025-08-19 10:24:22 INFO     ConsoleLogHandler | 📈 MarketData(source=wen_cai, symbol=NASDAQ, type=kline1m, price=21593.24, timestamp=2025-08-19 01:41:00)
2025-08-19 10:24:22 INFO     ConsoleLogHandler | 📈 MarketData(source=wen_cai, symbol=NASDAQ, type=kline1m, price=21590.19, timestamp=2025-08-19 01:42:00)
2025-08-19 10:24:22 INFO     ConsoleLogHandler | 📈 MarketData(source=wen_cai, symbol=NASDAQ, type=kline1m, price=21587.73, timestamp=2025-08-19 01:43:00)
2025-08-19 10:24:22 INFO     ConsoleLogHandler | 📈 MarketData(source=wen_cai, symbol=NASDAQ, type=kline1m, price=21591.11, timestamp=2025-08-19 01:44:00)
2025-08-19 10:24:22 INFO     ConsoleLogHandler | 📈 MarketData(source=wen_cai, symbol=NASDAQ, type=kline1m, price=21590.63, timestamp=2025-08-19 01:45:00)
2025-08-19 10:24:22 INFO     NotifyHandler | 📤 数据已入队: NASDAQ - 21590.63, 当前队列大小: 11
2025-08-19 10:24:22 INFO     ConsoleLogHandler | 📈 MarketData(source=wen_cai, symbol=NASDAQ, type=kline1m, price=21592.74, timestamp=2025-08-19 01:46:00)
2025-08-19 10:24:22 INFO     ConsoleLogHandler | 📈 MarketData(source=wen_cai, symbol=NASDAQ, type=kline1m, price=21590.19, timestamp=2025-08-19 01:47:00)
2025-08-19 10:24:22 INFO     ConsoleLogHandler | 📈 MarketData(source=wen_cai, symbol=NASDAQ, type=kline1m, price=21592.2, timestamp=2025-08-19 01:48:00)
2025-08-19 10:24:22 INFO     ConsoleLogHandler | 📈 MarketData(source=wen_cai, symbol=NASDAQ, type=kline1m, price=21590.04, timestamp=2025-08-19 01:49:00)
2025-08-19 10:24:22 INFO     ConsoleLogHandler | 📈 MarketData(source=wen_cai, symbol=NASDAQ, type=kline1m, price=21590.13, timestamp=2025-08-19 01:50:00)
2025-08-19 10:24:22 INFO     ConsoleLogHandler | 📈 MarketData(source=wen_cai, symbol=NASDAQ, type=kline1m, price=21591.61, timestamp=2025-08-19 01:51:00)
2025-08-19 10:24:22 INFO     ConsoleLogHandler | 📈 MarketData(source=wen_cai, symbol=NASDAQ, type=kline1m, price=21593.26, timestamp=2025-08-19 01:52:00)
2025-08-19 10:24:22 INFO     ConsoleLogHandler | 📈 MarketData(source=wen_cai, symbol=NASDAQ, type=kline1m, price=21592.56, timestamp=2025-08-19 01:53:00)
2025-08-19 10:24:22 INFO     ConsoleLogHandler | 📈 MarketData(source=wen_cai, symbol=NASDAQ, type=kline1m, price=21594.66, timestamp=2025-08-19 01:54:00)
2025-08-19 10:24:22 INFO     ConsoleLogHandler | 📈 MarketData(source=wen_cai, symbol=NASDAQ, type=kline1m, price=21594.63, timestamp=2025-08-19 01:55:00)
2025-08-19 10:24:22 INFO     ConsoleLogHandler | 📈 MarketData(source=wen_cai, symbol=NASDAQ, type=kline1m, price=21591.38, timestamp=2025-08-19 01:56:00)
2025-08-19 10:24:22 INFO     ConsoleLogHandler | 📈 MarketData(source=wen_cai, symbol=NASDAQ, type=kline1m, price=21597.62, timestamp=2025-08-19 01:57:00)
2025-08-19 10:24:22 INFO     ConsoleLogHandler | 📈 MarketData(source=wen_cai, symbol=NASDAQ, type=kline1m, price=21595.12, timestamp=2025-08-19 01:58:00)
2025-08-19 10:24:22 INFO     ConsoleLogHandler | 📈 MarketData(source=wen_cai, symbol=NASDAQ, type=kline1m, price=21594.48, timestamp=2025-08-19 01:59:00)
2025-08-19 10:24:22 INFO     ConsoleLogHandler | 📈 MarketData(source=wen_cai, symbol=NASDAQ, type=kline1m, price=21590.0, timestamp=2025-08-19 02:00:00)
2025-08-19 10:24:22 INFO     NotifyHandler | 📤 数据已入队: NASDAQ - 21590.0, 当前队列大小: 12
2025-08-19 10:24:22 INFO     ConsoleLogHandler | 📈 MarketData(source=wen_cai, symbol=NASDAQ, type=kline1m, price=21589.98, timestamp=2025-08-19 02:01:00)
2025-08-19 10:24:22 INFO     ConsoleLogHandler | 📈 MarketData(source=wen_cai, symbol=NASDAQ, type=kline1m, price=21591.0, timestamp=2025-08-19 02:02:00)
2025-08-19 10:24:22 INFO     ConsoleLogHandler | 📈 MarketData(source=wen_cai, symbol=NASDAQ, type=kline1m, price=21592.75, timestamp=2025-08-19 02:03:00)
2025-08-19 10:24:22 INFO     ConsoleLogHandler | 📈 MarketData(source=wen_cai, symbol=NASDAQ, type=kline1m, price=21594.5, timestamp=2025-08-19 02:04:00)
2025-08-19 10:24:22 INFO     ConsoleLogHandler | 📈 MarketData(source=wen_cai, symbol=NASDAQ, type=kline1m, price=21595.17, timestamp=2025-08-19 02:05:00)
2025-08-19 10:24:22 INFO     ConsoleLogHandler | 📈 MarketData(source=wen_cai, symbol=NASDAQ, type=kline1m, price=21598.63, timestamp=2025-08-19 02:06:00)
2025-08-19 10:24:22 INFO     ConsoleLogHandler | 📈 MarketData(source=wen_cai, symbol=NASDAQ, type=kline1m, price=21600.98, timestamp=2025-08-19 02:07:00)
2025-08-19 10:24:22 INFO     ConsoleLogHandler | 📈 MarketData(source=wen_cai, symbol=NASDAQ, type=kline1m, price=21602.56, timestamp=2025-08-19 02:08:00)
2025-08-19 10:24:22 INFO     ConsoleLogHandler | 📈 MarketData(source=wen_cai, symbol=NASDAQ, type=kline1m, price=21602.66, timestamp=2025-08-19 02:09:00)
2025-08-19 10:24:22 INFO     ConsoleLogHandler | 📈 MarketData(source=wen_cai, symbol=NASDAQ, type=kline1m, price=21606.42, timestamp=2025-08-19 02:10:00)
2025-08-19 10:24:22 INFO     ConsoleLogHandler | 📈 MarketData(source=wen_cai, symbol=NASDAQ, type=kline1m, price=21608.42, timestamp=2025-08-19 02:11:00)
2025-08-19 10:24:22 INFO     ConsoleLogHandler | 📈 MarketData(source=wen_cai, symbol=NASDAQ, type=kline1m, price=21606.25, timestamp=2025-08-19 02:12:00)
2025-08-19 10:24:22 INFO     ConsoleLogHandler | 📈 MarketData(source=wen_cai, symbol=NASDAQ, type=kline1m, price=21603.29, timestamp=2025-08-19 02:13:00)
2025-08-19 10:24:22 INFO     ConsoleLogHandler | 📈 MarketData(source=wen_cai, symbol=NASDAQ, type=kline1m, price=21598.48, timestamp=2025-08-19 02:14:00)
2025-08-19 10:24:22 INFO     ConsoleLogHandler | 📈 MarketData(source=wen_cai, symbol=NASDAQ, type=kline1m, price=21599.63, timestamp=2025-08-19 02:15:00)
2025-08-19 10:24:22 INFO     NotifyHandler | 📤 数据已入队: NASDAQ - 21599.63, 当前队列大小: 13
2025-08-19 10:24:22 INFO     ConsoleLogHandler | 📈 MarketData(source=wen_cai, symbol=NASDAQ, type=kline1m, price=21599.76, timestamp=2025-08-19 02:16:00)
2025-08-19 10:24:22 INFO     ConsoleLogHandler | 📈 MarketData(source=wen_cai, symbol=NASDAQ, type=kline1m, price=21598.25, timestamp=2025-08-19 02:17:00)
2025-08-19 10:24:22 INFO     ConsoleLogHandler | 📈 MarketData(source=wen_cai, symbol=NASDAQ, type=kline1m, price=21593.36, timestamp=2025-08-19 02:18:00)
2025-08-19 10:24:22 INFO     ConsoleLogHandler | 📈 MarketData(source=wen_cai, symbol=NASDAQ, type=kline1m, price=21598.81, timestamp=2025-08-19 02:19:00)
2025-08-19 10:24:22 INFO     ConsoleLogHandler | 📈 MarketData(source=wen_cai, symbol=NASDAQ, type=kline1m, price=21597.0, timestamp=2025-08-19 02:20:00)
2025-08-19 10:24:22 INFO     ConsoleLogHandler | 📈 MarketData(source=wen_cai, symbol=NASDAQ, type=kline1m, price=21595.95, timestamp=2025-08-19 02:21:00)
2025-08-19 10:24:22 INFO     ConsoleLogHandler | 📈 MarketData(source=wen_cai, symbol=NASDAQ, type=kline1m, price=21601.78, timestamp=2025-08-19 02:22:00)
2025-08-19 10:24:22 INFO     ConsoleLogHandler | 📈 MarketData(source=wen_cai, symbol=NASDAQ, type=kline1m, price=21603.61, timestamp=2025-08-19 02:23:00)
2025-08-19 10:24:22 INFO     ConsoleLogHandler | 📈 MarketData(source=wen_cai, symbol=NASDAQ, type=kline1m, price=21604.16, timestamp=2025-08-19 02:24:00)
2025-08-19 10:24:22 INFO     ConsoleLogHandler | 📈 MarketData(source=wen_cai, symbol=NASDAQ, type=kline1m, price=21610.13, timestamp=2025-08-19 02:25:00)
2025-08-19 10:24:22 INFO     ConsoleLogHandler | 📈 MarketData(source=wen_cai, symbol=NASDAQ, type=kline1m, price=21610.1, timestamp=2025-08-19 02:26:00)
2025-08-19 10:24:22 INFO     ConsoleLogHandler | 📈 MarketData(source=wen_cai, symbol=NASDAQ, type=kline1m, price=21608.64, timestamp=2025-08-19 02:27:00)
2025-08-19 10:24:22 INFO     ConsoleLogHandler | 📈 MarketData(source=wen_cai, symbol=NASDAQ, type=kline1m, price=21602.77, timestamp=2025-08-19 02:28:00)
2025-08-19 10:24:22 INFO     ConsoleLogHandler | 📈 MarketData(source=wen_cai, symbol=NASDAQ, type=kline1m, price=21605.6, timestamp=2025-08-19 02:29:00)
2025-08-19 10:24:22 INFO     ConsoleLogHandler | 📈 MarketData(source=wen_cai, symbol=NASDAQ, type=kline1m, price=21605.75, timestamp=2025-08-19 02:30:00)
2025-08-19 10:24:22 INFO     NotifyHandler | 📤 数据已入队: NASDAQ - 21605.75, 当前队列大小: 14
2025-08-19 10:24:22 INFO     ConsoleLogHandler | 📈 MarketData(source=wen_cai, symbol=NASDAQ, type=kline1m, price=21606.63, timestamp=2025-08-19 02:31:00)
2025-08-19 10:24:22 INFO     ConsoleLogHandler | 📈 MarketData(source=wen_cai, symbol=NASDAQ, type=kline1m, price=21614.84, timestamp=2025-08-19 02:32:00)
2025-08-19 10:24:22 INFO     ConsoleLogHandler | 📈 MarketData(source=wen_cai, symbol=NASDAQ, type=kline1m, price=21613.11, timestamp=2025-08-19 02:33:00)
2025-08-19 10:24:22 INFO     ConsoleLogHandler | 📈 MarketData(source=wen_cai, symbol=NASDAQ, type=kline1m, price=21612.32, timestamp=2025-08-19 02:34:00)
2025-08-19 10:24:22 INFO     ConsoleLogHandler | 📈 MarketData(source=wen_cai, symbol=NASDAQ, type=kline1m, price=21611.77, timestamp=2025-08-19 02:35:00)
2025-08-19 10:24:22 INFO     ConsoleLogHandler | 📈 MarketData(source=wen_cai, symbol=NASDAQ, type=kline1m, price=21612.07, timestamp=2025-08-19 02:36:00)
2025-08-19 10:24:22 INFO     ConsoleLogHandler | 📈 MarketData(source=wen_cai, symbol=NASDAQ, type=kline1m, price=21612.9, timestamp=2025-08-19 02:37:00)
2025-08-19 10:24:22 INFO     ConsoleLogHandler | 📈 MarketData(source=wen_cai, symbol=NASDAQ, type=kline1m, price=21612.68, timestamp=2025-08-19 02:38:00)
2025-08-19 10:24:22 INFO     ConsoleLogHandler | 📈 MarketData(source=wen_cai, symbol=NASDAQ, type=kline1m, price=21608.86, timestamp=2025-08-19 02:39:00)
2025-08-19 10:24:22 INFO     ConsoleLogHandler | 📈 MarketData(source=wen_cai, symbol=NASDAQ, type=kline1m, price=21609.55, timestamp=2025-08-19 02:40:00)
2025-08-19 10:24:22 INFO     ConsoleLogHandler | 📈 MarketData(source=wen_cai, symbol=NASDAQ, type=kline1m, price=21605.12, timestamp=2025-08-19 02:41:00)
2025-08-19 10:24:22 INFO     ConsoleLogHandler | 📈 MarketData(source=wen_cai, symbol=NASDAQ, type=kline1m, price=21606.52, timestamp=2025-08-19 02:42:00)
2025-08-19 10:24:22 INFO     ConsoleLogHandler | 📈 MarketData(source=wen_cai, symbol=NASDAQ, type=kline1m, price=21609.75, timestamp=2025-08-19 02:43:00)
2025-08-19 10:24:22 INFO     ConsoleLogHandler | 📈 MarketData(source=wen_cai, symbol=NASDAQ, type=kline1m, price=21614.98, timestamp=2025-08-19 02:44:00)
2025-08-19 10:24:22 INFO     ConsoleLogHandler | 📈 MarketData(source=wen_cai, symbol=NASDAQ, type=kline1m, price=21616.39, timestamp=2025-08-19 02:45:00)
2025-08-19 10:24:22 INFO     NotifyHandler | 📤 数据已入队: NASDAQ - 21616.39, 当前队列大小: 15
2025-08-19 10:24:22 INFO     ConsoleLogHandler | 📈 MarketData(source=wen_cai, symbol=NASDAQ, type=kline1m, price=21613.49, timestamp=2025-08-19 02:46:00)
2025-08-19 10:24:22 INFO     ConsoleLogHandler | 📈 MarketData(source=wen_cai, symbol=NASDAQ, type=kline1m, price=21618.78, timestamp=2025-08-19 02:47:00)
2025-08-19 10:24:22 INFO     ConsoleLogHandler | 📈 MarketData(source=wen_cai, symbol=NASDAQ, type=kline1m, price=21616.04, timestamp=2025-08-19 02:48:00)
2025-08-19 10:24:22 INFO     ConsoleLogHandler | 📈 MarketData(source=wen_cai, symbol=NASDAQ, type=kline1m, price=21616.16, timestamp=2025-08-19 02:49:00)
2025-08-19 10:24:22 INFO     ConsoleLogHandler | 📈 MarketData(source=wen_cai, symbol=NASDAQ, type=kline1m, price=21622.57, timestamp=2025-08-19 02:50:00)
2025-08-19 10:24:22 INFO     ConsoleLogHandler | 📈 MarketData(source=wen_cai, symbol=NASDAQ, type=kline1m, price=21622.13, timestamp=2025-08-19 02:51:00)
2025-08-19 10:24:22 INFO     ConsoleLogHandler | 📈 MarketData(source=wen_cai, symbol=NASDAQ, type=kline1m, price=21627.01, timestamp=2025-08-19 02:52:00)
2025-08-19 10:24:22 INFO     ConsoleLogHandler | 📈 MarketData(source=wen_cai, symbol=NASDAQ, type=kline1m, price=21628.95, timestamp=2025-08-19 02:53:00)
2025-08-19 10:24:22 INFO     ConsoleLogHandler | 📈 MarketData(source=wen_cai, symbol=NASDAQ, type=kline1m, price=21627.75, timestamp=2025-08-19 02:54:00)
2025-08-19 10:24:22 INFO     ConsoleLogHandler | 📈 MarketData(source=wen_cai, symbol=NASDAQ, type=kline1m, price=21628.29, timestamp=2025-08-19 02:55:00)
2025-08-19 10:24:22 INFO     ConsoleLogHandler | 📈 MarketData(source=wen_cai, symbol=NASDAQ, type=kline1m, price=21631.16, timestamp=2025-08-19 02:56:00)
2025-08-19 10:24:22 INFO     ConsoleLogHandler | 📈 MarketData(source=wen_cai, symbol=NASDAQ, type=kline1m, price=21633.83, timestamp=2025-08-19 02:57:00)
2025-08-19 10:24:22 INFO     ConsoleLogHandler | 📈 MarketData(source=wen_cai, symbol=NASDAQ, type=kline1m, price=21631.33, timestamp=2025-08-19 02:58:00)
2025-08-19 10:24:22 INFO     ConsoleLogHandler | 📈 MarketData(source=wen_cai, symbol=NASDAQ, type=kline1m, price=21627.65, timestamp=2025-08-19 02:59:00)
2025-08-19 10:24:22 INFO     ConsoleLogHandler | 📈 MarketData(source=wen_cai, symbol=NASDAQ, type=kline1m, price=21628.31, timestamp=2025-08-19 03:00:00)
2025-08-19 10:24:22 INFO     NotifyHandler | 📤 数据已入队: NASDAQ - 21628.31, 当前队列大小: 16
2025-08-19 10:24:22 INFO     ConsoleLogHandler | 📈 MarketData(source=wen_cai, symbol=NASDAQ, type=kline1m, price=21630.33, timestamp=2025-08-19 03:01:00)
2025-08-19 10:24:22 INFO     ConsoleLogHandler | 📈 MarketData(source=wen_cai, symbol=NASDAQ, type=kline1m, price=21630.84, timestamp=2025-08-19 03:02:00)
2025-08-19 10:24:22 INFO     ConsoleLogHandler | 📈 MarketData(source=wen_cai, symbol=NASDAQ, type=kline1m, price=21634.88, timestamp=2025-08-19 03:03:00)
2025-08-19 10:24:22 INFO     ConsoleLogHandler | 📈 MarketData(source=wen_cai, symbol=NASDAQ, type=kline1m, price=21639.04, timestamp=2025-08-19 03:04:00)
2025-08-19 10:24:22 INFO     ConsoleLogHandler | 📈 MarketData(source=wen_cai, symbol=NASDAQ, type=kline1m, price=21639.38, timestamp=2025-08-19 03:05:00)
2025-08-19 10:24:22 INFO     ConsoleLogHandler | 📈 MarketData(source=wen_cai, symbol=NASDAQ, type=kline1m, price=21635.21, timestamp=2025-08-19 03:06:00)
2025-08-19 10:24:22 INFO     ConsoleLogHandler | 📈 MarketData(source=wen_cai, symbol=NASDAQ, type=kline1m, price=21637.78, timestamp=2025-08-19 03:07:00)
2025-08-19 10:24:22 INFO     ConsoleLogHandler | 📈 MarketData(source=wen_cai, symbol=NASDAQ, type=kline1m, price=21642.93, timestamp=2025-08-19 03:08:00)
2025-08-19 10:24:22 INFO     ConsoleLogHandler | 📈 MarketData(source=wen_cai, symbol=NASDAQ, type=kline1m, price=21637.44, timestamp=2025-08-19 03:09:00)
2025-08-19 10:24:22 INFO     ConsoleLogHandler | 📈 MarketData(source=wen_cai, symbol=NASDAQ, type=kline1m, price=21638.26, timestamp=2025-08-19 03:10:00)
2025-08-19 10:24:22 INFO     ConsoleLogHandler | 📈 MarketData(source=wen_cai, symbol=NASDAQ, type=kline1m, price=21633.28, timestamp=2025-08-19 03:11:00)
2025-08-19 10:24:22 INFO     ConsoleLogHandler | 📈 MarketData(source=wen_cai, symbol=NASDAQ, type=kline1m, price=21629.45, timestamp=2025-08-19 03:12:00)
2025-08-19 10:24:22 INFO     ConsoleLogHandler | 📈 MarketData(source=wen_cai, symbol=NASDAQ, type=kline1m, price=21627.92, timestamp=2025-08-19 03:13:00)
2025-08-19 10:24:22 INFO     ConsoleLogHandler | 📈 MarketData(source=wen_cai, symbol=NASDAQ, type=kline1m, price=21623.8, timestamp=2025-08-19 03:14:00)
2025-08-19 10:24:22 INFO     ConsoleLogHandler | 📈 MarketData(source=wen_cai, symbol=NASDAQ, type=kline1m, price=21623.08, timestamp=2025-08-19 03:15:00)
2025-08-19 10:24:22 INFO     NotifyHandler | 📤 数据已入队: NASDAQ - 21623.08, 当前队列大小: 17
2025-08-19 10:24:22 INFO     ConsoleLogHandler | 📈 MarketData(source=wen_cai, symbol=NASDAQ, type=kline1m, price=21633.08, timestamp=2025-08-19 03:16:00)
2025-08-19 10:24:22 INFO     ConsoleLogHandler | 📈 MarketData(source=wen_cai, symbol=NASDAQ, type=kline1m, price=21627.97, timestamp=2025-08-19 03:17:00)
2025-08-19 10:24:22 INFO     ConsoleLogHandler | 📈 MarketData(source=wen_cai, symbol=NASDAQ, type=kline1m, price=21626.52, timestamp=2025-08-19 03:18:00)
2025-08-19 10:24:22 INFO     ConsoleLogHandler | 📈 MarketData(source=wen_cai, symbol=NASDAQ, type=kline1m, price=21628.87, timestamp=2025-08-19 03:19:00)
2025-08-19 10:24:22 INFO     ConsoleLogHandler | 📈 MarketData(source=wen_cai, symbol=NASDAQ, type=kline1m, price=21630.83, timestamp=2025-08-19 03:20:00)
2025-08-19 10:24:22 INFO     ConsoleLogHandler | 📈 MarketData(source=wen_cai, symbol=NASDAQ, type=kline1m, price=21624.51, timestamp=2025-08-19 03:21:00)
2025-08-19 10:24:22 INFO     ConsoleLogHandler | 📈 MarketData(source=wen_cai, symbol=NASDAQ, type=kline1m, price=21626.99, timestamp=2025-08-19 03:22:00)
2025-08-19 10:24:22 INFO     ConsoleLogHandler | 📈 MarketData(source=wen_cai, symbol=NASDAQ, type=kline1m, price=21626.99, timestamp=2025-08-19 03:23:00)
2025-08-19 10:24:22 INFO     ConsoleLogHandler | 📈 MarketData(source=wen_cai, symbol=NASDAQ, type=kline1m, price=21625.02, timestamp=2025-08-19 03:24:00)
2025-08-19 10:24:22 INFO     ConsoleLogHandler | 📈 MarketData(source=wen_cai, symbol=NASDAQ, type=kline1m, price=21623.1, timestamp=2025-08-19 03:25:00)
2025-08-19 10:24:22 INFO     ConsoleLogHandler | 📈 MarketData(source=wen_cai, symbol=NASDAQ, type=kline1m, price=21619.66, timestamp=2025-08-19 03:26:00)
2025-08-19 10:24:22 INFO     ConsoleLogHandler | 📈 MarketData(source=wen_cai, symbol=NASDAQ, type=kline1m, price=21623.82, timestamp=2025-08-19 03:27:00)
2025-08-19 10:24:22 INFO     ConsoleLogHandler | 📈 MarketData(source=wen_cai, symbol=NASDAQ, type=kline1m, price=21622.57, timestamp=2025-08-19 03:28:00)
2025-08-19 10:24:22 INFO     ConsoleLogHandler | 📈 MarketData(source=wen_cai, symbol=NASDAQ, type=kline1m, price=21622.68, timestamp=2025-08-19 03:29:00)
2025-08-19 10:24:22 INFO     ConsoleLogHandler | 📈 MarketData(source=wen_cai, symbol=NASDAQ, type=kline1m, price=21619.58, timestamp=2025-08-19 03:30:00)
2025-08-19 10:24:22 INFO     NotifyHandler | 📤 数据已入队: NASDAQ - 21619.58, 当前队列大小: 18
2025-08-19 10:24:22 INFO     ConsoleLogHandler | 📈 MarketData(source=wen_cai, symbol=NASDAQ, type=kline1m, price=21620.46, timestamp=2025-08-19 03:31:00)
2025-08-19 10:24:22 INFO     ConsoleLogHandler | 📈 MarketData(source=wen_cai, symbol=NASDAQ, type=kline1m, price=21617.94, timestamp=2025-08-19 03:32:00)
2025-08-19 10:24:22 INFO     ConsoleLogHandler | 📈 MarketData(source=wen_cai, symbol=NASDAQ, type=kline1m, price=21617.75, timestamp=2025-08-19 03:33:00)
2025-08-19 10:24:22 INFO     ConsoleLogHandler | 📈 MarketData(source=wen_cai, symbol=NASDAQ, type=kline1m, price=21619.83, timestamp=2025-08-19 03:34:00)
2025-08-19 10:24:22 INFO     ConsoleLogHandler | 📈 MarketData(source=wen_cai, symbol=NASDAQ, type=kline1m, price=21622.72, timestamp=2025-08-19 03:35:00)
2025-08-19 10:24:22 INFO     ConsoleLogHandler | 📈 MarketData(source=wen_cai, symbol=NASDAQ, type=kline1m, price=21626.28, timestamp=2025-08-19 03:36:00)
2025-08-19 10:24:22 INFO     ConsoleLogHandler | 📈 MarketData(source=wen_cai, symbol=NASDAQ, type=kline1m, price=21630.4, timestamp=2025-08-19 03:37:00)
2025-08-19 10:24:22 INFO     ConsoleLogHandler | 📈 MarketData(source=wen_cai, symbol=NASDAQ, type=kline1m, price=21626.72, timestamp=2025-08-19 03:38:00)
2025-08-19 10:24:22 INFO     ConsoleLogHandler | 📈 MarketData(source=wen_cai, symbol=NASDAQ, type=kline1m, price=21624.02, timestamp=2025-08-19 03:39:00)
2025-08-19 10:24:22 INFO     ConsoleLogHandler | 📈 MarketData(source=wen_cai, symbol=NASDAQ, type=kline1m, price=21624.71, timestamp=2025-08-19 03:40:00)
2025-08-19 10:24:22 INFO     ConsoleLogHandler | 📈 MarketData(source=wen_cai, symbol=NASDAQ, type=kline1m, price=21623.71, timestamp=2025-08-19 03:41:00)
2025-08-19 10:24:22 INFO     ConsoleLogHandler | 📈 MarketData(source=wen_cai, symbol=NASDAQ, type=kline1m, price=21621.57, timestamp=2025-08-19 03:42:00)
2025-08-19 10:24:22 INFO     ConsoleLogHandler | 📈 MarketData(source=wen_cai, symbol=NASDAQ, type=kline1m, price=21623.47, timestamp=2025-08-19 03:43:00)
2025-08-19 10:24:22 INFO     ConsoleLogHandler | 📈 MarketData(source=wen_cai, symbol=NASDAQ, type=kline1m, price=21627.83, timestamp=2025-08-19 03:44:00)
2025-08-19 10:24:22 INFO     ConsoleLogHandler | 📈 MarketData(source=wen_cai, symbol=NASDAQ, type=kline1m, price=21632.04, timestamp=2025-08-19 03:45:00)
2025-08-19 10:24:22 INFO     NotifyHandler | 📤 数据已入队: NASDAQ - 21632.04, 当前队列大小: 19
2025-08-19 10:24:22 INFO     ConsoleLogHandler | 📈 MarketData(source=wen_cai, symbol=NASDAQ, type=kline1m, price=21637.49, timestamp=2025-08-19 03:46:00)
2025-08-19 10:24:22 INFO     ConsoleLogHandler | 📈 MarketData(source=wen_cai, symbol=NASDAQ, type=kline1m, price=21637.64, timestamp=2025-08-19 03:47:00)
2025-08-19 10:24:22 INFO     ConsoleLogHandler | 📈 MarketData(source=wen_cai, symbol=NASDAQ, type=kline1m, price=21636.08, timestamp=2025-08-19 03:48:00)
2025-08-19 10:24:22 INFO     ConsoleLogHandler | 📈 MarketData(source=wen_cai, symbol=NASDAQ, type=kline1m, price=21634.17, timestamp=2025-08-19 03:49:00)
2025-08-19 10:24:22 INFO     ConsoleLogHandler | 📈 MarketData(source=wen_cai, symbol=NASDAQ, type=kline1m, price=21635.72, timestamp=2025-08-19 03:50:00)
2025-08-19 10:24:22 INFO     ConsoleLogHandler | 📈 MarketData(source=wen_cai, symbol=NASDAQ, type=kline1m, price=21626.8, timestamp=2025-08-19 03:51:00)
2025-08-19 10:24:22 INFO     ConsoleLogHandler | 📈 MarketData(source=wen_cai, symbol=NASDAQ, type=kline1m, price=21627.81, timestamp=2025-08-19 03:52:00)
2025-08-19 10:24:22 INFO     ConsoleLogHandler | 📈 MarketData(source=wen_cai, symbol=NASDAQ, type=kline1m, price=21625.58, timestamp=2025-08-19 03:53:00)
2025-08-19 10:24:22 INFO     ConsoleLogHandler | 📈 MarketData(source=wen_cai, symbol=NASDAQ, type=kline1m, price=21629.33, timestamp=2025-08-19 03:54:00)
2025-08-19 10:24:22 INFO     ConsoleLogHandler | 📈 MarketData(source=wen_cai, symbol=NASDAQ, type=kline1m, price=21638.1, timestamp=2025-08-19 03:55:00)
2025-08-19 10:24:22 INFO     ConsoleLogHandler | 📈 MarketData(source=wen_cai, symbol=NASDAQ, type=kline1m, price=21637.36, timestamp=2025-08-19 03:56:00)
2025-08-19 10:24:22 INFO     ConsoleLogHandler | 📈 MarketData(source=wen_cai, symbol=NASDAQ, type=kline1m, price=21641.71, timestamp=2025-08-19 03:57:00)
2025-08-19 10:24:22 INFO     ConsoleLogHandler | 📈 MarketData(source=wen_cai, symbol=NASDAQ, type=kline1m, price=21640.06, timestamp=2025-08-19 03:58:00)
2025-08-19 10:24:22 INFO     ConsoleLogHandler | 📈 MarketData(source=wen_cai, symbol=NASDAQ, type=kline1m, price=21630.16, timestamp=2025-08-19 03:59:00)
2025-08-19 10:24:22 INFO     ConsoleLogHandler | 📈 MarketData(source=wen_cai, symbol=NASDAQ, type=kline1m, price=21629.77, timestamp=2025-08-19 04:00:00)
2025-08-19 10:24:22 INFO     NotifyHandler | 📤 数据已入队: NASDAQ - 21629.77, 当前队列大小: 20
2025-08-19 10:24:22 INFO     wen_cai_source | 📊 更新了 NASDAQ 的 391 条新K线数据
2025-08-19 10:24:22 INFO     wen_cai_source | 📝 首次记录增量数据时间: 2025-08-19 10:23:00
2025-08-19 10:24:22 INFO     NotifyHandler | ✅ 通知成功
2025-08-19 10:24:22 INFO     NotifyHandler | 📥 从队列中获取待处理数据: MarketData(source=wen_cai, symbol=NASDAQ, type=kline1m, price=21595.03, timestamp=2025-08-18 23:15:00)
2025-08-19 10:24:22 INFO     NotifyHandler | 📡 第 1 次尝试通知: NASDAQ
2025-08-19 10:24:22 INFO     NotifyHandler | ✅ 通知成功
2025-08-19 10:24:22 INFO     NotifyHandler | 📥 从队列中获取待处理数据: MarketData(source=wen_cai, symbol=NASDAQ, type=kline1m, price=21580.68, timestamp=2025-08-18 23:30:00)
2025-08-19 10:24:22 INFO     NotifyHandler | 📡 第 1 次尝试通知: NASDAQ
2025-08-19 10:24:22 INFO     NotifyHandler | ✅ 通知成功
2025-08-19 10:24:22 INFO     NotifyHandler | 📥 从队列中获取待处理数据: MarketData(source=wen_cai, symbol=NASDAQ, type=kline1m, price=21589.98, timestamp=2025-08-18 23:45:00)
2025-08-19 10:24:22 INFO     NotifyHandler | 📡 第 1 次尝试通知: NASDAQ
2025-08-19 10:24:22 INFO     NotifyHandler | ✅ 通知成功
2025-08-19 10:24:22 INFO     NotifyHandler | 📥 从队列中获取待处理数据: MarketData(source=wen_cai, symbol=NASDAQ, type=kline1m, price=21587.53, timestamp=2025-08-19 00:00:00)
2025-08-19 10:24:22 INFO     NotifyHandler | 📡 第 1 次尝试通知: NASDAQ
2025-08-19 10:24:22 INFO     NotifyHandler | ✅ 通知成功
2025-08-19 10:24:22 INFO     NotifyHandler | 📥 从队列中获取待处理数据: MarketData(source=wen_cai, symbol=NASDAQ, type=kline1m, price=21590.53, timestamp=2025-08-19 00:15:00)
2025-08-19 10:24:22 INFO     NotifyHandler | 📡 第 1 次尝试通知: NASDAQ
2025-08-19 10:24:22 INFO     NotifyHandler | ✅ 通知成功
2025-08-19 10:24:22 INFO     NotifyHandler | 📥 从队列中获取待处理数据: MarketData(source=wen_cai, symbol=NASDAQ, type=kline1m, price=21605.59, timestamp=2025-08-19 00:30:00)
2025-08-19 10:24:22 INFO     NotifyHandler | 📡 第 1 次尝试通知: NASDAQ
2025-08-19 10:24:22 INFO     NotifyHandler | ✅ 通知成功
2025-08-19 10:24:22 INFO     NotifyHandler | 📥 从队列中获取待处理数据: MarketData(source=wen_cai, symbol=NASDAQ, type=kline1m, price=21575.82, timestamp=2025-08-19 00:45:00)
2025-08-19 10:24:22 INFO     NotifyHandler | 📡 第 1 次尝试通知: NASDAQ
2025-08-19 10:24:22 INFO     NotifyHandler | ✅ 通知成功
2025-08-19 10:24:22 INFO     NotifyHandler | 📥 从队列中获取待处理数据: MarketData(source=wen_cai, symbol=NASDAQ, type=kline1m, price=21573.41, timestamp=2025-08-19 01:00:00)
2025-08-19 10:24:22 INFO     NotifyHandler | 📡 第 1 次尝试通知: NASDAQ
2025-08-19 10:24:22 INFO     NotifyHandler | ✅ 通知成功
2025-08-19 10:24:22 INFO     NotifyHandler | 📥 从队列中获取待处理数据: MarketData(source=wen_cai, symbol=NASDAQ, type=kline1m, price=21593.14, timestamp=2025-08-19 01:15:00)
2025-08-19 10:24:22 INFO     NotifyHandler | 📡 第 1 次尝试通知: NASDAQ
2025-08-19 10:24:22 INFO     NotifyHandler | ✅ 通知成功
2025-08-19 10:24:22 INFO     NotifyHandler | 📥 从队列中获取待处理数据: MarketData(source=wen_cai, symbol=NASDAQ, type=kline1m, price=21613.18, timestamp=2025-08-19 01:30:00)
2025-08-19 10:24:22 INFO     NotifyHandler | 📡 第 1 次尝试通知: NASDAQ
2025-08-19 10:24:22 INFO     NotifyHandler | ✅ 通知成功
2025-08-19 10:24:22 INFO     NotifyHandler | 📥 从队列中获取待处理数据: MarketData(source=wen_cai, symbol=NASDAQ, type=kline1m, price=21590.63, timestamp=2025-08-19 01:45:00)
2025-08-19 10:24:22 INFO     NotifyHandler | 📡 第 1 次尝试通知: NASDAQ
2025-08-19 10:24:22 INFO     NotifyHandler | ✅ 通知成功
2025-08-19 10:24:22 INFO     NotifyHandler | 📥 从队列中获取待处理数据: MarketData(source=wen_cai, symbol=NASDAQ, type=kline1m, price=21590.0, timestamp=2025-08-19 02:00:00)
2025-08-19 10:24:22 INFO     NotifyHandler | 📡 第 1 次尝试通知: NASDAQ
2025-08-19 10:24:23 INFO     NotifyHandler | ✅ 通知成功
2025-08-19 10:24:23 INFO     NotifyHandler | 📥 从队列中获取待处理数据: MarketData(source=wen_cai, symbol=NASDAQ, type=kline1m, price=21599.63, timestamp=2025-08-19 02:15:00)
2025-08-19 10:24:23 INFO     NotifyHandler | 📡 第 1 次尝试通知: NASDAQ
2025-08-19 10:24:23 INFO     NotifyHandler | ✅ 通知成功
2025-08-19 10:24:23 INFO     NotifyHandler | 📥 从队列中获取待处理数据: MarketData(source=wen_cai, symbol=NASDAQ, type=kline1m, price=21605.75, timestamp=2025-08-19 02:30:00)
2025-08-19 10:24:23 INFO     NotifyHandler | 📡 第 1 次尝试通知: NASDAQ
2025-08-19 10:24:23 INFO     NotifyHandler | ✅ 通知成功
2025-08-19 10:24:23 INFO     NotifyHandler | 📥 从队列中获取待处理数据: MarketData(source=wen_cai, symbol=NASDAQ, type=kline1m, price=21616.39, timestamp=2025-08-19 02:45:00)
2025-08-19 10:24:23 INFO     NotifyHandler | 📡 第 1 次尝试通知: NASDAQ
2025-08-19 10:24:23 INFO     NotifyHandler | ✅ 通知成功
2025-08-19 10:24:23 INFO     NotifyHandler | 📥 从队列中获取待处理数据: MarketData(source=wen_cai, symbol=NASDAQ, type=kline1m, price=21628.31, timestamp=2025-08-19 03:00:00)
2025-08-19 10:24:23 INFO     NotifyHandler | 📡 第 1 次尝试通知: NASDAQ
2025-08-19 10:24:23 INFO     NotifyHandler | ✅ 通知成功
2025-08-19 10:24:23 INFO     NotifyHandler | 📥 从队列中获取待处理数据: MarketData(source=wen_cai, symbol=NASDAQ, type=kline1m, price=21623.08, timestamp=2025-08-19 03:15:00)
2025-08-19 10:24:23 INFO     NotifyHandler | 📡 第 1 次尝试通知: NASDAQ
2025-08-19 10:24:23 INFO     NotifyHandler | ✅ 通知成功
2025-08-19 10:24:23 INFO     NotifyHandler | 📥 从队列中获取待处理数据: MarketData(source=wen_cai, symbol=NASDAQ, type=kline1m, price=21619.58, timestamp=2025-08-19 03:30:00)
2025-08-19 10:24:23 INFO     NotifyHandler | 📡 第 1 次尝试通知: NASDAQ
2025-08-19 10:24:23 INFO     NotifyHandler | ✅ 通知成功
2025-08-19 10:24:23 INFO     NotifyHandler | 📥 从队列中获取待处理数据: MarketData(source=wen_cai, symbol=NASDAQ, type=kline1m, price=21632.04, timestamp=2025-08-19 03:45:00)
2025-08-19 10:24:23 INFO     NotifyHandler | 📡 第 1 次尝试通知: NASDAQ
2025-08-19 10:24:23 INFO     NotifyHandler | ✅ 通知成功
2025-08-19 10:24:23 INFO     NotifyHandler | 📥 从队列中获取待处理数据: MarketData(source=wen_cai, symbol=NASDAQ, type=kline1m, price=21629.77, timestamp=2025-08-19 04:00:00)
2025-08-19 10:24:23 INFO     NotifyHandler | 📡 第 1 次尝试通知: NASDAQ
2025-08-19 10:24:23 INFO     NotifyHandler | ✅ 通知成功
2025-08-19 10:24:28 INFO     API | 🛑 MarketStockMonitor API 服务正在关闭...
2025-08-19 10:43:43 INFO     Pipeline | 🔧 初始化远程通知器 - URL: http://192.168.1.250:8087/api/draw/openDraw, 超时: 15秒
2025-08-19 10:43:43 INFO     NotifyHandler | 🔄 K线通知后台处理线程开始运行
2025-08-19 10:43:43 INFO     NotifyHandler | 🚀 启动K线通知后台处理线程
2025-08-19 10:43:43 INFO     NotifyHandler | 🔧 初始化K线通知处理器 - 队列大小: 1000, 重试间隔: 10秒
2025-08-19 10:43:43 INFO     source_service | 初始化数据源服务，共 1 个数据源
2025-08-19 10:43:43 INFO     market_service | 初始化市场数据服务
2025-08-19 10:43:45 INFO     Pipeline | 🔧 初始化远程通知器 - URL: http://192.168.1.250:8087/api/draw/openDraw, 超时: 15秒
2025-08-19 10:43:45 INFO     NotifyHandler | 🔄 K线通知后台处理线程开始运行
2025-08-19 10:43:45 INFO     NotifyHandler | 🚀 启动K线通知后台处理线程
2025-08-19 10:43:45 INFO     NotifyHandler | 🔧 初始化K线通知处理器 - 队列大小: 1000, 重试间隔: 10秒
2025-08-19 10:43:45 INFO     source_service | 初始化数据源服务，共 1 个数据源
2025-08-19 10:43:45 INFO     market_service | 初始化市场数据服务
2025-08-19 10:43:45 INFO     MarketData | 🚀 初始化市场数据核心系统
2025-08-19 10:43:45 INFO     MarketData | 注册数据源: 问财
2025-08-19 10:43:45 INFO     MarketData | 启动数据源: 问财
2025-08-19 10:43:45 INFO     wen_cai_source | 🚀 启动数据源: 问财 (wen_cai)
2025-08-19 10:43:45 INFO     TickerScheduler | 🚀 定时任务调度器已启动
2025-08-19 10:43:45 INFO     TickerScheduler | ✅ 添加定时任务: wen_cai_data_update_realtime (每1.5秒) - 问财数据更新-实时数据
2025-08-19 10:43:45 INFO     TickerScheduler | ✅ 添加定时任务: wen_cai_data_update_kline (每10秒) - 问财数据更新-K线数据
2025-08-19 10:43:45 INFO     MarketData | ✅ 市场数据核心系统初始化完成
2025-08-19 10:43:45 INFO     API | 🚀 MarketStockMonitor API 服务启动成功
2025-08-19 10:43:56 INFO     ConsoleLogHandler | 📈 MarketData(source=wen_cai, symbol=HSI, type=kline1m, price=25216.41, timestamp=2025-08-19 09:30:00)
2025-08-19 10:43:56 INFO     NotifyHandler | 📤 数据已入队: HSI - 25216.41, 当前队列大小: 1
2025-08-19 10:43:56 INFO     NotifyHandler | 📥 从队列中获取待处理数据: MarketData(source=wen_cai, symbol=HSI, type=kline1m, price=25216.41, timestamp=2025-08-19 09:30:00)
2025-08-19 10:43:56 INFO     NotifyHandler | 📡 第 1 次尝试通知: HSI
2025-08-19 10:43:56 INFO     ConsoleLogHandler | 📈 MarketData(source=wen_cai, symbol=HSI, type=kline1m, price=25210.96, timestamp=2025-08-19 09:31:00)
2025-08-19 10:43:56 INFO     ConsoleLogHandler | 📈 MarketData(source=wen_cai, symbol=HSI, type=kline1m, price=25208.69, timestamp=2025-08-19 09:32:00)
2025-08-19 10:43:56 INFO     ConsoleLogHandler | 📈 MarketData(source=wen_cai, symbol=HSI, type=kline1m, price=25200.35, timestamp=2025-08-19 09:33:00)
2025-08-19 10:43:56 INFO     ConsoleLogHandler | 📈 MarketData(source=wen_cai, symbol=HSI, type=kline1m, price=25201.91, timestamp=2025-08-19 09:34:00)
2025-08-19 10:43:56 INFO     ConsoleLogHandler | 📈 MarketData(source=wen_cai, symbol=HSI, type=kline1m, price=25200.98, timestamp=2025-08-19 09:35:00)
2025-08-19 10:43:56 INFO     ConsoleLogHandler | 📈 MarketData(source=wen_cai, symbol=HSI, type=kline1m, price=25202.35, timestamp=2025-08-19 09:36:00)
2025-08-19 10:43:56 INFO     ConsoleLogHandler | 📈 MarketData(source=wen_cai, symbol=HSI, type=kline1m, price=25189.14, timestamp=2025-08-19 09:37:00)
2025-08-19 10:43:56 INFO     ConsoleLogHandler | 📈 MarketData(source=wen_cai, symbol=HSI, type=kline1m, price=25176.11, timestamp=2025-08-19 09:38:00)
2025-08-19 10:43:56 INFO     ConsoleLogHandler | 📈 MarketData(source=wen_cai, symbol=HSI, type=kline1m, price=25179.88, timestamp=2025-08-19 09:39:00)
2025-08-19 10:43:56 INFO     ConsoleLogHandler | 📈 MarketData(source=wen_cai, symbol=HSI, type=kline1m, price=25152.9, timestamp=2025-08-19 09:40:00)
2025-08-19 10:43:56 INFO     ConsoleLogHandler | 📈 MarketData(source=wen_cai, symbol=HSI, type=kline1m, price=25141.71, timestamp=2025-08-19 09:41:00)
2025-08-19 10:43:56 INFO     ConsoleLogHandler | 📈 MarketData(source=wen_cai, symbol=HSI, type=kline1m, price=25143.47, timestamp=2025-08-19 09:42:00)
2025-08-19 10:43:56 INFO     ConsoleLogHandler | 📈 MarketData(source=wen_cai, symbol=HSI, type=kline1m, price=25156.99, timestamp=2025-08-19 09:43:00)
2025-08-19 10:43:56 INFO     ConsoleLogHandler | 📈 MarketData(source=wen_cai, symbol=HSI, type=kline1m, price=25164.33, timestamp=2025-08-19 09:44:00)
2025-08-19 10:43:56 INFO     ConsoleLogHandler | 📈 MarketData(source=wen_cai, symbol=HSI, type=kline1m, price=25163.4, timestamp=2025-08-19 09:45:00)
2025-08-19 10:43:56 INFO     NotifyHandler | 📤 数据已入队: HSI - 25163.4, 当前队列大小: 1
2025-08-19 10:43:56 INFO     ConsoleLogHandler | 📈 MarketData(source=wen_cai, symbol=HSI, type=kline1m, price=25143.13, timestamp=2025-08-19 09:46:00)
2025-08-19 10:43:56 INFO     ConsoleLogHandler | 📈 MarketData(source=wen_cai, symbol=HSI, type=kline1m, price=25119.11, timestamp=2025-08-19 09:47:00)
2025-08-19 10:43:56 INFO     ConsoleLogHandler | 📈 MarketData(source=wen_cai, symbol=HSI, type=kline1m, price=25111.34, timestamp=2025-08-19 09:48:00)
2025-08-19 10:43:56 INFO     ConsoleLogHandler | 📈 MarketData(source=wen_cai, symbol=HSI, type=kline1m, price=25098.96, timestamp=2025-08-19 09:49:00)
2025-08-19 10:43:56 INFO     ConsoleLogHandler | 📈 MarketData(source=wen_cai, symbol=HSI, type=kline1m, price=25105.32, timestamp=2025-08-19 09:50:00)
2025-08-19 10:43:56 INFO     ConsoleLogHandler | 📈 MarketData(source=wen_cai, symbol=HSI, type=kline1m, price=25111.73, timestamp=2025-08-19 09:51:00)
2025-08-19 10:43:56 INFO     ConsoleLogHandler | 📈 MarketData(source=wen_cai, symbol=HSI, type=kline1m, price=25115.69, timestamp=2025-08-19 09:52:00)
2025-08-19 10:43:56 INFO     ConsoleLogHandler | 📈 MarketData(source=wen_cai, symbol=HSI, type=kline1m, price=25129.02, timestamp=2025-08-19 09:53:00)
2025-08-19 10:43:56 INFO     ConsoleLogHandler | 📈 MarketData(source=wen_cai, symbol=HSI, type=kline1m, price=25130.8, timestamp=2025-08-19 09:54:00)
2025-08-19 10:43:56 INFO     ConsoleLogHandler | 📈 MarketData(source=wen_cai, symbol=HSI, type=kline1m, price=25136.89, timestamp=2025-08-19 09:55:00)
2025-08-19 10:43:56 INFO     ConsoleLogHandler | 📈 MarketData(source=wen_cai, symbol=HSI, type=kline1m, price=25147.36, timestamp=2025-08-19 09:56:00)
2025-08-19 10:43:56 INFO     ConsoleLogHandler | 📈 MarketData(source=wen_cai, symbol=HSI, type=kline1m, price=25141.97, timestamp=2025-08-19 09:57:00)
2025-08-19 10:43:56 INFO     ConsoleLogHandler | 📈 MarketData(source=wen_cai, symbol=HSI, type=kline1m, price=25152.11, timestamp=2025-08-19 09:58:00)
2025-08-19 10:43:56 INFO     ConsoleLogHandler | 📈 MarketData(source=wen_cai, symbol=HSI, type=kline1m, price=25134.97, timestamp=2025-08-19 09:59:00)
2025-08-19 10:43:56 INFO     ConsoleLogHandler | 📈 MarketData(source=wen_cai, symbol=HSI, type=kline1m, price=25136.16, timestamp=2025-08-19 10:00:00)
2025-08-19 10:43:56 INFO     NotifyHandler | 📤 数据已入队: HSI - 25136.16, 当前队列大小: 2
2025-08-19 10:43:56 INFO     ConsoleLogHandler | 📈 MarketData(source=wen_cai, symbol=HSI, type=kline1m, price=25118.32, timestamp=2025-08-19 10:01:00)
2025-08-19 10:43:56 INFO     ConsoleLogHandler | 📈 MarketData(source=wen_cai, symbol=HSI, type=kline1m, price=25130.75, timestamp=2025-08-19 10:02:00)
2025-08-19 10:43:56 INFO     ConsoleLogHandler | 📈 MarketData(source=wen_cai, symbol=HSI, type=kline1m, price=25120.46, timestamp=2025-08-19 10:03:00)
2025-08-19 10:43:56 INFO     ConsoleLogHandler | 📈 MarketData(source=wen_cai, symbol=HSI, type=kline1m, price=25116.67, timestamp=2025-08-19 10:04:00)
2025-08-19 10:43:56 INFO     ConsoleLogHandler | 📈 MarketData(source=wen_cai, symbol=HSI, type=kline1m, price=25105.33, timestamp=2025-08-19 10:05:00)
2025-08-19 10:43:56 INFO     ConsoleLogHandler | 📈 MarketData(source=wen_cai, symbol=HSI, type=kline1m, price=25086.68, timestamp=2025-08-19 10:06:00)
2025-08-19 10:43:56 INFO     ConsoleLogHandler | 📈 MarketData(source=wen_cai, symbol=HSI, type=kline1m, price=25106.36, timestamp=2025-08-19 10:07:00)
2025-08-19 10:43:56 INFO     ConsoleLogHandler | 📈 MarketData(source=wen_cai, symbol=HSI, type=kline1m, price=25121.81, timestamp=2025-08-19 10:08:00)
2025-08-19 10:43:56 INFO     ConsoleLogHandler | 📈 MarketData(source=wen_cai, symbol=HSI, type=kline1m, price=25144.51, timestamp=2025-08-19 10:09:00)
2025-08-19 10:43:56 INFO     ConsoleLogHandler | 📈 MarketData(source=wen_cai, symbol=HSI, type=kline1m, price=25156.96, timestamp=2025-08-19 10:10:00)
2025-08-19 10:43:56 INFO     ConsoleLogHandler | 📈 MarketData(source=wen_cai, symbol=HSI, type=kline1m, price=25166.35, timestamp=2025-08-19 10:11:00)
2025-08-19 10:43:56 INFO     ConsoleLogHandler | 📈 MarketData(source=wen_cai, symbol=HSI, type=kline1m, price=25175.81, timestamp=2025-08-19 10:12:00)
2025-08-19 10:43:56 INFO     ConsoleLogHandler | 📈 MarketData(source=wen_cai, symbol=HSI, type=kline1m, price=25183.6, timestamp=2025-08-19 10:13:00)
2025-08-19 10:43:56 INFO     ConsoleLogHandler | 📈 MarketData(source=wen_cai, symbol=HSI, type=kline1m, price=25176.36, timestamp=2025-08-19 10:14:00)
2025-08-19 10:43:56 INFO     ConsoleLogHandler | 📈 MarketData(source=wen_cai, symbol=HSI, type=kline1m, price=25157.8, timestamp=2025-08-19 10:15:00)
2025-08-19 10:43:56 INFO     NotifyHandler | 📤 数据已入队: HSI - 25157.8, 当前队列大小: 3
2025-08-19 10:43:56 INFO     ConsoleLogHandler | 📈 MarketData(source=wen_cai, symbol=HSI, type=kline1m, price=25169.21, timestamp=2025-08-19 10:16:00)
2025-08-19 10:43:56 INFO     ConsoleLogHandler | 📈 MarketData(source=wen_cai, symbol=HSI, type=kline1m, price=25168.4, timestamp=2025-08-19 10:17:00)
2025-08-19 10:43:56 INFO     ConsoleLogHandler | 📈 MarketData(source=wen_cai, symbol=HSI, type=kline1m, price=25138.47, timestamp=2025-08-19 10:18:00)
2025-08-19 10:43:56 INFO     ConsoleLogHandler | 📈 MarketData(source=wen_cai, symbol=HSI, type=kline1m, price=25147.98, timestamp=2025-08-19 10:19:00)
2025-08-19 10:43:56 INFO     ConsoleLogHandler | 📈 MarketData(source=wen_cai, symbol=HSI, type=kline1m, price=25153.85, timestamp=2025-08-19 10:20:00)
2025-08-19 10:43:56 INFO     ConsoleLogHandler | 📈 MarketData(source=wen_cai, symbol=HSI, type=kline1m, price=25158.74, timestamp=2025-08-19 10:21:00)
2025-08-19 10:43:56 INFO     ConsoleLogHandler | 📈 MarketData(source=wen_cai, symbol=HSI, type=kline1m, price=25164.48, timestamp=2025-08-19 10:22:00)
2025-08-19 10:43:56 INFO     ConsoleLogHandler | 📈 MarketData(source=wen_cai, symbol=HSI, type=kline1m, price=25161.32, timestamp=2025-08-19 10:23:00)
2025-08-19 10:43:56 INFO     ConsoleLogHandler | 📈 MarketData(source=wen_cai, symbol=HSI, type=kline1m, price=25164.15, timestamp=2025-08-19 10:24:00)
2025-08-19 10:43:56 INFO     ConsoleLogHandler | 📈 MarketData(source=wen_cai, symbol=HSI, type=kline1m, price=25165.78, timestamp=2025-08-19 10:25:00)
2025-08-19 10:43:56 INFO     ConsoleLogHandler | 📈 MarketData(source=wen_cai, symbol=HSI, type=kline1m, price=25181.02, timestamp=2025-08-19 10:26:00)
2025-08-19 10:43:56 INFO     ConsoleLogHandler | 📈 MarketData(source=wen_cai, symbol=HSI, type=kline1m, price=25183.3, timestamp=2025-08-19 10:27:00)
2025-08-19 10:43:56 INFO     ConsoleLogHandler | 📈 MarketData(source=wen_cai, symbol=HSI, type=kline1m, price=25194.64, timestamp=2025-08-19 10:28:00)
2025-08-19 10:43:56 INFO     ConsoleLogHandler | 📈 MarketData(source=wen_cai, symbol=HSI, type=kline1m, price=25185.26, timestamp=2025-08-19 10:29:00)
2025-08-19 10:43:56 INFO     ConsoleLogHandler | 📈 MarketData(source=wen_cai, symbol=HSI, type=kline1m, price=25189.79, timestamp=2025-08-19 10:30:00)
2025-08-19 10:43:56 INFO     NotifyHandler | 📤 数据已入队: HSI - 25189.79, 当前队列大小: 4
2025-08-19 10:43:56 INFO     ConsoleLogHandler | 📈 MarketData(source=wen_cai, symbol=HSI, type=kline1m, price=25189.63, timestamp=2025-08-19 10:31:00)
2025-08-19 10:43:56 INFO     ConsoleLogHandler | 📈 MarketData(source=wen_cai, symbol=HSI, type=kline1m, price=25193.0, timestamp=2025-08-19 10:32:00)
2025-08-19 10:43:56 INFO     ConsoleLogHandler | 📈 MarketData(source=wen_cai, symbol=HSI, type=kline1m, price=25193.93, timestamp=2025-08-19 10:33:00)
2025-08-19 10:43:56 INFO     ConsoleLogHandler | 📈 MarketData(source=wen_cai, symbol=HSI, type=kline1m, price=25198.26, timestamp=2025-08-19 10:34:00)
2025-08-19 10:43:56 INFO     ConsoleLogHandler | 📈 MarketData(source=wen_cai, symbol=HSI, type=kline1m, price=25205.17, timestamp=2025-08-19 10:35:00)
2025-08-19 10:43:56 INFO     ConsoleLogHandler | 📈 MarketData(source=wen_cai, symbol=HSI, type=kline1m, price=25205.69, timestamp=2025-08-19 10:36:00)
2025-08-19 10:43:56 INFO     ConsoleLogHandler | 📈 MarketData(source=wen_cai, symbol=HSI, type=kline1m, price=25199.57, timestamp=2025-08-19 10:37:00)
2025-08-19 10:43:56 INFO     ConsoleLogHandler | 📈 MarketData(source=wen_cai, symbol=HSI, type=kline1m, price=25184.75, timestamp=2025-08-19 10:38:00)
2025-08-19 10:43:56 INFO     ConsoleLogHandler | 📈 MarketData(source=wen_cai, symbol=HSI, type=kline1m, price=25192.58, timestamp=2025-08-19 10:39:00)
2025-08-19 10:43:56 INFO     ConsoleLogHandler | 📈 MarketData(source=wen_cai, symbol=HSI, type=kline1m, price=25184.76, timestamp=2025-08-19 10:40:00)
2025-08-19 10:43:56 INFO     ConsoleLogHandler | 📈 MarketData(source=wen_cai, symbol=HSI, type=kline1m, price=25205.68, timestamp=2025-08-19 10:41:00)
2025-08-19 10:43:56 INFO     ConsoleLogHandler | 📈 MarketData(source=wen_cai, symbol=HSI, type=kline1m, price=25208.73, timestamp=2025-08-19 10:42:00)
2025-08-19 10:43:56 INFO     wen_cai_source | 📊 更新了 HSI 的 73 条新K线数据
2025-08-19 10:43:56 INFO     NotifyHandler | ✅ 通知成功
2025-08-19 10:43:56 INFO     NotifyHandler | 📥 从队列中获取待处理数据: MarketData(source=wen_cai, symbol=HSI, type=kline1m, price=25163.4, timestamp=2025-08-19 09:45:00)
2025-08-19 10:43:56 INFO     NotifyHandler | 📡 第 1 次尝试通知: HSI
2025-08-19 10:43:56 INFO     NotifyHandler | ✅ 通知成功
2025-08-19 10:43:56 INFO     NotifyHandler | 📥 从队列中获取待处理数据: MarketData(source=wen_cai, symbol=HSI, type=kline1m, price=25136.16, timestamp=2025-08-19 10:00:00)
2025-08-19 10:43:56 INFO     NotifyHandler | 📡 第 1 次尝试通知: HSI
2025-08-19 10:43:56 INFO     NotifyHandler | ✅ 通知成功
2025-08-19 10:43:56 INFO     NotifyHandler | 📥 从队列中获取待处理数据: MarketData(source=wen_cai, symbol=HSI, type=kline1m, price=25157.8, timestamp=2025-08-19 10:15:00)
2025-08-19 10:43:56 INFO     NotifyHandler | 📡 第 1 次尝试通知: HSI
2025-08-19 10:43:56 INFO     NotifyHandler | ✅ 通知成功
2025-08-19 10:43:56 INFO     NotifyHandler | 📥 从队列中获取待处理数据: MarketData(source=wen_cai, symbol=HSI, type=kline1m, price=25189.79, timestamp=2025-08-19 10:30:00)
2025-08-19 10:43:56 INFO     NotifyHandler | 📡 第 1 次尝试通知: HSI
2025-08-19 10:43:56 INFO     NotifyHandler | ✅ 通知成功
2025-08-19 10:43:56 INFO     ConsoleLogHandler | 📈 MarketData(source=wen_cai, symbol=NASDAQ, type=kline1m, price=21624.34, timestamp=2025-08-18 21:30:00)
2025-08-19 10:43:56 INFO     NotifyHandler | 📤 数据已入队: NASDAQ - 21624.34, 当前队列大小: 1
2025-08-19 10:43:56 INFO     NotifyHandler | 📥 从队列中获取待处理数据: MarketData(source=wen_cai, symbol=NASDAQ, type=kline1m, price=21624.34, timestamp=2025-08-18 21:30:00)
2025-08-19 10:43:56 INFO     NotifyHandler | 📡 第 1 次尝试通知: NASDAQ
2025-08-19 10:43:56 INFO     ConsoleLogHandler | 📈 MarketData(source=wen_cai, symbol=NASDAQ, type=kline1m, price=21616.41, timestamp=2025-08-18 21:31:00)
2025-08-19 10:43:56 INFO     ConsoleLogHandler | 📈 MarketData(source=wen_cai, symbol=NASDAQ, type=kline1m, price=21618.62, timestamp=2025-08-18 21:32:00)
2025-08-19 10:43:56 INFO     ConsoleLogHandler | 📈 MarketData(source=wen_cai, symbol=NASDAQ, type=kline1m, price=21620.28, timestamp=2025-08-18 21:33:00)
2025-08-19 10:43:56 INFO     ConsoleLogHandler | 📈 MarketData(source=wen_cai, symbol=NASDAQ, type=kline1m, price=21646.48, timestamp=2025-08-18 21:34:00)
2025-08-19 10:43:56 INFO     ConsoleLogHandler | 📈 MarketData(source=wen_cai, symbol=NASDAQ, type=kline1m, price=21639.11, timestamp=2025-08-18 21:35:00)
2025-08-19 10:43:56 INFO     ConsoleLogHandler | 📈 MarketData(source=wen_cai, symbol=NASDAQ, type=kline1m, price=21635.23, timestamp=2025-08-18 21:36:00)
2025-08-19 10:43:56 INFO     ConsoleLogHandler | 📈 MarketData(source=wen_cai, symbol=NASDAQ, type=kline1m, price=21625.62, timestamp=2025-08-18 21:37:00)
2025-08-19 10:43:56 INFO     ConsoleLogHandler | 📈 MarketData(source=wen_cai, symbol=NASDAQ, type=kline1m, price=21620.23, timestamp=2025-08-18 21:38:00)
2025-08-19 10:43:56 INFO     ConsoleLogHandler | 📈 MarketData(source=wen_cai, symbol=NASDAQ, type=kline1m, price=21639.22, timestamp=2025-08-18 21:39:00)
2025-08-19 10:43:56 INFO     ConsoleLogHandler | 📈 MarketData(source=wen_cai, symbol=NASDAQ, type=kline1m, price=21624.14, timestamp=2025-08-18 21:40:00)
2025-08-19 10:43:56 INFO     ConsoleLogHandler | 📈 MarketData(source=wen_cai, symbol=NASDAQ, type=kline1m, price=21631.37, timestamp=2025-08-18 21:41:00)
2025-08-19 10:43:56 INFO     ConsoleLogHandler | 📈 MarketData(source=wen_cai, symbol=NASDAQ, type=kline1m, price=21608.35, timestamp=2025-08-18 21:42:00)
2025-08-19 10:43:56 INFO     ConsoleLogHandler | 📈 MarketData(source=wen_cai, symbol=NASDAQ, type=kline1m, price=21610.47, timestamp=2025-08-18 21:43:00)
2025-08-19 10:43:56 INFO     ConsoleLogHandler | 📈 MarketData(source=wen_cai, symbol=NASDAQ, type=kline1m, price=21612.29, timestamp=2025-08-18 21:44:00)
2025-08-19 10:43:56 INFO     ConsoleLogHandler | 📈 MarketData(source=wen_cai, symbol=NASDAQ, type=kline1m, price=21612.73, timestamp=2025-08-18 21:45:00)
2025-08-19 10:43:56 INFO     NotifyHandler | 📤 数据已入队: NASDAQ - 21612.73, 当前队列大小: 1
2025-08-19 10:43:56 INFO     ConsoleLogHandler | 📈 MarketData(source=wen_cai, symbol=NASDAQ, type=kline1m, price=21619.51, timestamp=2025-08-18 21:46:00)
2025-08-19 10:43:56 INFO     ConsoleLogHandler | 📈 MarketData(source=wen_cai, symbol=NASDAQ, type=kline1m, price=21625.98, timestamp=2025-08-18 21:47:00)
2025-08-19 10:43:56 INFO     ConsoleLogHandler | 📈 MarketData(source=wen_cai, symbol=NASDAQ, type=kline1m, price=21632.95, timestamp=2025-08-18 21:48:00)
2025-08-19 10:43:56 INFO     ConsoleLogHandler | 📈 MarketData(source=wen_cai, symbol=NASDAQ, type=kline1m, price=21627.57, timestamp=2025-08-18 21:49:00)
2025-08-19 10:43:56 INFO     ConsoleLogHandler | 📈 MarketData(source=wen_cai, symbol=NASDAQ, type=kline1m, price=21619.32, timestamp=2025-08-18 21:50:00)
2025-08-19 10:43:56 INFO     ConsoleLogHandler | 📈 MarketData(source=wen_cai, symbol=NASDAQ, type=kline1m, price=21594.46, timestamp=2025-08-18 21:51:00)
2025-08-19 10:43:56 INFO     ConsoleLogHandler | 📈 MarketData(source=wen_cai, symbol=NASDAQ, type=kline1m, price=21588.88, timestamp=2025-08-18 21:52:00)
2025-08-19 10:43:56 INFO     ConsoleLogHandler | 📈 MarketData(source=wen_cai, symbol=NASDAQ, type=kline1m, price=21595.36, timestamp=2025-08-18 21:53:00)
2025-08-19 10:43:56 INFO     ConsoleLogHandler | 📈 MarketData(source=wen_cai, symbol=NASDAQ, type=kline1m, price=21595.03, timestamp=2025-08-18 21:54:00)
2025-08-19 10:43:56 INFO     ConsoleLogHandler | 📈 MarketData(source=wen_cai, symbol=NASDAQ, type=kline1m, price=21602.66, timestamp=2025-08-18 21:55:00)
2025-08-19 10:43:56 INFO     ConsoleLogHandler | 📈 MarketData(source=wen_cai, symbol=NASDAQ, type=kline1m, price=21600.5, timestamp=2025-08-18 21:56:00)
2025-08-19 10:43:56 INFO     ConsoleLogHandler | 📈 MarketData(source=wen_cai, symbol=NASDAQ, type=kline1m, price=21598.8, timestamp=2025-08-18 21:57:00)
2025-08-19 10:43:56 INFO     ConsoleLogHandler | 📈 MarketData(source=wen_cai, symbol=NASDAQ, type=kline1m, price=21585.18, timestamp=2025-08-18 21:58:00)
2025-08-19 10:43:56 INFO     ConsoleLogHandler | 📈 MarketData(source=wen_cai, symbol=NASDAQ, type=kline1m, price=21586.07, timestamp=2025-08-18 21:59:00)
2025-08-19 10:43:56 INFO     ConsoleLogHandler | 📈 MarketData(source=wen_cai, symbol=NASDAQ, type=kline1m, price=21593.41, timestamp=2025-08-18 22:00:00)
2025-08-19 10:43:56 INFO     NotifyHandler | 📤 数据已入队: NASDAQ - 21593.41, 当前队列大小: 2
2025-08-19 10:43:56 INFO     ConsoleLogHandler | 📈 MarketData(source=wen_cai, symbol=NASDAQ, type=kline1m, price=21593.95, timestamp=2025-08-18 22:01:00)
2025-08-19 10:43:56 INFO     ConsoleLogHandler | 📈 MarketData(source=wen_cai, symbol=NASDAQ, type=kline1m, price=21599.42, timestamp=2025-08-18 22:02:00)
2025-08-19 10:43:56 INFO     ConsoleLogHandler | 📈 MarketData(source=wen_cai, symbol=NASDAQ, type=kline1m, price=21614.42, timestamp=2025-08-18 22:03:00)
2025-08-19 10:43:56 INFO     ConsoleLogHandler | 📈 MarketData(source=wen_cai, symbol=NASDAQ, type=kline1m, price=21621.82, timestamp=2025-08-18 22:04:00)
2025-08-19 10:43:56 INFO     ConsoleLogHandler | 📈 MarketData(source=wen_cai, symbol=NASDAQ, type=kline1m, price=21618.09, timestamp=2025-08-18 22:05:00)
2025-08-19 10:43:56 INFO     ConsoleLogHandler | 📈 MarketData(source=wen_cai, symbol=NASDAQ, type=kline1m, price=21621.3, timestamp=2025-08-18 22:06:00)
2025-08-19 10:43:56 INFO     ConsoleLogHandler | 📈 MarketData(source=wen_cai, symbol=NASDAQ, type=kline1m, price=21623.52, timestamp=2025-08-18 22:07:00)
2025-08-19 10:43:56 INFO     ConsoleLogHandler | 📈 MarketData(source=wen_cai, symbol=NASDAQ, type=kline1m, price=21620.0, timestamp=2025-08-18 22:08:00)
2025-08-19 10:43:56 INFO     ConsoleLogHandler | 📈 MarketData(source=wen_cai, symbol=NASDAQ, type=kline1m, price=21610.83, timestamp=2025-08-18 22:09:00)
2025-08-19 10:43:56 INFO     ConsoleLogHandler | 📈 MarketData(source=wen_cai, symbol=NASDAQ, type=kline1m, price=21607.22, timestamp=2025-08-18 22:10:00)
2025-08-19 10:43:56 INFO     ConsoleLogHandler | 📈 MarketData(source=wen_cai, symbol=NASDAQ, type=kline1m, price=21609.49, timestamp=2025-08-18 22:11:00)
2025-08-19 10:43:56 INFO     ConsoleLogHandler | 📈 MarketData(source=wen_cai, symbol=NASDAQ, type=kline1m, price=21603.67, timestamp=2025-08-18 22:12:00)
2025-08-19 10:43:56 INFO     ConsoleLogHandler | 📈 MarketData(source=wen_cai, symbol=NASDAQ, type=kline1m, price=21602.9, timestamp=2025-08-18 22:13:00)
2025-08-19 10:43:56 INFO     ConsoleLogHandler | 📈 MarketData(source=wen_cai, symbol=NASDAQ, type=kline1m, price=21607.38, timestamp=2025-08-18 22:14:00)
2025-08-19 10:43:56 INFO     ConsoleLogHandler | 📈 MarketData(source=wen_cai, symbol=NASDAQ, type=kline1m, price=21602.69, timestamp=2025-08-18 22:15:00)
2025-08-19 10:43:56 INFO     NotifyHandler | 📤 数据已入队: NASDAQ - 21602.69, 当前队列大小: 3
2025-08-19 10:43:56 INFO     ConsoleLogHandler | 📈 MarketData(source=wen_cai, symbol=NASDAQ, type=kline1m, price=21605.09, timestamp=2025-08-18 22:16:00)
2025-08-19 10:43:56 INFO     ConsoleLogHandler | 📈 MarketData(source=wen_cai, symbol=NASDAQ, type=kline1m, price=21612.66, timestamp=2025-08-18 22:17:00)
2025-08-19 10:43:56 INFO     ConsoleLogHandler | 📈 MarketData(source=wen_cai, symbol=NASDAQ, type=kline1m, price=21612.79, timestamp=2025-08-18 22:18:00)
2025-08-19 10:43:56 INFO     ConsoleLogHandler | 📈 MarketData(source=wen_cai, symbol=NASDAQ, type=kline1m, price=21613.5, timestamp=2025-08-18 22:19:00)
2025-08-19 10:43:56 INFO     ConsoleLogHandler | 📈 MarketData(source=wen_cai, symbol=NASDAQ, type=kline1m, price=21607.53, timestamp=2025-08-18 22:20:00)
2025-08-19 10:43:56 INFO     ConsoleLogHandler | 📈 MarketData(source=wen_cai, symbol=NASDAQ, type=kline1m, price=21619.79, timestamp=2025-08-18 22:21:00)
2025-08-19 10:43:56 INFO     ConsoleLogHandler | 📈 MarketData(source=wen_cai, symbol=NASDAQ, type=kline1m, price=21629.71, timestamp=2025-08-18 22:22:00)
2025-08-19 10:43:56 INFO     ConsoleLogHandler | 📈 MarketData(source=wen_cai, symbol=NASDAQ, type=kline1m, price=21628.78, timestamp=2025-08-18 22:23:00)
2025-08-19 10:43:56 INFO     ConsoleLogHandler | 📈 MarketData(source=wen_cai, symbol=NASDAQ, type=kline1m, price=21641.35, timestamp=2025-08-18 22:24:00)
2025-08-19 10:43:56 INFO     ConsoleLogHandler | 📈 MarketData(source=wen_cai, symbol=NASDAQ, type=kline1m, price=21647.02, timestamp=2025-08-18 22:25:00)
2025-08-19 10:43:56 INFO     ConsoleLogHandler | 📈 MarketData(source=wen_cai, symbol=NASDAQ, type=kline1m, price=21649.55, timestamp=2025-08-18 22:26:00)
2025-08-19 10:43:56 INFO     ConsoleLogHandler | 📈 MarketData(source=wen_cai, symbol=NASDAQ, type=kline1m, price=21650.7, timestamp=2025-08-18 22:27:00)
2025-08-19 10:43:56 INFO     ConsoleLogHandler | 📈 MarketData(source=wen_cai, symbol=NASDAQ, type=kline1m, price=21636.82, timestamp=2025-08-18 22:28:00)
2025-08-19 10:43:56 INFO     ConsoleLogHandler | 📈 MarketData(source=wen_cai, symbol=NASDAQ, type=kline1m, price=21623.53, timestamp=2025-08-18 22:29:00)
2025-08-19 10:43:56 INFO     ConsoleLogHandler | 📈 MarketData(source=wen_cai, symbol=NASDAQ, type=kline1m, price=21611.63, timestamp=2025-08-18 22:30:00)
2025-08-19 10:43:56 INFO     NotifyHandler | 📤 数据已入队: NASDAQ - 21611.63, 当前队列大小: 4
2025-08-19 10:43:56 INFO     ConsoleLogHandler | 📈 MarketData(source=wen_cai, symbol=NASDAQ, type=kline1m, price=21613.41, timestamp=2025-08-18 22:31:00)
2025-08-19 10:43:56 INFO     ConsoleLogHandler | 📈 MarketData(source=wen_cai, symbol=NASDAQ, type=kline1m, price=21616.2, timestamp=2025-08-18 22:32:00)
2025-08-19 10:43:56 INFO     ConsoleLogHandler | 📈 MarketData(source=wen_cai, symbol=NASDAQ, type=kline1m, price=21614.16, timestamp=2025-08-18 22:33:00)
2025-08-19 10:43:56 INFO     ConsoleLogHandler | 📈 MarketData(source=wen_cai, symbol=NASDAQ, type=kline1m, price=21619.33, timestamp=2025-08-18 22:34:00)
2025-08-19 10:43:56 INFO     ConsoleLogHandler | 📈 MarketData(source=wen_cai, symbol=NASDAQ, type=kline1m, price=21617.6, timestamp=2025-08-18 22:35:00)
2025-08-19 10:43:56 INFO     ConsoleLogHandler | 📈 MarketData(source=wen_cai, symbol=NASDAQ, type=kline1m, price=21613.29, timestamp=2025-08-18 22:36:00)
2025-08-19 10:43:56 INFO     ConsoleLogHandler | 📈 MarketData(source=wen_cai, symbol=NASDAQ, type=kline1m, price=21614.01, timestamp=2025-08-18 22:37:00)
2025-08-19 10:43:56 INFO     ConsoleLogHandler | 📈 MarketData(source=wen_cai, symbol=NASDAQ, type=kline1m, price=21613.17, timestamp=2025-08-18 22:38:00)
2025-08-19 10:43:56 INFO     ConsoleLogHandler | 📈 MarketData(source=wen_cai, symbol=NASDAQ, type=kline1m, price=21605.65, timestamp=2025-08-18 22:39:00)
2025-08-19 10:43:56 INFO     ConsoleLogHandler | 📈 MarketData(source=wen_cai, symbol=NASDAQ, type=kline1m, price=21610.28, timestamp=2025-08-18 22:40:00)
2025-08-19 10:43:56 INFO     ConsoleLogHandler | 📈 MarketData(source=wen_cai, symbol=NASDAQ, type=kline1m, price=21609.77, timestamp=2025-08-18 22:41:00)
2025-08-19 10:43:56 INFO     ConsoleLogHandler | 📈 MarketData(source=wen_cai, symbol=NASDAQ, type=kline1m, price=21603.69, timestamp=2025-08-18 22:42:00)
2025-08-19 10:43:56 INFO     ConsoleLogHandler | 📈 MarketData(source=wen_cai, symbol=NASDAQ, type=kline1m, price=21599.63, timestamp=2025-08-18 22:43:00)
2025-08-19 10:43:56 INFO     ConsoleLogHandler | 📈 MarketData(source=wen_cai, symbol=NASDAQ, type=kline1m, price=21598.49, timestamp=2025-08-18 22:44:00)
2025-08-19 10:43:56 INFO     ConsoleLogHandler | 📈 MarketData(source=wen_cai, symbol=NASDAQ, type=kline1m, price=21585.21, timestamp=2025-08-18 22:45:00)
2025-08-19 10:43:56 INFO     NotifyHandler | 📤 数据已入队: NASDAQ - 21585.21, 当前队列大小: 5
2025-08-19 10:43:56 INFO     ConsoleLogHandler | 📈 MarketData(source=wen_cai, symbol=NASDAQ, type=kline1m, price=21570.38, timestamp=2025-08-18 22:46:00)
2025-08-19 10:43:56 INFO     ConsoleLogHandler | 📈 MarketData(source=wen_cai, symbol=NASDAQ, type=kline1m, price=21567.83, timestamp=2025-08-18 22:47:00)
2025-08-19 10:43:56 INFO     ConsoleLogHandler | 📈 MarketData(source=wen_cai, symbol=NASDAQ, type=kline1m, price=21571.16, timestamp=2025-08-18 22:48:00)
2025-08-19 10:43:56 INFO     ConsoleLogHandler | 📈 MarketData(source=wen_cai, symbol=NASDAQ, type=kline1m, price=21577.63, timestamp=2025-08-18 22:49:00)
2025-08-19 10:43:56 INFO     ConsoleLogHandler | 📈 MarketData(source=wen_cai, symbol=NASDAQ, type=kline1m, price=21584.73, timestamp=2025-08-18 22:50:00)
2025-08-19 10:43:56 INFO     ConsoleLogHandler | 📈 MarketData(source=wen_cai, symbol=NASDAQ, type=kline1m, price=21585.28, timestamp=2025-08-18 22:51:00)
2025-08-19 10:43:56 INFO     ConsoleLogHandler | 📈 MarketData(source=wen_cai, symbol=NASDAQ, type=kline1m, price=21591.69, timestamp=2025-08-18 22:52:00)
2025-08-19 10:43:56 INFO     ConsoleLogHandler | 📈 MarketData(source=wen_cai, symbol=NASDAQ, type=kline1m, price=21597.52, timestamp=2025-08-18 22:53:00)
2025-08-19 10:43:56 INFO     ConsoleLogHandler | 📈 MarketData(source=wen_cai, symbol=NASDAQ, type=kline1m, price=21600.54, timestamp=2025-08-18 22:54:00)
2025-08-19 10:43:56 INFO     ConsoleLogHandler | 📈 MarketData(source=wen_cai, symbol=NASDAQ, type=kline1m, price=21601.22, timestamp=2025-08-18 22:55:00)
2025-08-19 10:43:56 INFO     ConsoleLogHandler | 📈 MarketData(source=wen_cai, symbol=NASDAQ, type=kline1m, price=21600.67, timestamp=2025-08-18 22:56:00)
2025-08-19 10:43:56 INFO     NotifyHandler | ✅ 通知成功
2025-08-19 10:43:56 INFO     NotifyHandler | 📥 从队列中获取待处理数据: MarketData(source=wen_cai, symbol=NASDAQ, type=kline1m, price=21612.73, timestamp=2025-08-18 21:45:00)
2025-08-19 10:43:56 INFO     NotifyHandler | 📡 第 1 次尝试通知: NASDAQ
2025-08-19 10:43:56 INFO     ConsoleLogHandler | 📈 MarketData(source=wen_cai, symbol=NASDAQ, type=kline1m, price=21605.5, timestamp=2025-08-18 22:57:00)
2025-08-19 10:43:56 INFO     ConsoleLogHandler | 📈 MarketData(source=wen_cai, symbol=NASDAQ, type=kline1m, price=21599.58, timestamp=2025-08-18 22:58:00)
2025-08-19 10:43:56 INFO     ConsoleLogHandler | 📈 MarketData(source=wen_cai, symbol=NASDAQ, type=kline1m, price=21609.08, timestamp=2025-08-18 22:59:00)
2025-08-19 10:43:56 INFO     ConsoleLogHandler | 📈 MarketData(source=wen_cai, symbol=NASDAQ, type=kline1m, price=21612.38, timestamp=2025-08-18 23:00:00)
2025-08-19 10:43:56 INFO     NotifyHandler | 📤 数据已入队: NASDAQ - 21612.38, 当前队列大小: 5
2025-08-19 10:43:56 INFO     ConsoleLogHandler | 📈 MarketData(source=wen_cai, symbol=NASDAQ, type=kline1m, price=21611.56, timestamp=2025-08-18 23:01:00)
2025-08-19 10:43:56 INFO     ConsoleLogHandler | 📈 MarketData(source=wen_cai, symbol=NASDAQ, type=kline1m, price=21611.22, timestamp=2025-08-18 23:02:00)
2025-08-19 10:43:56 INFO     ConsoleLogHandler | 📈 MarketData(source=wen_cai, symbol=NASDAQ, type=kline1m, price=21606.83, timestamp=2025-08-18 23:03:00)
2025-08-19 10:43:56 INFO     ConsoleLogHandler | 📈 MarketData(source=wen_cai, symbol=NASDAQ, type=kline1m, price=21607.86, timestamp=2025-08-18 23:04:00)
2025-08-19 10:43:56 INFO     ConsoleLogHandler | 📈 MarketData(source=wen_cai, symbol=NASDAQ, type=kline1m, price=21604.47, timestamp=2025-08-18 23:05:00)
2025-08-19 10:43:56 INFO     ConsoleLogHandler | 📈 MarketData(source=wen_cai, symbol=NASDAQ, type=kline1m, price=21605.69, timestamp=2025-08-18 23:06:00)
2025-08-19 10:43:56 INFO     ConsoleLogHandler | 📈 MarketData(source=wen_cai, symbol=NASDAQ, type=kline1m, price=21602.22, timestamp=2025-08-18 23:07:00)
2025-08-19 10:43:56 INFO     ConsoleLogHandler | 📈 MarketData(source=wen_cai, symbol=NASDAQ, type=kline1m, price=21607.73, timestamp=2025-08-18 23:08:00)
2025-08-19 10:43:56 INFO     ConsoleLogHandler | 📈 MarketData(source=wen_cai, symbol=NASDAQ, type=kline1m, price=21612.94, timestamp=2025-08-18 23:09:00)
2025-08-19 10:43:56 INFO     ConsoleLogHandler | 📈 MarketData(source=wen_cai, symbol=NASDAQ, type=kline1m, price=21605.33, timestamp=2025-08-18 23:10:00)
2025-08-19 10:43:56 INFO     ConsoleLogHandler | 📈 MarketData(source=wen_cai, symbol=NASDAQ, type=kline1m, price=21608.32, timestamp=2025-08-18 23:11:00)
2025-08-19 10:43:56 INFO     ConsoleLogHandler | 📈 MarketData(source=wen_cai, symbol=NASDAQ, type=kline1m, price=21598.03, timestamp=2025-08-18 23:12:00)
2025-08-19 10:43:56 INFO     ConsoleLogHandler | 📈 MarketData(source=wen_cai, symbol=NASDAQ, type=kline1m, price=21594.04, timestamp=2025-08-18 23:13:00)
2025-08-19 10:43:56 INFO     ConsoleLogHandler | 📈 MarketData(source=wen_cai, symbol=NASDAQ, type=kline1m, price=21597.25, timestamp=2025-08-18 23:14:00)
2025-08-19 10:43:56 INFO     ConsoleLogHandler | 📈 MarketData(source=wen_cai, symbol=NASDAQ, type=kline1m, price=21595.03, timestamp=2025-08-18 23:15:00)
2025-08-19 10:43:56 INFO     NotifyHandler | 📤 数据已入队: NASDAQ - 21595.03, 当前队列大小: 6
2025-08-19 10:43:56 INFO     ConsoleLogHandler | 📈 MarketData(source=wen_cai, symbol=NASDAQ, type=kline1m, price=21591.16, timestamp=2025-08-18 23:16:00)
2025-08-19 10:43:56 INFO     ConsoleLogHandler | 📈 MarketData(source=wen_cai, symbol=NASDAQ, type=kline1m, price=21585.73, timestamp=2025-08-18 23:17:00)
2025-08-19 10:43:56 INFO     ConsoleLogHandler | 📈 MarketData(source=wen_cai, symbol=NASDAQ, type=kline1m, price=21587.0, timestamp=2025-08-18 23:18:00)
2025-08-19 10:43:56 INFO     ConsoleLogHandler | 📈 MarketData(source=wen_cai, symbol=NASDAQ, type=kline1m, price=21587.94, timestamp=2025-08-18 23:19:00)
2025-08-19 10:43:56 INFO     ConsoleLogHandler | 📈 MarketData(source=wen_cai, symbol=NASDAQ, type=kline1m, price=21593.2, timestamp=2025-08-18 23:20:00)
2025-08-19 10:43:56 INFO     ConsoleLogHandler | 📈 MarketData(source=wen_cai, symbol=NASDAQ, type=kline1m, price=21594.98, timestamp=2025-08-18 23:21:00)
2025-08-19 10:43:56 INFO     ConsoleLogHandler | 📈 MarketData(source=wen_cai, symbol=NASDAQ, type=kline1m, price=21602.15, timestamp=2025-08-18 23:22:00)
2025-08-19 10:43:56 INFO     ConsoleLogHandler | 📈 MarketData(source=wen_cai, symbol=NASDAQ, type=kline1m, price=21599.49, timestamp=2025-08-18 23:23:00)
2025-08-19 10:43:56 INFO     ConsoleLogHandler | 📈 MarketData(source=wen_cai, symbol=NASDAQ, type=kline1m, price=21597.02, timestamp=2025-08-18 23:24:00)
2025-08-19 10:43:56 INFO     ConsoleLogHandler | 📈 MarketData(source=wen_cai, symbol=NASDAQ, type=kline1m, price=21590.57, timestamp=2025-08-18 23:25:00)
2025-08-19 10:43:56 INFO     ConsoleLogHandler | 📈 MarketData(source=wen_cai, symbol=NASDAQ, type=kline1m, price=21585.73, timestamp=2025-08-18 23:26:00)
2025-08-19 10:43:56 INFO     ConsoleLogHandler | 📈 MarketData(source=wen_cai, symbol=NASDAQ, type=kline1m, price=21585.64, timestamp=2025-08-18 23:27:00)
2025-08-19 10:43:56 INFO     ConsoleLogHandler | 📈 MarketData(source=wen_cai, symbol=NASDAQ, type=kline1m, price=21588.1, timestamp=2025-08-18 23:28:00)
2025-08-19 10:43:56 INFO     ConsoleLogHandler | 📈 MarketData(source=wen_cai, symbol=NASDAQ, type=kline1m, price=21577.25, timestamp=2025-08-18 23:29:00)
2025-08-19 10:43:56 INFO     ConsoleLogHandler | 📈 MarketData(source=wen_cai, symbol=NASDAQ, type=kline1m, price=21580.68, timestamp=2025-08-18 23:30:00)
2025-08-19 10:43:56 INFO     NotifyHandler | 📤 数据已入队: NASDAQ - 21580.68, 当前队列大小: 7
2025-08-19 10:43:56 INFO     ConsoleLogHandler | 📈 MarketData(source=wen_cai, symbol=NASDAQ, type=kline1m, price=21575.76, timestamp=2025-08-18 23:31:00)
2025-08-19 10:43:56 INFO     ConsoleLogHandler | 📈 MarketData(source=wen_cai, symbol=NASDAQ, type=kline1m, price=21578.28, timestamp=2025-08-18 23:32:00)
2025-08-19 10:43:56 INFO     ConsoleLogHandler | 📈 MarketData(source=wen_cai, symbol=NASDAQ, type=kline1m, price=21574.25, timestamp=2025-08-18 23:33:00)
2025-08-19 10:43:56 INFO     ConsoleLogHandler | 📈 MarketData(source=wen_cai, symbol=NASDAQ, type=kline1m, price=21572.34, timestamp=2025-08-18 23:34:00)
2025-08-19 10:43:56 INFO     ConsoleLogHandler | 📈 MarketData(source=wen_cai, symbol=NASDAQ, type=kline1m, price=21574.15, timestamp=2025-08-18 23:35:00)
2025-08-19 10:43:56 INFO     ConsoleLogHandler | 📈 MarketData(source=wen_cai, symbol=NASDAQ, type=kline1m, price=21571.27, timestamp=2025-08-18 23:36:00)
2025-08-19 10:43:56 INFO     ConsoleLogHandler | 📈 MarketData(source=wen_cai, symbol=NASDAQ, type=kline1m, price=21575.06, timestamp=2025-08-18 23:37:00)
2025-08-19 10:43:56 INFO     ConsoleLogHandler | 📈 MarketData(source=wen_cai, symbol=NASDAQ, type=kline1m, price=21584.0, timestamp=2025-08-18 23:38:00)
2025-08-19 10:43:56 INFO     NotifyHandler | ✅ 通知成功
2025-08-19 10:43:56 INFO     ConsoleLogHandler | 📈 MarketData(source=wen_cai, symbol=NASDAQ, type=kline1m, price=21584.0, timestamp=2025-08-18 23:39:00)
2025-08-19 10:43:56 INFO     NotifyHandler | 📥 从队列中获取待处理数据: MarketData(source=wen_cai, symbol=NASDAQ, type=kline1m, price=21593.41, timestamp=2025-08-18 22:00:00)
2025-08-19 10:43:56 INFO     ConsoleLogHandler | 📈 MarketData(source=wen_cai, symbol=NASDAQ, type=kline1m, price=21587.62, timestamp=2025-08-18 23:40:00)
2025-08-19 10:43:56 INFO     NotifyHandler | 📡 第 1 次尝试通知: NASDAQ
2025-08-19 10:43:56 INFO     ConsoleLogHandler | 📈 MarketData(source=wen_cai, symbol=NASDAQ, type=kline1m, price=21584.88, timestamp=2025-08-18 23:41:00)
2025-08-19 10:43:56 INFO     ConsoleLogHandler | 📈 MarketData(source=wen_cai, symbol=NASDAQ, type=kline1m, price=21580.72, timestamp=2025-08-18 23:42:00)
2025-08-19 10:43:56 INFO     ConsoleLogHandler | 📈 MarketData(source=wen_cai, symbol=NASDAQ, type=kline1m, price=21582.89, timestamp=2025-08-18 23:43:00)
2025-08-19 10:43:56 INFO     ConsoleLogHandler | 📈 MarketData(source=wen_cai, symbol=NASDAQ, type=kline1m, price=21583.53, timestamp=2025-08-18 23:44:00)
2025-08-19 10:43:56 INFO     ConsoleLogHandler | 📈 MarketData(source=wen_cai, symbol=NASDAQ, type=kline1m, price=21589.98, timestamp=2025-08-18 23:45:00)
2025-08-19 10:43:56 INFO     NotifyHandler | 📤 数据已入队: NASDAQ - 21589.98, 当前队列大小: 7
2025-08-19 10:43:56 INFO     ConsoleLogHandler | 📈 MarketData(source=wen_cai, symbol=NASDAQ, type=kline1m, price=21586.76, timestamp=2025-08-18 23:46:00)
2025-08-19 10:43:56 INFO     ConsoleLogHandler | 📈 MarketData(source=wen_cai, symbol=NASDAQ, type=kline1m, price=21591.04, timestamp=2025-08-18 23:47:00)
2025-08-19 10:43:56 INFO     ConsoleLogHandler | 📈 MarketData(source=wen_cai, symbol=NASDAQ, type=kline1m, price=21591.78, timestamp=2025-08-18 23:48:00)
2025-08-19 10:43:56 INFO     ConsoleLogHandler | 📈 MarketData(source=wen_cai, symbol=NASDAQ, type=kline1m, price=21592.01, timestamp=2025-08-18 23:49:00)
2025-08-19 10:43:56 INFO     ConsoleLogHandler | 📈 MarketData(source=wen_cai, symbol=NASDAQ, type=kline1m, price=21593.05, timestamp=2025-08-18 23:50:00)
2025-08-19 10:43:56 INFO     ConsoleLogHandler | 📈 MarketData(source=wen_cai, symbol=NASDAQ, type=kline1m, price=21588.84, timestamp=2025-08-18 23:51:00)
2025-08-19 10:43:56 INFO     ConsoleLogHandler | 📈 MarketData(source=wen_cai, symbol=NASDAQ, type=kline1m, price=21587.55, timestamp=2025-08-18 23:52:00)
2025-08-19 10:43:56 INFO     ConsoleLogHandler | 📈 MarketData(source=wen_cai, symbol=NASDAQ, type=kline1m, price=21587.49, timestamp=2025-08-18 23:53:00)
2025-08-19 10:43:56 INFO     ConsoleLogHandler | 📈 MarketData(source=wen_cai, symbol=NASDAQ, type=kline1m, price=21587.9, timestamp=2025-08-18 23:54:00)
2025-08-19 10:43:56 INFO     ConsoleLogHandler | 📈 MarketData(source=wen_cai, symbol=NASDAQ, type=kline1m, price=21583.82, timestamp=2025-08-18 23:55:00)
2025-08-19 10:43:56 INFO     ConsoleLogHandler | 📈 MarketData(source=wen_cai, symbol=NASDAQ, type=kline1m, price=21582.22, timestamp=2025-08-18 23:56:00)
2025-08-19 10:43:56 INFO     ConsoleLogHandler | 📈 MarketData(source=wen_cai, symbol=NASDAQ, type=kline1m, price=21585.72, timestamp=2025-08-18 23:57:00)
2025-08-19 10:43:56 INFO     ConsoleLogHandler | 📈 MarketData(source=wen_cai, symbol=NASDAQ, type=kline1m, price=21585.26, timestamp=2025-08-18 23:58:00)
2025-08-19 10:43:56 INFO     ConsoleLogHandler | 📈 MarketData(source=wen_cai, symbol=NASDAQ, type=kline1m, price=21586.93, timestamp=2025-08-18 23:59:00)
2025-08-19 10:43:56 INFO     ConsoleLogHandler | 📈 MarketData(source=wen_cai, symbol=NASDAQ, type=kline1m, price=21587.53, timestamp=2025-08-19 00:00:00)
2025-08-19 10:43:56 INFO     NotifyHandler | 📤 数据已入队: NASDAQ - 21587.53, 当前队列大小: 8
2025-08-19 10:43:56 INFO     ConsoleLogHandler | 📈 MarketData(source=wen_cai, symbol=NASDAQ, type=kline1m, price=21590.79, timestamp=2025-08-19 00:01:00)
2025-08-19 10:43:56 INFO     ConsoleLogHandler | 📈 MarketData(source=wen_cai, symbol=NASDAQ, type=kline1m, price=21595.23, timestamp=2025-08-19 00:02:00)
2025-08-19 10:43:56 INFO     ConsoleLogHandler | 📈 MarketData(source=wen_cai, symbol=NASDAQ, type=kline1m, price=21593.87, timestamp=2025-08-19 00:03:00)
2025-08-19 10:43:56 INFO     ConsoleLogHandler | 📈 MarketData(source=wen_cai, symbol=NASDAQ, type=kline1m, price=21595.25, timestamp=2025-08-19 00:04:00)
2025-08-19 10:43:56 INFO     ConsoleLogHandler | 📈 MarketData(source=wen_cai, symbol=NASDAQ, type=kline1m, price=21593.63, timestamp=2025-08-19 00:05:00)
2025-08-19 10:43:56 INFO     ConsoleLogHandler | 📈 MarketData(source=wen_cai, symbol=NASDAQ, type=kline1m, price=21593.6, timestamp=2025-08-19 00:06:00)
2025-08-19 10:43:56 INFO     ConsoleLogHandler | 📈 MarketData(source=wen_cai, symbol=NASDAQ, type=kline1m, price=21589.26, timestamp=2025-08-19 00:07:00)
2025-08-19 10:43:56 INFO     ConsoleLogHandler | 📈 MarketData(source=wen_cai, symbol=NASDAQ, type=kline1m, price=21590.89, timestamp=2025-08-19 00:08:00)
2025-08-19 10:43:56 INFO     ConsoleLogHandler | 📈 MarketData(source=wen_cai, symbol=NASDAQ, type=kline1m, price=21597.0, timestamp=2025-08-19 00:09:00)
2025-08-19 10:43:56 INFO     ConsoleLogHandler | 📈 MarketData(source=wen_cai, symbol=NASDAQ, type=kline1m, price=21596.23, timestamp=2025-08-19 00:10:00)
2025-08-19 10:43:56 INFO     ConsoleLogHandler | 📈 MarketData(source=wen_cai, symbol=NASDAQ, type=kline1m, price=21599.4, timestamp=2025-08-19 00:11:00)
2025-08-19 10:43:56 INFO     ConsoleLogHandler | 📈 MarketData(source=wen_cai, symbol=NASDAQ, type=kline1m, price=21602.23, timestamp=2025-08-19 00:12:00)
2025-08-19 10:43:56 INFO     ConsoleLogHandler | 📈 MarketData(source=wen_cai, symbol=NASDAQ, type=kline1m, price=21593.02, timestamp=2025-08-19 00:13:00)
2025-08-19 10:43:56 INFO     ConsoleLogHandler | 📈 MarketData(source=wen_cai, symbol=NASDAQ, type=kline1m, price=21591.85, timestamp=2025-08-19 00:14:00)
2025-08-19 10:43:56 INFO     NotifyHandler | ✅ 通知成功
2025-08-19 10:43:56 INFO     NotifyHandler | 📥 从队列中获取待处理数据: MarketData(source=wen_cai, symbol=NASDAQ, type=kline1m, price=21602.69, timestamp=2025-08-18 22:15:00)
2025-08-19 10:43:56 INFO     ConsoleLogHandler | 📈 MarketData(source=wen_cai, symbol=NASDAQ, type=kline1m, price=21590.53, timestamp=2025-08-19 00:15:00)
2025-08-19 10:43:56 INFO     NotifyHandler | 📡 第 1 次尝试通知: NASDAQ
2025-08-19 10:43:56 INFO     NotifyHandler | 📤 数据已入队: NASDAQ - 21590.53, 当前队列大小: 8
2025-08-19 10:43:56 INFO     ConsoleLogHandler | 📈 MarketData(source=wen_cai, symbol=NASDAQ, type=kline1m, price=21591.92, timestamp=2025-08-19 00:16:00)
2025-08-19 10:43:56 INFO     ConsoleLogHandler | 📈 MarketData(source=wen_cai, symbol=NASDAQ, type=kline1m, price=21593.56, timestamp=2025-08-19 00:17:00)
2025-08-19 10:43:56 INFO     ConsoleLogHandler | 📈 MarketData(source=wen_cai, symbol=NASDAQ, type=kline1m, price=21593.76, timestamp=2025-08-19 00:18:00)
2025-08-19 10:43:56 INFO     ConsoleLogHandler | 📈 MarketData(source=wen_cai, symbol=NASDAQ, type=kline1m, price=21599.46, timestamp=2025-08-19 00:19:00)
2025-08-19 10:43:56 INFO     ConsoleLogHandler | 📈 MarketData(source=wen_cai, symbol=NASDAQ, type=kline1m, price=21600.86, timestamp=2025-08-19 00:20:00)
2025-08-19 10:43:56 INFO     ConsoleLogHandler | 📈 MarketData(source=wen_cai, symbol=NASDAQ, type=kline1m, price=21608.67, timestamp=2025-08-19 00:21:00)
2025-08-19 10:43:56 INFO     ConsoleLogHandler | 📈 MarketData(source=wen_cai, symbol=NASDAQ, type=kline1m, price=21609.08, timestamp=2025-08-19 00:22:00)
2025-08-19 10:43:56 INFO     ConsoleLogHandler | 📈 MarketData(source=wen_cai, symbol=NASDAQ, type=kline1m, price=21606.09, timestamp=2025-08-19 00:23:00)
2025-08-19 10:43:56 INFO     ConsoleLogHandler | 📈 MarketData(source=wen_cai, symbol=NASDAQ, type=kline1m, price=21606.39, timestamp=2025-08-19 00:24:00)
2025-08-19 10:43:56 INFO     ConsoleLogHandler | 📈 MarketData(source=wen_cai, symbol=NASDAQ, type=kline1m, price=21601.78, timestamp=2025-08-19 00:25:00)
2025-08-19 10:43:56 INFO     ConsoleLogHandler | 📈 MarketData(source=wen_cai, symbol=NASDAQ, type=kline1m, price=21604.33, timestamp=2025-08-19 00:26:00)
2025-08-19 10:43:56 INFO     ConsoleLogHandler | 📈 MarketData(source=wen_cai, symbol=NASDAQ, type=kline1m, price=21601.15, timestamp=2025-08-19 00:27:00)
2025-08-19 10:43:56 INFO     ConsoleLogHandler | 📈 MarketData(source=wen_cai, symbol=NASDAQ, type=kline1m, price=21604.49, timestamp=2025-08-19 00:28:00)
2025-08-19 10:43:56 INFO     ConsoleLogHandler | 📈 MarketData(source=wen_cai, symbol=NASDAQ, type=kline1m, price=21602.43, timestamp=2025-08-19 00:29:00)
2025-08-19 10:43:56 INFO     ConsoleLogHandler | 📈 MarketData(source=wen_cai, symbol=NASDAQ, type=kline1m, price=21605.59, timestamp=2025-08-19 00:30:00)
2025-08-19 10:43:56 INFO     NotifyHandler | 📤 数据已入队: NASDAQ - 21605.59, 当前队列大小: 9
2025-08-19 10:43:56 INFO     ConsoleLogHandler | 📈 MarketData(source=wen_cai, symbol=NASDAQ, type=kline1m, price=21607.73, timestamp=2025-08-19 00:31:00)
2025-08-19 10:43:56 INFO     ConsoleLogHandler | 📈 MarketData(source=wen_cai, symbol=NASDAQ, type=kline1m, price=21608.34, timestamp=2025-08-19 00:32:00)
2025-08-19 10:43:56 INFO     ConsoleLogHandler | 📈 MarketData(source=wen_cai, symbol=NASDAQ, type=kline1m, price=21604.99, timestamp=2025-08-19 00:33:00)
2025-08-19 10:43:56 INFO     ConsoleLogHandler | 📈 MarketData(source=wen_cai, symbol=NASDAQ, type=kline1m, price=21603.56, timestamp=2025-08-19 00:34:00)
2025-08-19 10:43:56 INFO     ConsoleLogHandler | 📈 MarketData(source=wen_cai, symbol=NASDAQ, type=kline1m, price=21594.61, timestamp=2025-08-19 00:35:00)
2025-08-19 10:43:56 INFO     ConsoleLogHandler | 📈 MarketData(source=wen_cai, symbol=NASDAQ, type=kline1m, price=21587.85, timestamp=2025-08-19 00:36:00)
2025-08-19 10:43:56 INFO     ConsoleLogHandler | 📈 MarketData(source=wen_cai, symbol=NASDAQ, type=kline1m, price=21577.19, timestamp=2025-08-19 00:37:00)
2025-08-19 10:43:56 INFO     ConsoleLogHandler | 📈 MarketData(source=wen_cai, symbol=NASDAQ, type=kline1m, price=21578.63, timestamp=2025-08-19 00:38:00)
2025-08-19 10:43:56 INFO     ConsoleLogHandler | 📈 MarketData(source=wen_cai, symbol=NASDAQ, type=kline1m, price=21574.91, timestamp=2025-08-19 00:39:00)
2025-08-19 10:43:56 INFO     ConsoleLogHandler | 📈 MarketData(source=wen_cai, symbol=NASDAQ, type=kline1m, price=21573.69, timestamp=2025-08-19 00:40:00)
2025-08-19 10:43:56 INFO     ConsoleLogHandler | 📈 MarketData(source=wen_cai, symbol=NASDAQ, type=kline1m, price=21580.15, timestamp=2025-08-19 00:41:00)
2025-08-19 10:43:56 INFO     ConsoleLogHandler | 📈 MarketData(source=wen_cai, symbol=NASDAQ, type=kline1m, price=21578.73, timestamp=2025-08-19 00:42:00)
2025-08-19 10:43:56 INFO     ConsoleLogHandler | 📈 MarketData(source=wen_cai, symbol=NASDAQ, type=kline1m, price=21576.54, timestamp=2025-08-19 00:43:00)
2025-08-19 10:43:56 INFO     ConsoleLogHandler | 📈 MarketData(source=wen_cai, symbol=NASDAQ, type=kline1m, price=21576.12, timestamp=2025-08-19 00:44:00)
2025-08-19 10:43:56 INFO     ConsoleLogHandler | 📈 MarketData(source=wen_cai, symbol=NASDAQ, type=kline1m, price=21575.82, timestamp=2025-08-19 00:45:00)
2025-08-19 10:43:56 INFO     NotifyHandler | 📤 数据已入队: NASDAQ - 21575.82, 当前队列大小: 10
2025-08-19 10:43:56 INFO     ConsoleLogHandler | 📈 MarketData(source=wen_cai, symbol=NASDAQ, type=kline1m, price=21574.65, timestamp=2025-08-19 00:46:00)
2025-08-19 10:43:56 INFO     ConsoleLogHandler | 📈 MarketData(source=wen_cai, symbol=NASDAQ, type=kline1m, price=21569.17, timestamp=2025-08-19 00:47:00)
2025-08-19 10:43:56 INFO     ConsoleLogHandler | 📈 MarketData(source=wen_cai, symbol=NASDAQ, type=kline1m, price=21560.2, timestamp=2025-08-19 00:48:00)
2025-08-19 10:43:56 INFO     NotifyHandler | ✅ 通知成功
2025-08-19 10:43:56 INFO     NotifyHandler | 📥 从队列中获取待处理数据: MarketData(source=wen_cai, symbol=NASDAQ, type=kline1m, price=21611.63, timestamp=2025-08-18 22:30:00)
2025-08-19 10:43:56 INFO     NotifyHandler | 📡 第 1 次尝试通知: NASDAQ
2025-08-19 10:43:56 INFO     ConsoleLogHandler | 📈 MarketData(source=wen_cai, symbol=NASDAQ, type=kline1m, price=21566.39, timestamp=2025-08-19 00:49:00)
2025-08-19 10:43:56 INFO     ConsoleLogHandler | 📈 MarketData(source=wen_cai, symbol=NASDAQ, type=kline1m, price=21568.52, timestamp=2025-08-19 00:50:00)
2025-08-19 10:43:56 INFO     ConsoleLogHandler | 📈 MarketData(source=wen_cai, symbol=NASDAQ, type=kline1m, price=21576.88, timestamp=2025-08-19 00:51:00)
2025-08-19 10:43:56 INFO     ConsoleLogHandler | 📈 MarketData(source=wen_cai, symbol=NASDAQ, type=kline1m, price=21577.27, timestamp=2025-08-19 00:52:00)
2025-08-19 10:43:56 INFO     ConsoleLogHandler | 📈 MarketData(source=wen_cai, symbol=NASDAQ, type=kline1m, price=21571.07, timestamp=2025-08-19 00:53:00)
2025-08-19 10:43:56 INFO     ConsoleLogHandler | 📈 MarketData(source=wen_cai, symbol=NASDAQ, type=kline1m, price=21571.9, timestamp=2025-08-19 00:54:00)
2025-08-19 10:43:56 INFO     ConsoleLogHandler | 📈 MarketData(source=wen_cai, symbol=NASDAQ, type=kline1m, price=21573.9, timestamp=2025-08-19 00:55:00)
2025-08-19 10:43:56 INFO     ConsoleLogHandler | 📈 MarketData(source=wen_cai, symbol=NASDAQ, type=kline1m, price=21571.23, timestamp=2025-08-19 00:56:00)
2025-08-19 10:43:56 INFO     ConsoleLogHandler | 📈 MarketData(source=wen_cai, symbol=NASDAQ, type=kline1m, price=21567.51, timestamp=2025-08-19 00:57:00)
2025-08-19 10:43:56 INFO     ConsoleLogHandler | 📈 MarketData(source=wen_cai, symbol=NASDAQ, type=kline1m, price=21569.96, timestamp=2025-08-19 00:58:00)
2025-08-19 10:43:56 INFO     ConsoleLogHandler | 📈 MarketData(source=wen_cai, symbol=NASDAQ, type=kline1m, price=21568.72, timestamp=2025-08-19 00:59:00)
2025-08-19 10:43:56 INFO     ConsoleLogHandler | 📈 MarketData(source=wen_cai, symbol=NASDAQ, type=kline1m, price=21573.41, timestamp=2025-08-19 01:00:00)
2025-08-19 10:43:56 INFO     NotifyHandler | 📤 数据已入队: NASDAQ - 21573.41, 当前队列大小: 10
2025-08-19 10:43:56 INFO     ConsoleLogHandler | 📈 MarketData(source=wen_cai, symbol=NASDAQ, type=kline1m, price=21579.89, timestamp=2025-08-19 01:01:00)
2025-08-19 10:43:56 INFO     ConsoleLogHandler | 📈 MarketData(source=wen_cai, symbol=NASDAQ, type=kline1m, price=21579.25, timestamp=2025-08-19 01:02:00)
2025-08-19 10:43:56 INFO     ConsoleLogHandler | 📈 MarketData(source=wen_cai, symbol=NASDAQ, type=kline1m, price=21581.57, timestamp=2025-08-19 01:03:00)
2025-08-19 10:43:56 INFO     ConsoleLogHandler | 📈 MarketData(source=wen_cai, symbol=NASDAQ, type=kline1m, price=21586.45, timestamp=2025-08-19 01:04:00)
2025-08-19 10:43:56 INFO     ConsoleLogHandler | 📈 MarketData(source=wen_cai, symbol=NASDAQ, type=kline1m, price=21583.01, timestamp=2025-08-19 01:05:00)
2025-08-19 10:43:56 INFO     ConsoleLogHandler | 📈 MarketData(source=wen_cai, symbol=NASDAQ, type=kline1m, price=21583.45, timestamp=2025-08-19 01:06:00)
2025-08-19 10:43:56 INFO     ConsoleLogHandler | 📈 MarketData(source=wen_cai, symbol=NASDAQ, type=kline1m, price=21585.92, timestamp=2025-08-19 01:07:00)
2025-08-19 10:43:56 INFO     ConsoleLogHandler | 📈 MarketData(source=wen_cai, symbol=NASDAQ, type=kline1m, price=21582.91, timestamp=2025-08-19 01:08:00)
2025-08-19 10:43:56 INFO     ConsoleLogHandler | 📈 MarketData(source=wen_cai, symbol=NASDAQ, type=kline1m, price=21584.09, timestamp=2025-08-19 01:09:00)
2025-08-19 10:43:56 INFO     NotifyHandler | ✅ 通知成功
2025-08-19 10:43:56 INFO     NotifyHandler | 📥 从队列中获取待处理数据: MarketData(source=wen_cai, symbol=NASDAQ, type=kline1m, price=21585.21, timestamp=2025-08-18 22:45:00)
2025-08-19 10:43:56 INFO     NotifyHandler | 📡 第 1 次尝试通知: NASDAQ
2025-08-19 10:43:56 INFO     ConsoleLogHandler | 📈 MarketData(source=wen_cai, symbol=NASDAQ, type=kline1m, price=21582.65, timestamp=2025-08-19 01:10:00)
2025-08-19 10:43:56 INFO     ConsoleLogHandler | 📈 MarketData(source=wen_cai, symbol=NASDAQ, type=kline1m, price=21587.11, timestamp=2025-08-19 01:11:00)
2025-08-19 10:43:56 INFO     ConsoleLogHandler | 📈 MarketData(source=wen_cai, symbol=NASDAQ, type=kline1m, price=21589.98, timestamp=2025-08-19 01:12:00)
2025-08-19 10:43:56 INFO     ConsoleLogHandler | 📈 MarketData(source=wen_cai, symbol=NASDAQ, type=kline1m, price=21593.02, timestamp=2025-08-19 01:13:00)
2025-08-19 10:43:56 INFO     ConsoleLogHandler | 📈 MarketData(source=wen_cai, symbol=NASDAQ, type=kline1m, price=21595.27, timestamp=2025-08-19 01:14:00)
2025-08-19 10:43:56 INFO     ConsoleLogHandler | 📈 MarketData(source=wen_cai, symbol=NASDAQ, type=kline1m, price=21593.14, timestamp=2025-08-19 01:15:00)
2025-08-19 10:43:56 INFO     NotifyHandler | 📤 数据已入队: NASDAQ - 21593.14, 当前队列大小: 10
2025-08-19 10:43:56 INFO     ConsoleLogHandler | 📈 MarketData(source=wen_cai, symbol=NASDAQ, type=kline1m, price=21595.47, timestamp=2025-08-19 01:16:00)
2025-08-19 10:43:56 INFO     ConsoleLogHandler | 📈 MarketData(source=wen_cai, symbol=NASDAQ, type=kline1m, price=21598.22, timestamp=2025-08-19 01:17:00)
2025-08-19 10:43:56 INFO     ConsoleLogHandler | 📈 MarketData(source=wen_cai, symbol=NASDAQ, type=kline1m, price=21599.12, timestamp=2025-08-19 01:18:00)
2025-08-19 10:43:56 INFO     ConsoleLogHandler | 📈 MarketData(source=wen_cai, symbol=NASDAQ, type=kline1m, price=21600.07, timestamp=2025-08-19 01:19:00)
2025-08-19 10:43:56 INFO     ConsoleLogHandler | 📈 MarketData(source=wen_cai, symbol=NASDAQ, type=kline1m, price=21596.68, timestamp=2025-08-19 01:20:00)
2025-08-19 10:43:56 INFO     ConsoleLogHandler | 📈 MarketData(source=wen_cai, symbol=NASDAQ, type=kline1m, price=21597.43, timestamp=2025-08-19 01:21:00)
2025-08-19 10:43:56 INFO     ConsoleLogHandler | 📈 MarketData(source=wen_cai, symbol=NASDAQ, type=kline1m, price=21595.0, timestamp=2025-08-19 01:22:00)
2025-08-19 10:43:56 INFO     ConsoleLogHandler | 📈 MarketData(source=wen_cai, symbol=NASDAQ, type=kline1m, price=21593.01, timestamp=2025-08-19 01:23:00)
2025-08-19 10:43:56 INFO     ConsoleLogHandler | 📈 MarketData(source=wen_cai, symbol=NASDAQ, type=kline1m, price=21592.17, timestamp=2025-08-19 01:24:00)
2025-08-19 10:43:56 INFO     ConsoleLogHandler | 📈 MarketData(source=wen_cai, symbol=NASDAQ, type=kline1m, price=21597.47, timestamp=2025-08-19 01:25:00)
2025-08-19 10:43:56 INFO     ConsoleLogHandler | 📈 MarketData(source=wen_cai, symbol=NASDAQ, type=kline1m, price=21597.7, timestamp=2025-08-19 01:26:00)
2025-08-19 10:43:56 INFO     ConsoleLogHandler | 📈 MarketData(source=wen_cai, symbol=NASDAQ, type=kline1m, price=21600.78, timestamp=2025-08-19 01:27:00)
2025-08-19 10:43:56 INFO     ConsoleLogHandler | 📈 MarketData(source=wen_cai, symbol=NASDAQ, type=kline1m, price=21604.0, timestamp=2025-08-19 01:28:00)
2025-08-19 10:43:56 INFO     ConsoleLogHandler | 📈 MarketData(source=wen_cai, symbol=NASDAQ, type=kline1m, price=21603.1, timestamp=2025-08-19 01:29:00)
2025-08-19 10:43:56 INFO     ConsoleLogHandler | 📈 MarketData(source=wen_cai, symbol=NASDAQ, type=kline1m, price=21613.18, timestamp=2025-08-19 01:30:00)
2025-08-19 10:43:56 INFO     NotifyHandler | 📤 数据已入队: NASDAQ - 21613.18, 当前队列大小: 11
2025-08-19 10:43:56 INFO     ConsoleLogHandler | 📈 MarketData(source=wen_cai, symbol=NASDAQ, type=kline1m, price=21626.26, timestamp=2025-08-19 01:31:00)
2025-08-19 10:43:56 INFO     ConsoleLogHandler | 📈 MarketData(source=wen_cai, symbol=NASDAQ, type=kline1m, price=21627.14, timestamp=2025-08-19 01:32:00)
2025-08-19 10:43:56 INFO     ConsoleLogHandler | 📈 MarketData(source=wen_cai, symbol=NASDAQ, type=kline1m, price=21622.53, timestamp=2025-08-19 01:33:00)
2025-08-19 10:43:56 INFO     ConsoleLogHandler | 📈 MarketData(source=wen_cai, symbol=NASDAQ, type=kline1m, price=21620.03, timestamp=2025-08-19 01:34:00)
2025-08-19 10:43:56 INFO     ConsoleLogHandler | 📈 MarketData(source=wen_cai, symbol=NASDAQ, type=kline1m, price=21613.71, timestamp=2025-08-19 01:35:00)
2025-08-19 10:43:56 INFO     ConsoleLogHandler | 📈 MarketData(source=wen_cai, symbol=NASDAQ, type=kline1m, price=21609.58, timestamp=2025-08-19 01:36:00)
2025-08-19 10:43:56 INFO     ConsoleLogHandler | 📈 MarketData(source=wen_cai, symbol=NASDAQ, type=kline1m, price=21605.43, timestamp=2025-08-19 01:37:00)
2025-08-19 10:43:56 INFO     ConsoleLogHandler | 📈 MarketData(source=wen_cai, symbol=NASDAQ, type=kline1m, price=21602.21, timestamp=2025-08-19 01:38:00)
2025-08-19 10:43:56 INFO     ConsoleLogHandler | 📈 MarketData(source=wen_cai, symbol=NASDAQ, type=kline1m, price=21599.59, timestamp=2025-08-19 01:39:00)
2025-08-19 10:43:56 INFO     ConsoleLogHandler | 📈 MarketData(source=wen_cai, symbol=NASDAQ, type=kline1m, price=21596.33, timestamp=2025-08-19 01:40:00)
2025-08-19 10:43:56 INFO     ConsoleLogHandler | 📈 MarketData(source=wen_cai, symbol=NASDAQ, type=kline1m, price=21593.24, timestamp=2025-08-19 01:41:00)
2025-08-19 10:43:56 INFO     ConsoleLogHandler | 📈 MarketData(source=wen_cai, symbol=NASDAQ, type=kline1m, price=21590.19, timestamp=2025-08-19 01:42:00)
2025-08-19 10:43:56 INFO     ConsoleLogHandler | 📈 MarketData(source=wen_cai, symbol=NASDAQ, type=kline1m, price=21587.73, timestamp=2025-08-19 01:43:00)
2025-08-19 10:43:56 INFO     ConsoleLogHandler | 📈 MarketData(source=wen_cai, symbol=NASDAQ, type=kline1m, price=21591.11, timestamp=2025-08-19 01:44:00)
2025-08-19 10:43:56 INFO     ConsoleLogHandler | 📈 MarketData(source=wen_cai, symbol=NASDAQ, type=kline1m, price=21590.63, timestamp=2025-08-19 01:45:00)
2025-08-19 10:43:56 INFO     NotifyHandler | 📤 数据已入队: NASDAQ - 21590.63, 当前队列大小: 12
2025-08-19 10:43:56 INFO     ConsoleLogHandler | 📈 MarketData(source=wen_cai, symbol=NASDAQ, type=kline1m, price=21592.74, timestamp=2025-08-19 01:46:00)
2025-08-19 10:43:56 INFO     ConsoleLogHandler | 📈 MarketData(source=wen_cai, symbol=NASDAQ, type=kline1m, price=21590.19, timestamp=2025-08-19 01:47:00)
2025-08-19 10:43:56 INFO     ConsoleLogHandler | 📈 MarketData(source=wen_cai, symbol=NASDAQ, type=kline1m, price=21592.2, timestamp=2025-08-19 01:48:00)
2025-08-19 10:43:56 INFO     ConsoleLogHandler | 📈 MarketData(source=wen_cai, symbol=NASDAQ, type=kline1m, price=21590.04, timestamp=2025-08-19 01:49:00)
2025-08-19 10:43:56 INFO     NotifyHandler | ✅ 通知成功
2025-08-19 10:43:56 INFO     ConsoleLogHandler | 📈 MarketData(source=wen_cai, symbol=NASDAQ, type=kline1m, price=21590.13, timestamp=2025-08-19 01:50:00)
2025-08-19 10:43:56 INFO     NotifyHandler | 📥 从队列中获取待处理数据: MarketData(source=wen_cai, symbol=NASDAQ, type=kline1m, price=21612.38, timestamp=2025-08-18 23:00:00)
2025-08-19 10:43:56 INFO     ConsoleLogHandler | 📈 MarketData(source=wen_cai, symbol=NASDAQ, type=kline1m, price=21591.61, timestamp=2025-08-19 01:51:00)
2025-08-19 10:43:56 INFO     NotifyHandler | 📡 第 1 次尝试通知: NASDAQ
2025-08-19 10:43:56 INFO     ConsoleLogHandler | 📈 MarketData(source=wen_cai, symbol=NASDAQ, type=kline1m, price=21593.26, timestamp=2025-08-19 01:52:00)
2025-08-19 10:43:56 INFO     ConsoleLogHandler | 📈 MarketData(source=wen_cai, symbol=NASDAQ, type=kline1m, price=21592.56, timestamp=2025-08-19 01:53:00)
2025-08-19 10:43:56 INFO     ConsoleLogHandler | 📈 MarketData(source=wen_cai, symbol=NASDAQ, type=kline1m, price=21594.66, timestamp=2025-08-19 01:54:00)
2025-08-19 10:43:56 INFO     ConsoleLogHandler | 📈 MarketData(source=wen_cai, symbol=NASDAQ, type=kline1m, price=21594.63, timestamp=2025-08-19 01:55:00)
2025-08-19 10:43:56 INFO     ConsoleLogHandler | 📈 MarketData(source=wen_cai, symbol=NASDAQ, type=kline1m, price=21591.38, timestamp=2025-08-19 01:56:00)
2025-08-19 10:43:56 INFO     ConsoleLogHandler | 📈 MarketData(source=wen_cai, symbol=NASDAQ, type=kline1m, price=21597.62, timestamp=2025-08-19 01:57:00)
2025-08-19 10:43:56 INFO     ConsoleLogHandler | 📈 MarketData(source=wen_cai, symbol=NASDAQ, type=kline1m, price=21595.12, timestamp=2025-08-19 01:58:00)
2025-08-19 10:43:56 INFO     ConsoleLogHandler | 📈 MarketData(source=wen_cai, symbol=NASDAQ, type=kline1m, price=21594.48, timestamp=2025-08-19 01:59:00)
2025-08-19 10:43:56 INFO     ConsoleLogHandler | 📈 MarketData(source=wen_cai, symbol=NASDAQ, type=kline1m, price=21590.0, timestamp=2025-08-19 02:00:00)
2025-08-19 10:43:56 INFO     NotifyHandler | 📤 数据已入队: NASDAQ - 21590.0, 当前队列大小: 12
2025-08-19 10:43:56 INFO     ConsoleLogHandler | 📈 MarketData(source=wen_cai, symbol=NASDAQ, type=kline1m, price=21589.98, timestamp=2025-08-19 02:01:00)
2025-08-19 10:43:56 INFO     ConsoleLogHandler | 📈 MarketData(source=wen_cai, symbol=NASDAQ, type=kline1m, price=21591.0, timestamp=2025-08-19 02:02:00)
2025-08-19 10:43:56 INFO     ConsoleLogHandler | 📈 MarketData(source=wen_cai, symbol=NASDAQ, type=kline1m, price=21592.75, timestamp=2025-08-19 02:03:00)
2025-08-19 10:43:56 INFO     ConsoleLogHandler | 📈 MarketData(source=wen_cai, symbol=NASDAQ, type=kline1m, price=21594.5, timestamp=2025-08-19 02:04:00)
2025-08-19 10:43:56 INFO     ConsoleLogHandler | 📈 MarketData(source=wen_cai, symbol=NASDAQ, type=kline1m, price=21595.17, timestamp=2025-08-19 02:05:00)
2025-08-19 10:43:56 INFO     ConsoleLogHandler | 📈 MarketData(source=wen_cai, symbol=NASDAQ, type=kline1m, price=21598.63, timestamp=2025-08-19 02:06:00)
2025-08-19 10:43:56 INFO     ConsoleLogHandler | 📈 MarketData(source=wen_cai, symbol=NASDAQ, type=kline1m, price=21600.98, timestamp=2025-08-19 02:07:00)
2025-08-19 10:43:56 INFO     ConsoleLogHandler | 📈 MarketData(source=wen_cai, symbol=NASDAQ, type=kline1m, price=21602.56, timestamp=2025-08-19 02:08:00)
2025-08-19 10:43:56 INFO     ConsoleLogHandler | 📈 MarketData(source=wen_cai, symbol=NASDAQ, type=kline1m, price=21602.66, timestamp=2025-08-19 02:09:00)
2025-08-19 10:43:56 INFO     ConsoleLogHandler | 📈 MarketData(source=wen_cai, symbol=NASDAQ, type=kline1m, price=21606.42, timestamp=2025-08-19 02:10:00)
2025-08-19 10:43:56 INFO     ConsoleLogHandler | 📈 MarketData(source=wen_cai, symbol=NASDAQ, type=kline1m, price=21608.42, timestamp=2025-08-19 02:11:00)
2025-08-19 10:43:56 INFO     ConsoleLogHandler | 📈 MarketData(source=wen_cai, symbol=NASDAQ, type=kline1m, price=21606.25, timestamp=2025-08-19 02:12:00)
2025-08-19 10:43:56 INFO     ConsoleLogHandler | 📈 MarketData(source=wen_cai, symbol=NASDAQ, type=kline1m, price=21603.29, timestamp=2025-08-19 02:13:00)
2025-08-19 10:43:56 INFO     ConsoleLogHandler | 📈 MarketData(source=wen_cai, symbol=NASDAQ, type=kline1m, price=21598.48, timestamp=2025-08-19 02:14:00)
2025-08-19 10:43:56 INFO     ConsoleLogHandler | 📈 MarketData(source=wen_cai, symbol=NASDAQ, type=kline1m, price=21599.63, timestamp=2025-08-19 02:15:00)
2025-08-19 10:43:56 INFO     NotifyHandler | 📤 数据已入队: NASDAQ - 21599.63, 当前队列大小: 13
2025-08-19 10:43:56 INFO     ConsoleLogHandler | 📈 MarketData(source=wen_cai, symbol=NASDAQ, type=kline1m, price=21599.76, timestamp=2025-08-19 02:16:00)
2025-08-19 10:43:56 INFO     ConsoleLogHandler | 📈 MarketData(source=wen_cai, symbol=NASDAQ, type=kline1m, price=21598.25, timestamp=2025-08-19 02:17:00)
2025-08-19 10:43:56 INFO     ConsoleLogHandler | 📈 MarketData(source=wen_cai, symbol=NASDAQ, type=kline1m, price=21593.36, timestamp=2025-08-19 02:18:00)
2025-08-19 10:43:56 INFO     ConsoleLogHandler | 📈 MarketData(source=wen_cai, symbol=NASDAQ, type=kline1m, price=21598.81, timestamp=2025-08-19 02:19:00)
2025-08-19 10:43:56 INFO     ConsoleLogHandler | 📈 MarketData(source=wen_cai, symbol=NASDAQ, type=kline1m, price=21597.0, timestamp=2025-08-19 02:20:00)
2025-08-19 10:43:56 INFO     ConsoleLogHandler | 📈 MarketData(source=wen_cai, symbol=NASDAQ, type=kline1m, price=21595.95, timestamp=2025-08-19 02:21:00)
2025-08-19 10:43:56 INFO     ConsoleLogHandler | 📈 MarketData(source=wen_cai, symbol=NASDAQ, type=kline1m, price=21601.78, timestamp=2025-08-19 02:22:00)
2025-08-19 10:43:56 INFO     ConsoleLogHandler | 📈 MarketData(source=wen_cai, symbol=NASDAQ, type=kline1m, price=21603.61, timestamp=2025-08-19 02:23:00)
2025-08-19 10:43:56 INFO     ConsoleLogHandler | 📈 MarketData(source=wen_cai, symbol=NASDAQ, type=kline1m, price=21604.16, timestamp=2025-08-19 02:24:00)
2025-08-19 10:43:56 INFO     ConsoleLogHandler | 📈 MarketData(source=wen_cai, symbol=NASDAQ, type=kline1m, price=21610.13, timestamp=2025-08-19 02:25:00)
2025-08-19 10:43:56 INFO     ConsoleLogHandler | 📈 MarketData(source=wen_cai, symbol=NASDAQ, type=kline1m, price=21610.1, timestamp=2025-08-19 02:26:00)
2025-08-19 10:43:56 INFO     ConsoleLogHandler | 📈 MarketData(source=wen_cai, symbol=NASDAQ, type=kline1m, price=21608.64, timestamp=2025-08-19 02:27:00)
2025-08-19 10:43:56 INFO     ConsoleLogHandler | 📈 MarketData(source=wen_cai, symbol=NASDAQ, type=kline1m, price=21602.77, timestamp=2025-08-19 02:28:00)
2025-08-19 10:43:56 INFO     ConsoleLogHandler | 📈 MarketData(source=wen_cai, symbol=NASDAQ, type=kline1m, price=21605.6, timestamp=2025-08-19 02:29:00)
2025-08-19 10:43:56 INFO     ConsoleLogHandler | 📈 MarketData(source=wen_cai, symbol=NASDAQ, type=kline1m, price=21605.75, timestamp=2025-08-19 02:30:00)
2025-08-19 10:43:56 INFO     NotifyHandler | 📤 数据已入队: NASDAQ - 21605.75, 当前队列大小: 14
2025-08-19 10:43:56 INFO     ConsoleLogHandler | 📈 MarketData(source=wen_cai, symbol=NASDAQ, type=kline1m, price=21606.63, timestamp=2025-08-19 02:31:00)
2025-08-19 10:43:56 INFO     ConsoleLogHandler | 📈 MarketData(source=wen_cai, symbol=NASDAQ, type=kline1m, price=21614.84, timestamp=2025-08-19 02:32:00)
2025-08-19 10:43:56 INFO     NotifyHandler | ✅ 通知成功
2025-08-19 10:43:56 INFO     NotifyHandler | 📥 从队列中获取待处理数据: MarketData(source=wen_cai, symbol=NASDAQ, type=kline1m, price=21595.03, timestamp=2025-08-18 23:15:00)
2025-08-19 10:43:56 INFO     NotifyHandler | 📡 第 1 次尝试通知: NASDAQ
2025-08-19 10:43:56 INFO     ConsoleLogHandler | 📈 MarketData(source=wen_cai, symbol=NASDAQ, type=kline1m, price=21613.11, timestamp=2025-08-19 02:33:00)
2025-08-19 10:43:56 INFO     ConsoleLogHandler | 📈 MarketData(source=wen_cai, symbol=NASDAQ, type=kline1m, price=21612.32, timestamp=2025-08-19 02:34:00)
2025-08-19 10:43:56 INFO     ConsoleLogHandler | 📈 MarketData(source=wen_cai, symbol=NASDAQ, type=kline1m, price=21611.77, timestamp=2025-08-19 02:35:00)
2025-08-19 10:43:56 INFO     ConsoleLogHandler | 📈 MarketData(source=wen_cai, symbol=NASDAQ, type=kline1m, price=21612.07, timestamp=2025-08-19 02:36:00)
2025-08-19 10:43:56 INFO     ConsoleLogHandler | 📈 MarketData(source=wen_cai, symbol=NASDAQ, type=kline1m, price=21612.9, timestamp=2025-08-19 02:37:00)
2025-08-19 10:43:56 INFO     ConsoleLogHandler | 📈 MarketData(source=wen_cai, symbol=NASDAQ, type=kline1m, price=21612.68, timestamp=2025-08-19 02:38:00)
2025-08-19 10:43:56 INFO     ConsoleLogHandler | 📈 MarketData(source=wen_cai, symbol=NASDAQ, type=kline1m, price=21608.86, timestamp=2025-08-19 02:39:00)
2025-08-19 10:43:56 INFO     ConsoleLogHandler | 📈 MarketData(source=wen_cai, symbol=NASDAQ, type=kline1m, price=21609.55, timestamp=2025-08-19 02:40:00)
2025-08-19 10:43:56 INFO     ConsoleLogHandler | 📈 MarketData(source=wen_cai, symbol=NASDAQ, type=kline1m, price=21605.12, timestamp=2025-08-19 02:41:00)
2025-08-19 10:43:56 INFO     ConsoleLogHandler | 📈 MarketData(source=wen_cai, symbol=NASDAQ, type=kline1m, price=21606.52, timestamp=2025-08-19 02:42:00)
2025-08-19 10:43:56 INFO     ConsoleLogHandler | 📈 MarketData(source=wen_cai, symbol=NASDAQ, type=kline1m, price=21609.75, timestamp=2025-08-19 02:43:00)
2025-08-19 10:43:56 INFO     ConsoleLogHandler | 📈 MarketData(source=wen_cai, symbol=NASDAQ, type=kline1m, price=21614.98, timestamp=2025-08-19 02:44:00)
2025-08-19 10:43:56 INFO     ConsoleLogHandler | 📈 MarketData(source=wen_cai, symbol=NASDAQ, type=kline1m, price=21616.39, timestamp=2025-08-19 02:45:00)
2025-08-19 10:43:56 INFO     NotifyHandler | 📤 数据已入队: NASDAQ - 21616.39, 当前队列大小: 14
2025-08-19 10:43:56 INFO     ConsoleLogHandler | 📈 MarketData(source=wen_cai, symbol=NASDAQ, type=kline1m, price=21613.49, timestamp=2025-08-19 02:46:00)
2025-08-19 10:43:56 INFO     ConsoleLogHandler | 📈 MarketData(source=wen_cai, symbol=NASDAQ, type=kline1m, price=21618.78, timestamp=2025-08-19 02:47:00)
2025-08-19 10:43:56 INFO     ConsoleLogHandler | 📈 MarketData(source=wen_cai, symbol=NASDAQ, type=kline1m, price=21616.04, timestamp=2025-08-19 02:48:00)
2025-08-19 10:43:56 INFO     ConsoleLogHandler | 📈 MarketData(source=wen_cai, symbol=NASDAQ, type=kline1m, price=21616.16, timestamp=2025-08-19 02:49:00)
2025-08-19 10:43:56 INFO     ConsoleLogHandler | 📈 MarketData(source=wen_cai, symbol=NASDAQ, type=kline1m, price=21622.57, timestamp=2025-08-19 02:50:00)
2025-08-19 10:43:56 INFO     ConsoleLogHandler | 📈 MarketData(source=wen_cai, symbol=NASDAQ, type=kline1m, price=21622.13, timestamp=2025-08-19 02:51:00)
2025-08-19 10:43:56 INFO     ConsoleLogHandler | 📈 MarketData(source=wen_cai, symbol=NASDAQ, type=kline1m, price=21627.01, timestamp=2025-08-19 02:52:00)
2025-08-19 10:43:56 INFO     ConsoleLogHandler | 📈 MarketData(source=wen_cai, symbol=NASDAQ, type=kline1m, price=21628.95, timestamp=2025-08-19 02:53:00)
2025-08-19 10:43:56 INFO     ConsoleLogHandler | 📈 MarketData(source=wen_cai, symbol=NASDAQ, type=kline1m, price=21627.75, timestamp=2025-08-19 02:54:00)
2025-08-19 10:43:56 INFO     ConsoleLogHandler | 📈 MarketData(source=wen_cai, symbol=NASDAQ, type=kline1m, price=21628.29, timestamp=2025-08-19 02:55:00)
2025-08-19 10:43:56 INFO     ConsoleLogHandler | 📈 MarketData(source=wen_cai, symbol=NASDAQ, type=kline1m, price=21631.16, timestamp=2025-08-19 02:56:00)
2025-08-19 10:43:56 INFO     ConsoleLogHandler | 📈 MarketData(source=wen_cai, symbol=NASDAQ, type=kline1m, price=21633.83, timestamp=2025-08-19 02:57:00)
2025-08-19 10:43:56 INFO     ConsoleLogHandler | 📈 MarketData(source=wen_cai, symbol=NASDAQ, type=kline1m, price=21631.33, timestamp=2025-08-19 02:58:00)
2025-08-19 10:43:56 INFO     ConsoleLogHandler | 📈 MarketData(source=wen_cai, symbol=NASDAQ, type=kline1m, price=21627.65, timestamp=2025-08-19 02:59:00)
2025-08-19 10:43:56 INFO     ConsoleLogHandler | 📈 MarketData(source=wen_cai, symbol=NASDAQ, type=kline1m, price=21628.31, timestamp=2025-08-19 03:00:00)
2025-08-19 10:43:56 INFO     NotifyHandler | 📤 数据已入队: NASDAQ - 21628.31, 当前队列大小: 15
2025-08-19 10:43:56 INFO     ConsoleLogHandler | 📈 MarketData(source=wen_cai, symbol=NASDAQ, type=kline1m, price=21630.33, timestamp=2025-08-19 03:01:00)
2025-08-19 10:43:56 INFO     ConsoleLogHandler | 📈 MarketData(source=wen_cai, symbol=NASDAQ, type=kline1m, price=21630.84, timestamp=2025-08-19 03:02:00)
2025-08-19 10:43:56 INFO     ConsoleLogHandler | 📈 MarketData(source=wen_cai, symbol=NASDAQ, type=kline1m, price=21634.88, timestamp=2025-08-19 03:03:00)
2025-08-19 10:43:56 INFO     NotifyHandler | ✅ 通知成功
2025-08-19 10:43:56 INFO     NotifyHandler | 📥 从队列中获取待处理数据: MarketData(source=wen_cai, symbol=NASDAQ, type=kline1m, price=21580.68, timestamp=2025-08-18 23:30:00)
2025-08-19 10:43:56 INFO     NotifyHandler | 📡 第 1 次尝试通知: NASDAQ
2025-08-19 10:43:56 INFO     ConsoleLogHandler | 📈 MarketData(source=wen_cai, symbol=NASDAQ, type=kline1m, price=21639.04, timestamp=2025-08-19 03:04:00)
2025-08-19 10:43:56 INFO     ConsoleLogHandler | 📈 MarketData(source=wen_cai, symbol=NASDAQ, type=kline1m, price=21639.38, timestamp=2025-08-19 03:05:00)
2025-08-19 10:43:56 INFO     ConsoleLogHandler | 📈 MarketData(source=wen_cai, symbol=NASDAQ, type=kline1m, price=21635.21, timestamp=2025-08-19 03:06:00)
2025-08-19 10:43:56 INFO     ConsoleLogHandler | 📈 MarketData(source=wen_cai, symbol=NASDAQ, type=kline1m, price=21637.78, timestamp=2025-08-19 03:07:00)
2025-08-19 10:43:56 INFO     ConsoleLogHandler | 📈 MarketData(source=wen_cai, symbol=NASDAQ, type=kline1m, price=21642.93, timestamp=2025-08-19 03:08:00)
2025-08-19 10:43:56 INFO     ConsoleLogHandler | 📈 MarketData(source=wen_cai, symbol=NASDAQ, type=kline1m, price=21637.44, timestamp=2025-08-19 03:09:00)
2025-08-19 10:43:56 INFO     ConsoleLogHandler | 📈 MarketData(source=wen_cai, symbol=NASDAQ, type=kline1m, price=21638.26, timestamp=2025-08-19 03:10:00)
2025-08-19 10:43:56 INFO     ConsoleLogHandler | 📈 MarketData(source=wen_cai, symbol=NASDAQ, type=kline1m, price=21633.28, timestamp=2025-08-19 03:11:00)
2025-08-19 10:43:56 INFO     ConsoleLogHandler | 📈 MarketData(source=wen_cai, symbol=NASDAQ, type=kline1m, price=21629.45, timestamp=2025-08-19 03:12:00)
2025-08-19 10:43:56 INFO     ConsoleLogHandler | 📈 MarketData(source=wen_cai, symbol=NASDAQ, type=kline1m, price=21627.92, timestamp=2025-08-19 03:13:00)
2025-08-19 10:43:56 INFO     ConsoleLogHandler | 📈 MarketData(source=wen_cai, symbol=NASDAQ, type=kline1m, price=21623.8, timestamp=2025-08-19 03:14:00)
2025-08-19 10:43:56 INFO     ConsoleLogHandler | 📈 MarketData(source=wen_cai, symbol=NASDAQ, type=kline1m, price=21623.08, timestamp=2025-08-19 03:15:00)
2025-08-19 10:43:56 INFO     NotifyHandler | 📤 数据已入队: NASDAQ - 21623.08, 当前队列大小: 15
2025-08-19 10:43:56 INFO     ConsoleLogHandler | 📈 MarketData(source=wen_cai, symbol=NASDAQ, type=kline1m, price=21633.08, timestamp=2025-08-19 03:16:00)
2025-08-19 10:43:56 INFO     ConsoleLogHandler | 📈 MarketData(source=wen_cai, symbol=NASDAQ, type=kline1m, price=21627.97, timestamp=2025-08-19 03:17:00)
2025-08-19 10:43:56 INFO     ConsoleLogHandler | 📈 MarketData(source=wen_cai, symbol=NASDAQ, type=kline1m, price=21626.52, timestamp=2025-08-19 03:18:00)
2025-08-19 10:43:56 INFO     ConsoleLogHandler | 📈 MarketData(source=wen_cai, symbol=NASDAQ, type=kline1m, price=21628.87, timestamp=2025-08-19 03:19:00)
2025-08-19 10:43:56 INFO     ConsoleLogHandler | 📈 MarketData(source=wen_cai, symbol=NASDAQ, type=kline1m, price=21630.83, timestamp=2025-08-19 03:20:00)
2025-08-19 10:43:56 INFO     ConsoleLogHandler | 📈 MarketData(source=wen_cai, symbol=NASDAQ, type=kline1m, price=21624.51, timestamp=2025-08-19 03:21:00)
2025-08-19 10:43:56 INFO     ConsoleLogHandler | 📈 MarketData(source=wen_cai, symbol=NASDAQ, type=kline1m, price=21626.99, timestamp=2025-08-19 03:22:00)
2025-08-19 10:43:56 INFO     ConsoleLogHandler | 📈 MarketData(source=wen_cai, symbol=NASDAQ, type=kline1m, price=21626.99, timestamp=2025-08-19 03:23:00)
2025-08-19 10:43:56 INFO     ConsoleLogHandler | 📈 MarketData(source=wen_cai, symbol=NASDAQ, type=kline1m, price=21625.02, timestamp=2025-08-19 03:24:00)
2025-08-19 10:43:56 INFO     ConsoleLogHandler | 📈 MarketData(source=wen_cai, symbol=NASDAQ, type=kline1m, price=21623.1, timestamp=2025-08-19 03:25:00)
2025-08-19 10:43:56 INFO     ConsoleLogHandler | 📈 MarketData(source=wen_cai, symbol=NASDAQ, type=kline1m, price=21619.66, timestamp=2025-08-19 03:26:00)
2025-08-19 10:43:56 INFO     ConsoleLogHandler | 📈 MarketData(source=wen_cai, symbol=NASDAQ, type=kline1m, price=21623.82, timestamp=2025-08-19 03:27:00)
2025-08-19 10:43:56 INFO     ConsoleLogHandler | 📈 MarketData(source=wen_cai, symbol=NASDAQ, type=kline1m, price=21622.57, timestamp=2025-08-19 03:28:00)
2025-08-19 10:43:56 INFO     ConsoleLogHandler | 📈 MarketData(source=wen_cai, symbol=NASDAQ, type=kline1m, price=21622.68, timestamp=2025-08-19 03:29:00)
2025-08-19 10:43:56 INFO     ConsoleLogHandler | 📈 MarketData(source=wen_cai, symbol=NASDAQ, type=kline1m, price=21619.58, timestamp=2025-08-19 03:30:00)
2025-08-19 10:43:56 INFO     NotifyHandler | 📤 数据已入队: NASDAQ - 21619.58, 当前队列大小: 16
2025-08-19 10:43:56 INFO     ConsoleLogHandler | 📈 MarketData(source=wen_cai, symbol=NASDAQ, type=kline1m, price=21620.46, timestamp=2025-08-19 03:31:00)
2025-08-19 10:43:56 INFO     ConsoleLogHandler | 📈 MarketData(source=wen_cai, symbol=NASDAQ, type=kline1m, price=21617.94, timestamp=2025-08-19 03:32:00)
2025-08-19 10:43:56 INFO     ConsoleLogHandler | 📈 MarketData(source=wen_cai, symbol=NASDAQ, type=kline1m, price=21617.75, timestamp=2025-08-19 03:33:00)
2025-08-19 10:43:56 INFO     ConsoleLogHandler | 📈 MarketData(source=wen_cai, symbol=NASDAQ, type=kline1m, price=21619.83, timestamp=2025-08-19 03:34:00)
2025-08-19 10:43:56 INFO     ConsoleLogHandler | 📈 MarketData(source=wen_cai, symbol=NASDAQ, type=kline1m, price=21622.72, timestamp=2025-08-19 03:35:00)
2025-08-19 10:43:56 INFO     NotifyHandler | ✅ 通知成功
2025-08-19 10:43:56 INFO     NotifyHandler | 📥 从队列中获取待处理数据: MarketData(source=wen_cai, symbol=NASDAQ, type=kline1m, price=21589.98, timestamp=2025-08-18 23:45:00)
2025-08-19 10:43:56 INFO     NotifyHandler | 📡 第 1 次尝试通知: NASDAQ
2025-08-19 10:43:56 INFO     ConsoleLogHandler | 📈 MarketData(source=wen_cai, symbol=NASDAQ, type=kline1m, price=21626.28, timestamp=2025-08-19 03:36:00)
2025-08-19 10:43:56 INFO     ConsoleLogHandler | 📈 MarketData(source=wen_cai, symbol=NASDAQ, type=kline1m, price=21630.4, timestamp=2025-08-19 03:37:00)
2025-08-19 10:43:56 INFO     ConsoleLogHandler | 📈 MarketData(source=wen_cai, symbol=NASDAQ, type=kline1m, price=21626.72, timestamp=2025-08-19 03:38:00)
2025-08-19 10:43:56 INFO     ConsoleLogHandler | 📈 MarketData(source=wen_cai, symbol=NASDAQ, type=kline1m, price=21624.02, timestamp=2025-08-19 03:39:00)
2025-08-19 10:43:56 INFO     ConsoleLogHandler | 📈 MarketData(source=wen_cai, symbol=NASDAQ, type=kline1m, price=21624.71, timestamp=2025-08-19 03:40:00)
2025-08-19 10:43:56 INFO     ConsoleLogHandler | 📈 MarketData(source=wen_cai, symbol=NASDAQ, type=kline1m, price=21623.71, timestamp=2025-08-19 03:41:00)
2025-08-19 10:43:56 INFO     ConsoleLogHandler | 📈 MarketData(source=wen_cai, symbol=NASDAQ, type=kline1m, price=21621.57, timestamp=2025-08-19 03:42:00)
2025-08-19 10:43:56 INFO     ConsoleLogHandler | 📈 MarketData(source=wen_cai, symbol=NASDAQ, type=kline1m, price=21623.47, timestamp=2025-08-19 03:43:00)
2025-08-19 10:43:56 INFO     ConsoleLogHandler | 📈 MarketData(source=wen_cai, symbol=NASDAQ, type=kline1m, price=21627.83, timestamp=2025-08-19 03:44:00)
2025-08-19 10:43:56 INFO     ConsoleLogHandler | 📈 MarketData(source=wen_cai, symbol=NASDAQ, type=kline1m, price=21632.04, timestamp=2025-08-19 03:45:00)
2025-08-19 10:43:56 INFO     NotifyHandler | 📤 数据已入队: NASDAQ - 21632.04, 当前队列大小: 16
2025-08-19 10:43:56 INFO     ConsoleLogHandler | 📈 MarketData(source=wen_cai, symbol=NASDAQ, type=kline1m, price=21637.49, timestamp=2025-08-19 03:46:00)
2025-08-19 10:43:56 INFO     ConsoleLogHandler | 📈 MarketData(source=wen_cai, symbol=NASDAQ, type=kline1m, price=21637.64, timestamp=2025-08-19 03:47:00)
2025-08-19 10:43:56 INFO     ConsoleLogHandler | 📈 MarketData(source=wen_cai, symbol=NASDAQ, type=kline1m, price=21636.08, timestamp=2025-08-19 03:48:00)
2025-08-19 10:43:56 INFO     ConsoleLogHandler | 📈 MarketData(source=wen_cai, symbol=NASDAQ, type=kline1m, price=21634.17, timestamp=2025-08-19 03:49:00)
2025-08-19 10:43:56 INFO     ConsoleLogHandler | 📈 MarketData(source=wen_cai, symbol=NASDAQ, type=kline1m, price=21635.72, timestamp=2025-08-19 03:50:00)
2025-08-19 10:43:56 INFO     ConsoleLogHandler | 📈 MarketData(source=wen_cai, symbol=NASDAQ, type=kline1m, price=21626.8, timestamp=2025-08-19 03:51:00)
2025-08-19 10:43:56 INFO     ConsoleLogHandler | 📈 MarketData(source=wen_cai, symbol=NASDAQ, type=kline1m, price=21627.81, timestamp=2025-08-19 03:52:00)
2025-08-19 10:43:56 INFO     ConsoleLogHandler | 📈 MarketData(source=wen_cai, symbol=NASDAQ, type=kline1m, price=21625.58, timestamp=2025-08-19 03:53:00)
2025-08-19 10:43:56 INFO     ConsoleLogHandler | 📈 MarketData(source=wen_cai, symbol=NASDAQ, type=kline1m, price=21629.33, timestamp=2025-08-19 03:54:00)
2025-08-19 10:43:56 INFO     ConsoleLogHandler | 📈 MarketData(source=wen_cai, symbol=NASDAQ, type=kline1m, price=21638.1, timestamp=2025-08-19 03:55:00)
2025-08-19 10:43:56 INFO     ConsoleLogHandler | 📈 MarketData(source=wen_cai, symbol=NASDAQ, type=kline1m, price=21637.36, timestamp=2025-08-19 03:56:00)
2025-08-19 10:43:56 INFO     ConsoleLogHandler | 📈 MarketData(source=wen_cai, symbol=NASDAQ, type=kline1m, price=21641.71, timestamp=2025-08-19 03:57:00)
2025-08-19 10:43:56 INFO     ConsoleLogHandler | 📈 MarketData(source=wen_cai, symbol=NASDAQ, type=kline1m, price=21640.06, timestamp=2025-08-19 03:58:00)
2025-08-19 10:43:56 INFO     ConsoleLogHandler | 📈 MarketData(source=wen_cai, symbol=NASDAQ, type=kline1m, price=21630.16, timestamp=2025-08-19 03:59:00)
2025-08-19 10:43:56 INFO     ConsoleLogHandler | 📈 MarketData(source=wen_cai, symbol=NASDAQ, type=kline1m, price=21629.77, timestamp=2025-08-19 04:00:00)
2025-08-19 10:43:56 INFO     NotifyHandler | 📤 数据已入队: NASDAQ - 21629.77, 当前队列大小: 17
2025-08-19 10:43:56 INFO     wen_cai_source | 📊 更新了 NASDAQ 的 391 条新K线数据
2025-08-19 10:43:56 INFO     wen_cai_source | 📝 首次记录增量数据时间: 2025-08-19 10:42:00
2025-08-19 10:43:56 INFO     wen_cai_source | 📊 K线数据更新完成，处理464条数据，耗时1.58秒
2025-08-19 10:43:56 INFO     NotifyHandler | ✅ 通知成功
2025-08-19 10:43:56 INFO     NotifyHandler | 📥 从队列中获取待处理数据: MarketData(source=wen_cai, symbol=NASDAQ, type=kline1m, price=21587.53, timestamp=2025-08-19 00:00:00)
2025-08-19 10:43:56 INFO     NotifyHandler | 📡 第 1 次尝试通知: NASDAQ
2025-08-19 10:43:57 INFO     NotifyHandler | ✅ 通知成功
2025-08-19 10:43:57 INFO     NotifyHandler | 📥 从队列中获取待处理数据: MarketData(source=wen_cai, symbol=NASDAQ, type=kline1m, price=21590.53, timestamp=2025-08-19 00:15:00)
2025-08-19 10:43:57 INFO     NotifyHandler | 📡 第 1 次尝试通知: NASDAQ
2025-08-19 10:43:57 INFO     NotifyHandler | ✅ 通知成功
2025-08-19 10:43:57 INFO     NotifyHandler | 📥 从队列中获取待处理数据: MarketData(source=wen_cai, symbol=NASDAQ, type=kline1m, price=21605.59, timestamp=2025-08-19 00:30:00)
2025-08-19 10:43:57 INFO     NotifyHandler | 📡 第 1 次尝试通知: NASDAQ
2025-08-19 10:43:57 INFO     NotifyHandler | ✅ 通知成功
2025-08-19 10:43:57 INFO     NotifyHandler | 📥 从队列中获取待处理数据: MarketData(source=wen_cai, symbol=NASDAQ, type=kline1m, price=21575.82, timestamp=2025-08-19 00:45:00)
2025-08-19 10:43:57 INFO     NotifyHandler | 📡 第 1 次尝试通知: NASDAQ
2025-08-19 10:43:57 INFO     NotifyHandler | ✅ 通知成功
2025-08-19 10:43:57 INFO     NotifyHandler | 📥 从队列中获取待处理数据: MarketData(source=wen_cai, symbol=NASDAQ, type=kline1m, price=21573.41, timestamp=2025-08-19 01:00:00)
2025-08-19 10:43:57 INFO     NotifyHandler | 📡 第 1 次尝试通知: NASDAQ
2025-08-19 10:43:57 INFO     NotifyHandler | ✅ 通知成功
2025-08-19 10:43:57 INFO     NotifyHandler | 📥 从队列中获取待处理数据: MarketData(source=wen_cai, symbol=NASDAQ, type=kline1m, price=21593.14, timestamp=2025-08-19 01:15:00)
2025-08-19 10:43:57 INFO     NotifyHandler | 📡 第 1 次尝试通知: NASDAQ
2025-08-19 10:43:57 INFO     NotifyHandler | ✅ 通知成功
2025-08-19 10:43:57 INFO     NotifyHandler | 📥 从队列中获取待处理数据: MarketData(source=wen_cai, symbol=NASDAQ, type=kline1m, price=21613.18, timestamp=2025-08-19 01:30:00)
2025-08-19 10:43:57 INFO     NotifyHandler | 📡 第 1 次尝试通知: NASDAQ
2025-08-19 10:43:57 INFO     NotifyHandler | ✅ 通知成功
2025-08-19 10:43:57 INFO     NotifyHandler | 📥 从队列中获取待处理数据: MarketData(source=wen_cai, symbol=NASDAQ, type=kline1m, price=21590.63, timestamp=2025-08-19 01:45:00)
2025-08-19 10:43:57 INFO     NotifyHandler | 📡 第 1 次尝试通知: NASDAQ
2025-08-19 10:43:57 INFO     NotifyHandler | ✅ 通知成功
2025-08-19 10:43:57 INFO     NotifyHandler | 📥 从队列中获取待处理数据: MarketData(source=wen_cai, symbol=NASDAQ, type=kline1m, price=21590.0, timestamp=2025-08-19 02:00:00)
2025-08-19 10:43:57 INFO     NotifyHandler | 📡 第 1 次尝试通知: NASDAQ
2025-08-19 10:43:57 INFO     NotifyHandler | ✅ 通知成功
2025-08-19 10:43:57 INFO     NotifyHandler | 📥 从队列中获取待处理数据: MarketData(source=wen_cai, symbol=NASDAQ, type=kline1m, price=21599.63, timestamp=2025-08-19 02:15:00)
2025-08-19 10:43:57 INFO     NotifyHandler | 📡 第 1 次尝试通知: NASDAQ
2025-08-19 10:43:57 INFO     NotifyHandler | ✅ 通知成功
2025-08-19 10:43:57 INFO     NotifyHandler | 📥 从队列中获取待处理数据: MarketData(source=wen_cai, symbol=NASDAQ, type=kline1m, price=21605.75, timestamp=2025-08-19 02:30:00)
2025-08-19 10:43:57 INFO     NotifyHandler | 📡 第 1 次尝试通知: NASDAQ
2025-08-19 10:43:57 INFO     NotifyHandler | ✅ 通知成功
2025-08-19 10:43:57 INFO     NotifyHandler | 📥 从队列中获取待处理数据: MarketData(source=wen_cai, symbol=NASDAQ, type=kline1m, price=21616.39, timestamp=2025-08-19 02:45:00)
2025-08-19 10:43:57 INFO     NotifyHandler | 📡 第 1 次尝试通知: NASDAQ
2025-08-19 10:43:57 INFO     NotifyHandler | ✅ 通知成功
2025-08-19 10:43:57 INFO     NotifyHandler | 📥 从队列中获取待处理数据: MarketData(source=wen_cai, symbol=NASDAQ, type=kline1m, price=21628.31, timestamp=2025-08-19 03:00:00)
2025-08-19 10:43:57 INFO     NotifyHandler | 📡 第 1 次尝试通知: NASDAQ
2025-08-19 10:43:57 INFO     NotifyHandler | ✅ 通知成功
2025-08-19 10:43:57 INFO     NotifyHandler | 📥 从队列中获取待处理数据: MarketData(source=wen_cai, symbol=NASDAQ, type=kline1m, price=21623.08, timestamp=2025-08-19 03:15:00)
2025-08-19 10:43:57 INFO     NotifyHandler | 📡 第 1 次尝试通知: NASDAQ
2025-08-19 10:43:57 INFO     NotifyHandler | ✅ 通知成功
2025-08-19 10:43:57 INFO     NotifyHandler | 📥 从队列中获取待处理数据: MarketData(source=wen_cai, symbol=NASDAQ, type=kline1m, price=21619.58, timestamp=2025-08-19 03:30:00)
2025-08-19 10:43:57 INFO     NotifyHandler | 📡 第 1 次尝试通知: NASDAQ
2025-08-19 10:43:57 INFO     NotifyHandler | ✅ 通知成功
2025-08-19 10:43:57 INFO     NotifyHandler | 📥 从队列中获取待处理数据: MarketData(source=wen_cai, symbol=NASDAQ, type=kline1m, price=21632.04, timestamp=2025-08-19 03:45:00)
2025-08-19 10:43:57 INFO     NotifyHandler | 📡 第 1 次尝试通知: NASDAQ
2025-08-19 10:43:57 INFO     NotifyHandler | ✅ 通知成功
2025-08-19 10:43:57 INFO     NotifyHandler | 📥 从队列中获取待处理数据: MarketData(source=wen_cai, symbol=NASDAQ, type=kline1m, price=21629.77, timestamp=2025-08-19 04:00:00)
2025-08-19 10:43:57 INFO     NotifyHandler | 📡 第 1 次尝试通知: NASDAQ
2025-08-19 10:43:57 INFO     NotifyHandler | ✅ 通知成功
2025-08-19 10:44:06 INFO     wen_cai_source | 📊 K线数据更新完成，处理0条数据，耗时0.80秒
2025-08-19 10:44:16 INFO     wen_cai_source | 📊 K线数据更新完成，处理0条数据，耗时0.80秒
2025-08-19 10:44:26 INFO     wen_cai_source | 📊 K线数据更新完成，处理0条数据，耗时0.73秒
2025-08-19 10:44:36 INFO     wen_cai_source | 📊 K线数据更新完成，处理0条数据，耗时0.74秒
2025-08-19 10:44:46 INFO     wen_cai_source | 📊 K线数据更新完成，处理0条数据，耗时0.81秒
2025-08-19 10:44:56 INFO     wen_cai_source | 📊 K线数据更新完成，处理0条数据，耗时0.79秒
2025-08-19 10:45:05 INFO     ConsoleLogHandler | 📈 MarketData(source=wen_cai, symbol=HSI, type=kline1m, price=25187.01, timestamp=2025-08-19 10:43:00)
2025-08-19 10:45:05 INFO     ConsoleLogHandler | 📈 MarketData(source=wen_cai, symbol=HSI, type=kline1m, price=25184.29, timestamp=2025-08-19 10:44:00)
2025-08-19 10:45:05 INFO     wen_cai_source | 📊 更新了 HSI 的 2 条新K线数据
2025-08-19 10:45:06 INFO     wen_cai_source | 📊 K线数据更新完成，处理2条数据，耗时0.91秒
2025-08-19 10:45:07 INFO     API | 🛑 MarketStockMonitor API 服务正在关闭...
2025-08-19 10:56:25 INFO     Pipeline | 🔧 初始化远程通知器 - URL: http://192.168.1.250:8087/api/draw/openDraw, 超时: 15秒
2025-08-19 10:56:25 INFO     NotifyHandler | 🔄 K线通知后台处理线程开始运行
2025-08-19 10:56:25 INFO     NotifyHandler | 🚀 启动K线通知后台处理线程
2025-08-19 10:56:25 INFO     NotifyHandler | 🔧 初始化K线通知处理器 - 队列大小: 1000, 重试间隔: 10秒
2025-08-19 10:56:25 INFO     source_service | 初始化数据源服务，共 1 个数据源
2025-08-19 10:56:25 INFO     market_service | 初始化市场数据服务
2025-08-19 10:56:27 INFO     Pipeline | 🔧 初始化远程通知器 - URL: http://192.168.1.250:8087/api/draw/openDraw, 超时: 15秒
2025-08-19 10:56:27 INFO     NotifyHandler | 🔄 K线通知后台处理线程开始运行
2025-08-19 10:56:27 INFO     NotifyHandler | 🚀 启动K线通知后台处理线程
2025-08-19 10:56:27 INFO     NotifyHandler | 🔧 初始化K线通知处理器 - 队列大小: 1000, 重试间隔: 10秒
2025-08-19 10:56:27 INFO     source_service | 初始化数据源服务，共 1 个数据源
2025-08-19 10:56:27 INFO     market_service | 初始化市场数据服务
2025-08-19 10:56:27 INFO     MarketData | 🚀 初始化市场数据核心系统
2025-08-19 10:56:27 INFO     MarketData | 注册数据源: 问财
2025-08-19 10:56:27 INFO     MarketData | 启动数据源: 问财
2025-08-19 10:56:27 INFO     wen_cai_source | 🚀 启动数据源: 问财 (wen_cai)
2025-08-19 10:56:27 INFO     TickerScheduler | 🚀 定时任务调度器已启动
2025-08-19 10:56:27 INFO     TickerScheduler | ✅ 添加定时任务: wen_cai_data_update_realtime (每1.5秒) - 问财数据更新-实时数据
2025-08-19 10:56:27 INFO     TickerScheduler | ✅ 添加定时任务: wen_cai_data_update_kline (每10秒) - 问财数据更新-K线数据
2025-08-19 10:56:27 INFO     MarketData | ✅ 市场数据核心系统初始化完成
2025-08-19 10:56:27 INFO     API | 🚀 MarketStockMonitor API 服务启动成功
2025-08-19 10:56:38 INFO     data_processor | 📊 处理了 HSI 的 86 条新K线数据
2025-08-19 10:56:38 INFO     data_processor | 📊 处理了 NASDAQ 的 391 条新K线数据
2025-08-19 10:56:38 INFO     ConsoleLogHandler | 📈 MarketData(source=wen_cai, symbol=HSI, type=kline1m, price=25206.59, timestamp=2025-08-19 09:30:00)
2025-08-19 10:56:38 INFO     NotifyHandler | 📤 数据已入队: HSI - 25206.59, 当前队列大小: 1
2025-08-19 10:56:38 INFO     NotifyHandler | 📥 从队列中获取待处理数据: MarketData(source=wen_cai, symbol=HSI, type=kline1m, price=25206.59, timestamp=2025-08-19 09:30:00)
2025-08-19 10:56:38 INFO     ConsoleLogHandler | 📈 MarketData(source=wen_cai, symbol=HSI, type=kline1m, price=25210.96, timestamp=2025-08-19 09:31:00)
2025-08-19 10:56:38 INFO     NotifyHandler | 📡 第 1 次尝试通知: HSI
2025-08-19 10:56:38 INFO     ConsoleLogHandler | 📈 MarketData(source=wen_cai, symbol=HSI, type=kline1m, price=25208.69, timestamp=2025-08-19 09:32:00)
2025-08-19 10:56:38 INFO     ConsoleLogHandler | 📈 MarketData(source=wen_cai, symbol=HSI, type=kline1m, price=25220.0, timestamp=2025-08-19 09:33:00)
2025-08-19 10:56:38 INFO     ConsoleLogHandler | 📈 MarketData(source=wen_cai, symbol=HSI, type=kline1m, price=25201.91, timestamp=2025-08-19 09:34:00)
2025-08-19 10:56:38 INFO     ConsoleLogHandler | 📈 MarketData(source=wen_cai, symbol=HSI, type=kline1m, price=25200.98, timestamp=2025-08-19 09:35:00)
2025-08-19 10:56:38 INFO     ConsoleLogHandler | 📈 MarketData(source=wen_cai, symbol=HSI, type=kline1m, price=25202.35, timestamp=2025-08-19 09:36:00)
2025-08-19 10:56:38 INFO     ConsoleLogHandler | 📈 MarketData(source=wen_cai, symbol=HSI, type=kline1m, price=25189.14, timestamp=2025-08-19 09:37:00)
2025-08-19 10:56:38 INFO     ConsoleLogHandler | 📈 MarketData(source=wen_cai, symbol=HSI, type=kline1m, price=25176.11, timestamp=2025-08-19 09:38:00)
2025-08-19 10:56:38 INFO     ConsoleLogHandler | 📈 MarketData(source=wen_cai, symbol=HSI, type=kline1m, price=25179.88, timestamp=2025-08-19 09:39:00)
2025-08-19 10:56:38 INFO     ConsoleLogHandler | 📈 MarketData(source=wen_cai, symbol=HSI, type=kline1m, price=25152.9, timestamp=2025-08-19 09:40:00)
2025-08-19 10:56:38 INFO     ConsoleLogHandler | 📈 MarketData(source=wen_cai, symbol=HSI, type=kline1m, price=25141.71, timestamp=2025-08-19 09:41:00)
2025-08-19 10:56:38 INFO     ConsoleLogHandler | 📈 MarketData(source=wen_cai, symbol=HSI, type=kline1m, price=25143.47, timestamp=2025-08-19 09:42:00)
2025-08-19 10:56:38 INFO     ConsoleLogHandler | 📈 MarketData(source=wen_cai, symbol=HSI, type=kline1m, price=25156.99, timestamp=2025-08-19 09:43:00)
2025-08-19 10:56:38 INFO     ConsoleLogHandler | 📈 MarketData(source=wen_cai, symbol=HSI, type=kline1m, price=25164.33, timestamp=2025-08-19 09:44:00)
2025-08-19 10:56:38 INFO     ConsoleLogHandler | 📈 MarketData(source=wen_cai, symbol=HSI, type=kline1m, price=25163.4, timestamp=2025-08-19 09:45:00)
2025-08-19 10:56:38 INFO     NotifyHandler | 📤 数据已入队: HSI - 25163.4, 当前队列大小: 1
2025-08-19 10:56:38 INFO     ConsoleLogHandler | 📈 MarketData(source=wen_cai, symbol=HSI, type=kline1m, price=25143.13, timestamp=2025-08-19 09:46:00)
2025-08-19 10:56:38 INFO     ConsoleLogHandler | 📈 MarketData(source=wen_cai, symbol=HSI, type=kline1m, price=25119.11, timestamp=2025-08-19 09:47:00)
2025-08-19 10:56:38 INFO     ConsoleLogHandler | 📈 MarketData(source=wen_cai, symbol=HSI, type=kline1m, price=25111.34, timestamp=2025-08-19 09:48:00)
2025-08-19 10:56:38 INFO     ConsoleLogHandler | 📈 MarketData(source=wen_cai, symbol=HSI, type=kline1m, price=25098.96, timestamp=2025-08-19 09:49:00)
2025-08-19 10:56:38 INFO     ConsoleLogHandler | 📈 MarketData(source=wen_cai, symbol=HSI, type=kline1m, price=25105.32, timestamp=2025-08-19 09:50:00)
2025-08-19 10:56:38 INFO     ConsoleLogHandler | 📈 MarketData(source=wen_cai, symbol=HSI, type=kline1m, price=25111.73, timestamp=2025-08-19 09:51:00)
2025-08-19 10:56:38 INFO     ConsoleLogHandler | 📈 MarketData(source=wen_cai, symbol=HSI, type=kline1m, price=25115.69, timestamp=2025-08-19 09:52:00)
2025-08-19 10:56:38 INFO     ConsoleLogHandler | 📈 MarketData(source=wen_cai, symbol=HSI, type=kline1m, price=25129.02, timestamp=2025-08-19 09:53:00)
2025-08-19 10:56:38 INFO     ConsoleLogHandler | 📈 MarketData(source=wen_cai, symbol=HSI, type=kline1m, price=25130.8, timestamp=2025-08-19 09:54:00)
2025-08-19 10:56:38 INFO     ConsoleLogHandler | 📈 MarketData(source=wen_cai, symbol=HSI, type=kline1m, price=25136.89, timestamp=2025-08-19 09:55:00)
2025-08-19 10:56:38 INFO     ConsoleLogHandler | 📈 MarketData(source=wen_cai, symbol=HSI, type=kline1m, price=25147.36, timestamp=2025-08-19 09:56:00)
2025-08-19 10:56:38 INFO     ConsoleLogHandler | 📈 MarketData(source=wen_cai, symbol=HSI, type=kline1m, price=25141.97, timestamp=2025-08-19 09:57:00)
2025-08-19 10:56:38 INFO     ConsoleLogHandler | 📈 MarketData(source=wen_cai, symbol=HSI, type=kline1m, price=25152.11, timestamp=2025-08-19 09:58:00)
2025-08-19 10:56:38 INFO     ConsoleLogHandler | 📈 MarketData(source=wen_cai, symbol=HSI, type=kline1m, price=25134.97, timestamp=2025-08-19 09:59:00)
2025-08-19 10:56:38 INFO     ConsoleLogHandler | 📈 MarketData(source=wen_cai, symbol=HSI, type=kline1m, price=25136.16, timestamp=2025-08-19 10:00:00)
2025-08-19 10:56:38 INFO     NotifyHandler | 📤 数据已入队: HSI - 25136.16, 当前队列大小: 2
2025-08-19 10:56:38 INFO     ConsoleLogHandler | 📈 MarketData(source=wen_cai, symbol=HSI, type=kline1m, price=25118.32, timestamp=2025-08-19 10:01:00)
2025-08-19 10:56:38 INFO     ConsoleLogHandler | 📈 MarketData(source=wen_cai, symbol=HSI, type=kline1m, price=25130.75, timestamp=2025-08-19 10:02:00)
2025-08-19 10:56:38 INFO     ConsoleLogHandler | 📈 MarketData(source=wen_cai, symbol=HSI, type=kline1m, price=25120.46, timestamp=2025-08-19 10:03:00)
2025-08-19 10:56:38 INFO     ConsoleLogHandler | 📈 MarketData(source=wen_cai, symbol=HSI, type=kline1m, price=25116.67, timestamp=2025-08-19 10:04:00)
2025-08-19 10:56:38 INFO     ConsoleLogHandler | 📈 MarketData(source=wen_cai, symbol=HSI, type=kline1m, price=25105.33, timestamp=2025-08-19 10:05:00)
2025-08-19 10:56:38 INFO     ConsoleLogHandler | 📈 MarketData(source=wen_cai, symbol=HSI, type=kline1m, price=25086.68, timestamp=2025-08-19 10:06:00)
2025-08-19 10:56:38 INFO     ConsoleLogHandler | 📈 MarketData(source=wen_cai, symbol=HSI, type=kline1m, price=25106.36, timestamp=2025-08-19 10:07:00)
2025-08-19 10:56:38 INFO     ConsoleLogHandler | 📈 MarketData(source=wen_cai, symbol=HSI, type=kline1m, price=25121.81, timestamp=2025-08-19 10:08:00)
2025-08-19 10:56:38 INFO     ConsoleLogHandler | 📈 MarketData(source=wen_cai, symbol=HSI, type=kline1m, price=25144.51, timestamp=2025-08-19 10:09:00)
2025-08-19 10:56:38 INFO     ConsoleLogHandler | 📈 MarketData(source=wen_cai, symbol=HSI, type=kline1m, price=25156.96, timestamp=2025-08-19 10:10:00)
2025-08-19 10:56:38 INFO     ConsoleLogHandler | 📈 MarketData(source=wen_cai, symbol=HSI, type=kline1m, price=25166.35, timestamp=2025-08-19 10:11:00)
2025-08-19 10:56:38 INFO     ConsoleLogHandler | 📈 MarketData(source=wen_cai, symbol=HSI, type=kline1m, price=25175.81, timestamp=2025-08-19 10:12:00)
2025-08-19 10:56:38 INFO     ConsoleLogHandler | 📈 MarketData(source=wen_cai, symbol=HSI, type=kline1m, price=25183.6, timestamp=2025-08-19 10:13:00)
2025-08-19 10:56:38 INFO     ConsoleLogHandler | 📈 MarketData(source=wen_cai, symbol=HSI, type=kline1m, price=25176.36, timestamp=2025-08-19 10:14:00)
2025-08-19 10:56:38 INFO     ConsoleLogHandler | 📈 MarketData(source=wen_cai, symbol=HSI, type=kline1m, price=25157.8, timestamp=2025-08-19 10:15:00)
2025-08-19 10:56:38 INFO     NotifyHandler | 📤 数据已入队: HSI - 25157.8, 当前队列大小: 3
2025-08-19 10:56:38 INFO     ConsoleLogHandler | 📈 MarketData(source=wen_cai, symbol=HSI, type=kline1m, price=25169.21, timestamp=2025-08-19 10:16:00)
2025-08-19 10:56:38 INFO     ConsoleLogHandler | 📈 MarketData(source=wen_cai, symbol=HSI, type=kline1m, price=25168.4, timestamp=2025-08-19 10:17:00)
2025-08-19 10:56:38 INFO     ConsoleLogHandler | 📈 MarketData(source=wen_cai, symbol=HSI, type=kline1m, price=25138.47, timestamp=2025-08-19 10:18:00)
2025-08-19 10:56:38 INFO     ConsoleLogHandler | 📈 MarketData(source=wen_cai, symbol=HSI, type=kline1m, price=25147.98, timestamp=2025-08-19 10:19:00)
2025-08-19 10:56:38 INFO     ConsoleLogHandler | 📈 MarketData(source=wen_cai, symbol=HSI, type=kline1m, price=25153.85, timestamp=2025-08-19 10:20:00)
2025-08-19 10:56:38 INFO     ConsoleLogHandler | 📈 MarketData(source=wen_cai, symbol=HSI, type=kline1m, price=25158.74, timestamp=2025-08-19 10:21:00)
2025-08-19 10:56:38 INFO     ConsoleLogHandler | 📈 MarketData(source=wen_cai, symbol=HSI, type=kline1m, price=25164.48, timestamp=2025-08-19 10:22:00)
2025-08-19 10:56:38 INFO     ConsoleLogHandler | 📈 MarketData(source=wen_cai, symbol=HSI, type=kline1m, price=25161.32, timestamp=2025-08-19 10:23:00)
2025-08-19 10:56:38 INFO     ConsoleLogHandler | 📈 MarketData(source=wen_cai, symbol=HSI, type=kline1m, price=25164.15, timestamp=2025-08-19 10:24:00)
2025-08-19 10:56:38 INFO     ConsoleLogHandler | 📈 MarketData(source=wen_cai, symbol=HSI, type=kline1m, price=25165.78, timestamp=2025-08-19 10:25:00)
2025-08-19 10:56:38 INFO     NotifyHandler | ✅ 通知成功
2025-08-19 10:56:38 INFO     NotifyHandler | 📥 从队列中获取待处理数据: MarketData(source=wen_cai, symbol=HSI, type=kline1m, price=25163.4, timestamp=2025-08-19 09:45:00)
2025-08-19 10:56:38 INFO     NotifyHandler | 📡 第 1 次尝试通知: HSI
2025-08-19 10:56:38 INFO     ConsoleLogHandler | 📈 MarketData(source=wen_cai, symbol=HSI, type=kline1m, price=25181.02, timestamp=2025-08-19 10:26:00)
2025-08-19 10:56:38 INFO     ConsoleLogHandler | 📈 MarketData(source=wen_cai, symbol=HSI, type=kline1m, price=25183.3, timestamp=2025-08-19 10:27:00)
2025-08-19 10:56:38 INFO     ConsoleLogHandler | 📈 MarketData(source=wen_cai, symbol=HSI, type=kline1m, price=25190.41, timestamp=2025-08-19 10:28:00)
2025-08-19 10:56:38 INFO     ConsoleLogHandler | 📈 MarketData(source=wen_cai, symbol=HSI, type=kline1m, price=25185.26, timestamp=2025-08-19 10:29:00)
2025-08-19 10:56:38 INFO     ConsoleLogHandler | 📈 MarketData(source=wen_cai, symbol=HSI, type=kline1m, price=25189.79, timestamp=2025-08-19 10:30:00)
2025-08-19 10:56:38 INFO     NotifyHandler | 📤 数据已入队: HSI - 25189.79, 当前队列大小: 3
2025-08-19 10:56:38 INFO     ConsoleLogHandler | 📈 MarketData(source=wen_cai, symbol=HSI, type=kline1m, price=25189.63, timestamp=2025-08-19 10:31:00)
2025-08-19 10:56:38 INFO     ConsoleLogHandler | 📈 MarketData(source=wen_cai, symbol=HSI, type=kline1m, price=25193.0, timestamp=2025-08-19 10:32:00)
2025-08-19 10:56:38 INFO     NotifyHandler | ✅ 通知成功
2025-08-19 10:56:38 INFO     ConsoleLogHandler | 📈 MarketData(source=wen_cai, symbol=HSI, type=kline1m, price=25193.93, timestamp=2025-08-19 10:33:00)
2025-08-19 10:56:38 INFO     NotifyHandler | 📥 从队列中获取待处理数据: MarketData(source=wen_cai, symbol=HSI, type=kline1m, price=25136.16, timestamp=2025-08-19 10:00:00)
2025-08-19 10:56:38 INFO     ConsoleLogHandler | 📈 MarketData(source=wen_cai, symbol=HSI, type=kline1m, price=25198.26, timestamp=2025-08-19 10:34:00)
2025-08-19 10:56:38 INFO     NotifyHandler | 📡 第 1 次尝试通知: HSI
2025-08-19 10:56:38 INFO     ConsoleLogHandler | 📈 MarketData(source=wen_cai, symbol=HSI, type=kline1m, price=25205.17, timestamp=2025-08-19 10:35:00)
2025-08-19 10:56:38 INFO     ConsoleLogHandler | 📈 MarketData(source=wen_cai, symbol=HSI, type=kline1m, price=25205.69, timestamp=2025-08-19 10:36:00)
2025-08-19 10:56:38 INFO     ConsoleLogHandler | 📈 MarketData(source=wen_cai, symbol=HSI, type=kline1m, price=25199.57, timestamp=2025-08-19 10:37:00)
2025-08-19 10:56:38 INFO     ConsoleLogHandler | 📈 MarketData(source=wen_cai, symbol=HSI, type=kline1m, price=25184.75, timestamp=2025-08-19 10:38:00)
2025-08-19 10:56:38 INFO     ConsoleLogHandler | 📈 MarketData(source=wen_cai, symbol=HSI, type=kline1m, price=25192.58, timestamp=2025-08-19 10:39:00)
2025-08-19 10:56:38 INFO     ConsoleLogHandler | 📈 MarketData(source=wen_cai, symbol=HSI, type=kline1m, price=25184.76, timestamp=2025-08-19 10:40:00)
2025-08-19 10:56:38 INFO     ConsoleLogHandler | 📈 MarketData(source=wen_cai, symbol=HSI, type=kline1m, price=25205.68, timestamp=2025-08-19 10:41:00)
2025-08-19 10:56:38 INFO     ConsoleLogHandler | 📈 MarketData(source=wen_cai, symbol=HSI, type=kline1m, price=25208.73, timestamp=2025-08-19 10:42:00)
2025-08-19 10:56:38 INFO     ConsoleLogHandler | 📈 MarketData(source=wen_cai, symbol=HSI, type=kline1m, price=25187.01, timestamp=2025-08-19 10:43:00)
2025-08-19 10:56:38 INFO     ConsoleLogHandler | 📈 MarketData(source=wen_cai, symbol=HSI, type=kline1m, price=25184.29, timestamp=2025-08-19 10:44:00)
2025-08-19 10:56:38 INFO     ConsoleLogHandler | 📈 MarketData(source=wen_cai, symbol=HSI, type=kline1m, price=25174.35, timestamp=2025-08-19 10:45:00)
2025-08-19 10:56:38 INFO     NotifyHandler | 📤 数据已入队: HSI - 25174.35, 当前队列大小: 3
2025-08-19 10:56:38 INFO     ConsoleLogHandler | 📈 MarketData(source=wen_cai, symbol=HSI, type=kline1m, price=25176.04, timestamp=2025-08-19 10:46:00)
2025-08-19 10:56:38 INFO     ConsoleLogHandler | 📈 MarketData(source=wen_cai, symbol=HSI, type=kline1m, price=25164.22, timestamp=2025-08-19 10:47:00)
2025-08-19 10:56:38 INFO     ConsoleLogHandler | 📈 MarketData(source=wen_cai, symbol=HSI, type=kline1m, price=25163.89, timestamp=2025-08-19 10:48:00)
2025-08-19 10:56:38 INFO     ConsoleLogHandler | 📈 MarketData(source=wen_cai, symbol=HSI, type=kline1m, price=25157.83, timestamp=2025-08-19 10:49:00)
2025-08-19 10:56:38 INFO     ConsoleLogHandler | 📈 MarketData(source=wen_cai, symbol=HSI, type=kline1m, price=25154.54, timestamp=2025-08-19 10:50:00)
2025-08-19 10:56:38 INFO     ConsoleLogHandler | 📈 MarketData(source=wen_cai, symbol=HSI, type=kline1m, price=25161.9, timestamp=2025-08-19 10:51:00)
2025-08-19 10:56:38 INFO     ConsoleLogHandler | 📈 MarketData(source=wen_cai, symbol=HSI, type=kline1m, price=25160.88, timestamp=2025-08-19 10:52:00)
2025-08-19 10:56:38 INFO     ConsoleLogHandler | 📈 MarketData(source=wen_cai, symbol=HSI, type=kline1m, price=25157.98, timestamp=2025-08-19 10:53:00)
2025-08-19 10:56:38 INFO     ConsoleLogHandler | 📈 MarketData(source=wen_cai, symbol=HSI, type=kline1m, price=25155.2, timestamp=2025-08-19 10:54:00)
2025-08-19 10:56:38 INFO     ConsoleLogHandler | 📈 MarketData(source=wen_cai, symbol=HSI, type=kline1m, price=25152.49, timestamp=2025-08-19 10:55:00)
2025-08-19 10:56:38 INFO     ConsoleLogHandler | 📈 MarketData(source=wen_cai, symbol=NASDAQ, type=kline1m, price=21624.34, timestamp=2025-08-18 21:30:00)
2025-08-19 10:56:38 INFO     NotifyHandler | 📤 数据已入队: NASDAQ - 21624.34, 当前队列大小: 4
2025-08-19 10:56:38 INFO     ConsoleLogHandler | 📈 MarketData(source=wen_cai, symbol=NASDAQ, type=kline1m, price=21616.41, timestamp=2025-08-18 21:31:00)
2025-08-19 10:56:38 INFO     ConsoleLogHandler | 📈 MarketData(source=wen_cai, symbol=NASDAQ, type=kline1m, price=21618.62, timestamp=2025-08-18 21:32:00)
2025-08-19 10:56:38 INFO     ConsoleLogHandler | 📈 MarketData(source=wen_cai, symbol=NASDAQ, type=kline1m, price=21620.28, timestamp=2025-08-18 21:33:00)
2025-08-19 10:56:38 INFO     ConsoleLogHandler | 📈 MarketData(source=wen_cai, symbol=NASDAQ, type=kline1m, price=21646.48, timestamp=2025-08-18 21:34:00)
2025-08-19 10:56:38 INFO     ConsoleLogHandler | 📈 MarketData(source=wen_cai, symbol=NASDAQ, type=kline1m, price=21639.11, timestamp=2025-08-18 21:35:00)
2025-08-19 10:56:38 INFO     ConsoleLogHandler | 📈 MarketData(source=wen_cai, symbol=NASDAQ, type=kline1m, price=21635.23, timestamp=2025-08-18 21:36:00)
2025-08-19 10:56:38 INFO     ConsoleLogHandler | 📈 MarketData(source=wen_cai, symbol=NASDAQ, type=kline1m, price=21625.62, timestamp=2025-08-18 21:37:00)
2025-08-19 10:56:38 INFO     ConsoleLogHandler | 📈 MarketData(source=wen_cai, symbol=NASDAQ, type=kline1m, price=21620.23, timestamp=2025-08-18 21:38:00)
2025-08-19 10:56:38 INFO     ConsoleLogHandler | 📈 MarketData(source=wen_cai, symbol=NASDAQ, type=kline1m, price=21639.22, timestamp=2025-08-18 21:39:00)
2025-08-19 10:56:38 INFO     ConsoleLogHandler | 📈 MarketData(source=wen_cai, symbol=NASDAQ, type=kline1m, price=21624.14, timestamp=2025-08-18 21:40:00)
2025-08-19 10:56:38 INFO     ConsoleLogHandler | 📈 MarketData(source=wen_cai, symbol=NASDAQ, type=kline1m, price=21631.37, timestamp=2025-08-18 21:41:00)
2025-08-19 10:56:38 INFO     ConsoleLogHandler | 📈 MarketData(source=wen_cai, symbol=NASDAQ, type=kline1m, price=21608.35, timestamp=2025-08-18 21:42:00)
2025-08-19 10:56:38 INFO     NotifyHandler | ✅ 通知成功
2025-08-19 10:56:38 INFO     NotifyHandler | 📥 从队列中获取待处理数据: MarketData(source=wen_cai, symbol=HSI, type=kline1m, price=25157.8, timestamp=2025-08-19 10:15:00)
2025-08-19 10:56:38 INFO     NotifyHandler | 📡 第 1 次尝试通知: HSI
2025-08-19 10:56:38 INFO     ConsoleLogHandler | 📈 MarketData(source=wen_cai, symbol=NASDAQ, type=kline1m, price=21610.47, timestamp=2025-08-18 21:43:00)
2025-08-19 10:56:38 INFO     ConsoleLogHandler | 📈 MarketData(source=wen_cai, symbol=NASDAQ, type=kline1m, price=21612.29, timestamp=2025-08-18 21:44:00)
2025-08-19 10:56:38 INFO     ConsoleLogHandler | 📈 MarketData(source=wen_cai, symbol=NASDAQ, type=kline1m, price=21612.73, timestamp=2025-08-18 21:45:00)
2025-08-19 10:56:38 INFO     NotifyHandler | 📤 数据已入队: NASDAQ - 21612.73, 当前队列大小: 4
2025-08-19 10:56:38 INFO     ConsoleLogHandler | 📈 MarketData(source=wen_cai, symbol=NASDAQ, type=kline1m, price=21619.51, timestamp=2025-08-18 21:46:00)
2025-08-19 10:56:38 INFO     ConsoleLogHandler | 📈 MarketData(source=wen_cai, symbol=NASDAQ, type=kline1m, price=21625.98, timestamp=2025-08-18 21:47:00)
2025-08-19 10:56:38 INFO     ConsoleLogHandler | 📈 MarketData(source=wen_cai, symbol=NASDAQ, type=kline1m, price=21632.95, timestamp=2025-08-18 21:48:00)
2025-08-19 10:56:38 INFO     ConsoleLogHandler | 📈 MarketData(source=wen_cai, symbol=NASDAQ, type=kline1m, price=21627.57, timestamp=2025-08-18 21:49:00)
2025-08-19 10:56:38 INFO     ConsoleLogHandler | 📈 MarketData(source=wen_cai, symbol=NASDAQ, type=kline1m, price=21619.32, timestamp=2025-08-18 21:50:00)
2025-08-19 10:56:38 INFO     ConsoleLogHandler | 📈 MarketData(source=wen_cai, symbol=NASDAQ, type=kline1m, price=21594.46, timestamp=2025-08-18 21:51:00)
2025-08-19 10:56:38 INFO     ConsoleLogHandler | 📈 MarketData(source=wen_cai, symbol=NASDAQ, type=kline1m, price=21588.88, timestamp=2025-08-18 21:52:00)
2025-08-19 10:56:38 INFO     ConsoleLogHandler | 📈 MarketData(source=wen_cai, symbol=NASDAQ, type=kline1m, price=21595.36, timestamp=2025-08-18 21:53:00)
2025-08-19 10:56:38 INFO     ConsoleLogHandler | 📈 MarketData(source=wen_cai, symbol=NASDAQ, type=kline1m, price=21595.03, timestamp=2025-08-18 21:54:00)
2025-08-19 10:56:38 INFO     ConsoleLogHandler | 📈 MarketData(source=wen_cai, symbol=NASDAQ, type=kline1m, price=21602.66, timestamp=2025-08-18 21:55:00)
2025-08-19 10:56:38 INFO     ConsoleLogHandler | 📈 MarketData(source=wen_cai, symbol=NASDAQ, type=kline1m, price=21600.5, timestamp=2025-08-18 21:56:00)
2025-08-19 10:56:38 INFO     ConsoleLogHandler | 📈 MarketData(source=wen_cai, symbol=NASDAQ, type=kline1m, price=21598.8, timestamp=2025-08-18 21:57:00)
2025-08-19 10:56:38 INFO     ConsoleLogHandler | 📈 MarketData(source=wen_cai, symbol=NASDAQ, type=kline1m, price=21585.18, timestamp=2025-08-18 21:58:00)
2025-08-19 10:56:38 INFO     ConsoleLogHandler | 📈 MarketData(source=wen_cai, symbol=NASDAQ, type=kline1m, price=21586.07, timestamp=2025-08-18 21:59:00)
2025-08-19 10:56:38 INFO     ConsoleLogHandler | 📈 MarketData(source=wen_cai, symbol=NASDAQ, type=kline1m, price=21593.41, timestamp=2025-08-18 22:00:00)
2025-08-19 10:56:38 INFO     NotifyHandler | 📤 数据已入队: NASDAQ - 21593.41, 当前队列大小: 5
2025-08-19 10:56:38 INFO     ConsoleLogHandler | 📈 MarketData(source=wen_cai, symbol=NASDAQ, type=kline1m, price=21593.95, timestamp=2025-08-18 22:01:00)
2025-08-19 10:56:38 INFO     ConsoleLogHandler | 📈 MarketData(source=wen_cai, symbol=NASDAQ, type=kline1m, price=21599.42, timestamp=2025-08-18 22:02:00)
2025-08-19 10:56:38 INFO     ConsoleLogHandler | 📈 MarketData(source=wen_cai, symbol=NASDAQ, type=kline1m, price=21614.42, timestamp=2025-08-18 22:03:00)
2025-08-19 10:56:38 INFO     ConsoleLogHandler | 📈 MarketData(source=wen_cai, symbol=NASDAQ, type=kline1m, price=21621.82, timestamp=2025-08-18 22:04:00)
2025-08-19 10:56:38 INFO     ConsoleLogHandler | 📈 MarketData(source=wen_cai, symbol=NASDAQ, type=kline1m, price=21618.09, timestamp=2025-08-18 22:05:00)
2025-08-19 10:56:38 INFO     ConsoleLogHandler | 📈 MarketData(source=wen_cai, symbol=NASDAQ, type=kline1m, price=21621.3, timestamp=2025-08-18 22:06:00)
2025-08-19 10:56:38 INFO     ConsoleLogHandler | 📈 MarketData(source=wen_cai, symbol=NASDAQ, type=kline1m, price=21623.52, timestamp=2025-08-18 22:07:00)
2025-08-19 10:56:38 INFO     ConsoleLogHandler | 📈 MarketData(source=wen_cai, symbol=NASDAQ, type=kline1m, price=21620.0, timestamp=2025-08-18 22:08:00)
2025-08-19 10:56:38 INFO     ConsoleLogHandler | 📈 MarketData(source=wen_cai, symbol=NASDAQ, type=kline1m, price=21610.83, timestamp=2025-08-18 22:09:00)
2025-08-19 10:56:38 INFO     ConsoleLogHandler | 📈 MarketData(source=wen_cai, symbol=NASDAQ, type=kline1m, price=21607.22, timestamp=2025-08-18 22:10:00)
2025-08-19 10:56:38 INFO     ConsoleLogHandler | 📈 MarketData(source=wen_cai, symbol=NASDAQ, type=kline1m, price=21609.49, timestamp=2025-08-18 22:11:00)
2025-08-19 10:56:38 INFO     ConsoleLogHandler | 📈 MarketData(source=wen_cai, symbol=NASDAQ, type=kline1m, price=21603.67, timestamp=2025-08-18 22:12:00)
2025-08-19 10:56:38 INFO     ConsoleLogHandler | 📈 MarketData(source=wen_cai, symbol=NASDAQ, type=kline1m, price=21602.9, timestamp=2025-08-18 22:13:00)
2025-08-19 10:56:38 INFO     ConsoleLogHandler | 📈 MarketData(source=wen_cai, symbol=NASDAQ, type=kline1m, price=21607.38, timestamp=2025-08-18 22:14:00)
2025-08-19 10:56:38 INFO     ConsoleLogHandler | 📈 MarketData(source=wen_cai, symbol=NASDAQ, type=kline1m, price=21602.69, timestamp=2025-08-18 22:15:00)
2025-08-19 10:56:38 INFO     NotifyHandler | 📤 数据已入队: NASDAQ - 21602.69, 当前队列大小: 6
2025-08-19 10:56:38 INFO     ConsoleLogHandler | 📈 MarketData(source=wen_cai, symbol=NASDAQ, type=kline1m, price=21605.09, timestamp=2025-08-18 22:16:00)
2025-08-19 10:56:38 INFO     ConsoleLogHandler | 📈 MarketData(source=wen_cai, symbol=NASDAQ, type=kline1m, price=21612.66, timestamp=2025-08-18 22:17:00)
2025-08-19 10:56:38 INFO     ConsoleLogHandler | 📈 MarketData(source=wen_cai, symbol=NASDAQ, type=kline1m, price=21612.79, timestamp=2025-08-18 22:18:00)
2025-08-19 10:56:38 INFO     ConsoleLogHandler | 📈 MarketData(source=wen_cai, symbol=NASDAQ, type=kline1m, price=21613.5, timestamp=2025-08-18 22:19:00)
2025-08-19 10:56:38 INFO     ConsoleLogHandler | 📈 MarketData(source=wen_cai, symbol=NASDAQ, type=kline1m, price=21607.53, timestamp=2025-08-18 22:20:00)
2025-08-19 10:56:38 INFO     ConsoleLogHandler | 📈 MarketData(source=wen_cai, symbol=NASDAQ, type=kline1m, price=21619.79, timestamp=2025-08-18 22:21:00)
2025-08-19 10:56:38 INFO     ConsoleLogHandler | 📈 MarketData(source=wen_cai, symbol=NASDAQ, type=kline1m, price=21629.71, timestamp=2025-08-18 22:22:00)
2025-08-19 10:56:38 INFO     ConsoleLogHandler | 📈 MarketData(source=wen_cai, symbol=NASDAQ, type=kline1m, price=21628.78, timestamp=2025-08-18 22:23:00)
2025-08-19 10:56:38 INFO     ConsoleLogHandler | 📈 MarketData(source=wen_cai, symbol=NASDAQ, type=kline1m, price=21641.35, timestamp=2025-08-18 22:24:00)
2025-08-19 10:56:38 INFO     ConsoleLogHandler | 📈 MarketData(source=wen_cai, symbol=NASDAQ, type=kline1m, price=21647.02, timestamp=2025-08-18 22:25:00)
2025-08-19 10:56:38 INFO     ConsoleLogHandler | 📈 MarketData(source=wen_cai, symbol=NASDAQ, type=kline1m, price=21649.55, timestamp=2025-08-18 22:26:00)
2025-08-19 10:56:38 INFO     ConsoleLogHandler | 📈 MarketData(source=wen_cai, symbol=NASDAQ, type=kline1m, price=21650.7, timestamp=2025-08-18 22:27:00)
2025-08-19 10:56:38 INFO     ConsoleLogHandler | 📈 MarketData(source=wen_cai, symbol=NASDAQ, type=kline1m, price=21636.82, timestamp=2025-08-18 22:28:00)
2025-08-19 10:56:38 INFO     ConsoleLogHandler | 📈 MarketData(source=wen_cai, symbol=NASDAQ, type=kline1m, price=21623.53, timestamp=2025-08-18 22:29:00)
2025-08-19 10:56:38 INFO     ConsoleLogHandler | 📈 MarketData(source=wen_cai, symbol=NASDAQ, type=kline1m, price=21611.63, timestamp=2025-08-18 22:30:00)
2025-08-19 10:56:38 INFO     NotifyHandler | 📤 数据已入队: NASDAQ - 21611.63, 当前队列大小: 7
2025-08-19 10:56:38 INFO     ConsoleLogHandler | 📈 MarketData(source=wen_cai, symbol=NASDAQ, type=kline1m, price=21613.41, timestamp=2025-08-18 22:31:00)
2025-08-19 10:56:38 INFO     ConsoleLogHandler | 📈 MarketData(source=wen_cai, symbol=NASDAQ, type=kline1m, price=21616.2, timestamp=2025-08-18 22:32:00)
2025-08-19 10:56:38 INFO     ConsoleLogHandler | 📈 MarketData(source=wen_cai, symbol=NASDAQ, type=kline1m, price=21614.16, timestamp=2025-08-18 22:33:00)
2025-08-19 10:56:38 INFO     ConsoleLogHandler | 📈 MarketData(source=wen_cai, symbol=NASDAQ, type=kline1m, price=21619.33, timestamp=2025-08-18 22:34:00)
2025-08-19 10:56:38 INFO     ConsoleLogHandler | 📈 MarketData(source=wen_cai, symbol=NASDAQ, type=kline1m, price=21617.6, timestamp=2025-08-18 22:35:00)
2025-08-19 10:56:38 INFO     ConsoleLogHandler | 📈 MarketData(source=wen_cai, symbol=NASDAQ, type=kline1m, price=21613.29, timestamp=2025-08-18 22:36:00)
2025-08-19 10:56:38 INFO     ConsoleLogHandler | 📈 MarketData(source=wen_cai, symbol=NASDAQ, type=kline1m, price=21614.01, timestamp=2025-08-18 22:37:00)
2025-08-19 10:56:38 INFO     ConsoleLogHandler | 📈 MarketData(source=wen_cai, symbol=NASDAQ, type=kline1m, price=21613.17, timestamp=2025-08-18 22:38:00)
2025-08-19 10:56:38 INFO     ConsoleLogHandler | 📈 MarketData(source=wen_cai, symbol=NASDAQ, type=kline1m, price=21605.65, timestamp=2025-08-18 22:39:00)
2025-08-19 10:56:38 INFO     ConsoleLogHandler | 📈 MarketData(source=wen_cai, symbol=NASDAQ, type=kline1m, price=21610.28, timestamp=2025-08-18 22:40:00)
2025-08-19 10:56:38 INFO     ConsoleLogHandler | 📈 MarketData(source=wen_cai, symbol=NASDAQ, type=kline1m, price=21609.77, timestamp=2025-08-18 22:41:00)
2025-08-19 10:56:38 INFO     ConsoleLogHandler | 📈 MarketData(source=wen_cai, symbol=NASDAQ, type=kline1m, price=21603.69, timestamp=2025-08-18 22:42:00)
2025-08-19 10:56:38 INFO     ConsoleLogHandler | 📈 MarketData(source=wen_cai, symbol=NASDAQ, type=kline1m, price=21599.63, timestamp=2025-08-18 22:43:00)
2025-08-19 10:56:38 INFO     ConsoleLogHandler | 📈 MarketData(source=wen_cai, symbol=NASDAQ, type=kline1m, price=21598.49, timestamp=2025-08-18 22:44:00)
2025-08-19 10:56:38 INFO     ConsoleLogHandler | 📈 MarketData(source=wen_cai, symbol=NASDAQ, type=kline1m, price=21585.21, timestamp=2025-08-18 22:45:00)
2025-08-19 10:56:38 INFO     NotifyHandler | 📤 数据已入队: NASDAQ - 21585.21, 当前队列大小: 8
2025-08-19 10:56:38 INFO     ConsoleLogHandler | 📈 MarketData(source=wen_cai, symbol=NASDAQ, type=kline1m, price=21570.38, timestamp=2025-08-18 22:46:00)
2025-08-19 10:56:38 INFO     ConsoleLogHandler | 📈 MarketData(source=wen_cai, symbol=NASDAQ, type=kline1m, price=21567.83, timestamp=2025-08-18 22:47:00)
2025-08-19 10:56:38 INFO     ConsoleLogHandler | 📈 MarketData(source=wen_cai, symbol=NASDAQ, type=kline1m, price=21571.16, timestamp=2025-08-18 22:48:00)
2025-08-19 10:56:38 INFO     ConsoleLogHandler | 📈 MarketData(source=wen_cai, symbol=NASDAQ, type=kline1m, price=21577.63, timestamp=2025-08-18 22:49:00)
2025-08-19 10:56:38 INFO     ConsoleLogHandler | 📈 MarketData(source=wen_cai, symbol=NASDAQ, type=kline1m, price=21584.73, timestamp=2025-08-18 22:50:00)
2025-08-19 10:56:38 INFO     ConsoleLogHandler | 📈 MarketData(source=wen_cai, symbol=NASDAQ, type=kline1m, price=21585.28, timestamp=2025-08-18 22:51:00)
2025-08-19 10:56:38 INFO     ConsoleLogHandler | 📈 MarketData(source=wen_cai, symbol=NASDAQ, type=kline1m, price=21591.69, timestamp=2025-08-18 22:52:00)
2025-08-19 10:56:38 INFO     ConsoleLogHandler | 📈 MarketData(source=wen_cai, symbol=NASDAQ, type=kline1m, price=21597.52, timestamp=2025-08-18 22:53:00)
2025-08-19 10:56:38 INFO     ConsoleLogHandler | 📈 MarketData(source=wen_cai, symbol=NASDAQ, type=kline1m, price=21600.54, timestamp=2025-08-18 22:54:00)
2025-08-19 10:56:38 INFO     ConsoleLogHandler | 📈 MarketData(source=wen_cai, symbol=NASDAQ, type=kline1m, price=21601.22, timestamp=2025-08-18 22:55:00)
2025-08-19 10:56:38 INFO     ConsoleLogHandler | 📈 MarketData(source=wen_cai, symbol=NASDAQ, type=kline1m, price=21600.67, timestamp=2025-08-18 22:56:00)
2025-08-19 10:56:38 INFO     ConsoleLogHandler | 📈 MarketData(source=wen_cai, symbol=NASDAQ, type=kline1m, price=21605.5, timestamp=2025-08-18 22:57:00)
2025-08-19 10:56:38 INFO     ConsoleLogHandler | 📈 MarketData(source=wen_cai, symbol=NASDAQ, type=kline1m, price=21599.58, timestamp=2025-08-18 22:58:00)
2025-08-19 10:56:38 INFO     ConsoleLogHandler | 📈 MarketData(source=wen_cai, symbol=NASDAQ, type=kline1m, price=21609.08, timestamp=2025-08-18 22:59:00)
2025-08-19 10:56:38 INFO     ConsoleLogHandler | 📈 MarketData(source=wen_cai, symbol=NASDAQ, type=kline1m, price=21612.38, timestamp=2025-08-18 23:00:00)
2025-08-19 10:56:38 INFO     NotifyHandler | 📤 数据已入队: NASDAQ - 21612.38, 当前队列大小: 9
2025-08-19 10:56:38 INFO     ConsoleLogHandler | 📈 MarketData(source=wen_cai, symbol=NASDAQ, type=kline1m, price=21611.56, timestamp=2025-08-18 23:01:00)
2025-08-19 10:56:38 INFO     ConsoleLogHandler | 📈 MarketData(source=wen_cai, symbol=NASDAQ, type=kline1m, price=21611.22, timestamp=2025-08-18 23:02:00)
2025-08-19 10:56:38 INFO     ConsoleLogHandler | 📈 MarketData(source=wen_cai, symbol=NASDAQ, type=kline1m, price=21606.83, timestamp=2025-08-18 23:03:00)
2025-08-19 10:56:38 INFO     NotifyHandler | ✅ 通知成功
2025-08-19 10:56:38 INFO     NotifyHandler | 📥 从队列中获取待处理数据: MarketData(source=wen_cai, symbol=HSI, type=kline1m, price=25189.79, timestamp=2025-08-19 10:30:00)
2025-08-19 10:56:38 INFO     NotifyHandler | 📡 第 1 次尝试通知: HSI
2025-08-19 10:56:38 INFO     ConsoleLogHandler | 📈 MarketData(source=wen_cai, symbol=NASDAQ, type=kline1m, price=21607.86, timestamp=2025-08-18 23:04:00)
2025-08-19 10:56:38 INFO     ConsoleLogHandler | 📈 MarketData(source=wen_cai, symbol=NASDAQ, type=kline1m, price=21604.47, timestamp=2025-08-18 23:05:00)
2025-08-19 10:56:38 INFO     ConsoleLogHandler | 📈 MarketData(source=wen_cai, symbol=NASDAQ, type=kline1m, price=21605.69, timestamp=2025-08-18 23:06:00)
2025-08-19 10:56:38 INFO     ConsoleLogHandler | 📈 MarketData(source=wen_cai, symbol=NASDAQ, type=kline1m, price=21602.22, timestamp=2025-08-18 23:07:00)
2025-08-19 10:56:38 INFO     ConsoleLogHandler | 📈 MarketData(source=wen_cai, symbol=NASDAQ, type=kline1m, price=21607.73, timestamp=2025-08-18 23:08:00)
2025-08-19 10:56:38 INFO     ConsoleLogHandler | 📈 MarketData(source=wen_cai, symbol=NASDAQ, type=kline1m, price=21612.94, timestamp=2025-08-18 23:09:00)
2025-08-19 10:56:38 INFO     ConsoleLogHandler | 📈 MarketData(source=wen_cai, symbol=NASDAQ, type=kline1m, price=21605.33, timestamp=2025-08-18 23:10:00)
2025-08-19 10:56:38 INFO     ConsoleLogHandler | 📈 MarketData(source=wen_cai, symbol=NASDAQ, type=kline1m, price=21608.32, timestamp=2025-08-18 23:11:00)
2025-08-19 10:56:38 INFO     ConsoleLogHandler | 📈 MarketData(source=wen_cai, symbol=NASDAQ, type=kline1m, price=21598.03, timestamp=2025-08-18 23:12:00)
2025-08-19 10:56:38 INFO     ConsoleLogHandler | 📈 MarketData(source=wen_cai, symbol=NASDAQ, type=kline1m, price=21594.04, timestamp=2025-08-18 23:13:00)
2025-08-19 10:56:38 INFO     ConsoleLogHandler | 📈 MarketData(source=wen_cai, symbol=NASDAQ, type=kline1m, price=21597.25, timestamp=2025-08-18 23:14:00)
2025-08-19 10:56:38 INFO     ConsoleLogHandler | 📈 MarketData(source=wen_cai, symbol=NASDAQ, type=kline1m, price=21595.03, timestamp=2025-08-18 23:15:00)
2025-08-19 10:56:38 INFO     NotifyHandler | 📤 数据已入队: NASDAQ - 21595.03, 当前队列大小: 9
2025-08-19 10:56:38 INFO     ConsoleLogHandler | 📈 MarketData(source=wen_cai, symbol=NASDAQ, type=kline1m, price=21591.16, timestamp=2025-08-18 23:16:00)
2025-08-19 10:56:38 INFO     ConsoleLogHandler | 📈 MarketData(source=wen_cai, symbol=NASDAQ, type=kline1m, price=21585.73, timestamp=2025-08-18 23:17:00)
2025-08-19 10:56:38 INFO     ConsoleLogHandler | 📈 MarketData(source=wen_cai, symbol=NASDAQ, type=kline1m, price=21587.0, timestamp=2025-08-18 23:18:00)
2025-08-19 10:56:38 INFO     ConsoleLogHandler | 📈 MarketData(source=wen_cai, symbol=NASDAQ, type=kline1m, price=21587.94, timestamp=2025-08-18 23:19:00)
2025-08-19 10:56:38 INFO     ConsoleLogHandler | 📈 MarketData(source=wen_cai, symbol=NASDAQ, type=kline1m, price=21593.2, timestamp=2025-08-18 23:20:00)
2025-08-19 10:56:38 INFO     ConsoleLogHandler | 📈 MarketData(source=wen_cai, symbol=NASDAQ, type=kline1m, price=21594.98, timestamp=2025-08-18 23:21:00)
2025-08-19 10:56:38 INFO     ConsoleLogHandler | 📈 MarketData(source=wen_cai, symbol=NASDAQ, type=kline1m, price=21602.15, timestamp=2025-08-18 23:22:00)
2025-08-19 10:56:38 INFO     ConsoleLogHandler | 📈 MarketData(source=wen_cai, symbol=NASDAQ, type=kline1m, price=21599.49, timestamp=2025-08-18 23:23:00)
2025-08-19 10:56:38 INFO     ConsoleLogHandler | 📈 MarketData(source=wen_cai, symbol=NASDAQ, type=kline1m, price=21597.02, timestamp=2025-08-18 23:24:00)
2025-08-19 10:56:38 INFO     ConsoleLogHandler | 📈 MarketData(source=wen_cai, symbol=NASDAQ, type=kline1m, price=21590.57, timestamp=2025-08-18 23:25:00)
2025-08-19 10:56:38 INFO     ConsoleLogHandler | 📈 MarketData(source=wen_cai, symbol=NASDAQ, type=kline1m, price=21585.73, timestamp=2025-08-18 23:26:00)
2025-08-19 10:56:38 INFO     ConsoleLogHandler | 📈 MarketData(source=wen_cai, symbol=NASDAQ, type=kline1m, price=21585.64, timestamp=2025-08-18 23:27:00)
2025-08-19 10:56:38 INFO     ConsoleLogHandler | 📈 MarketData(source=wen_cai, symbol=NASDAQ, type=kline1m, price=21588.1, timestamp=2025-08-18 23:28:00)
2025-08-19 10:56:38 INFO     ConsoleLogHandler | 📈 MarketData(source=wen_cai, symbol=NASDAQ, type=kline1m, price=21577.25, timestamp=2025-08-18 23:29:00)
2025-08-19 10:56:38 INFO     ConsoleLogHandler | 📈 MarketData(source=wen_cai, symbol=NASDAQ, type=kline1m, price=21580.68, timestamp=2025-08-18 23:30:00)
2025-08-19 10:56:38 INFO     NotifyHandler | 📤 数据已入队: NASDAQ - 21580.68, 当前队列大小: 10
2025-08-19 10:56:38 INFO     ConsoleLogHandler | 📈 MarketData(source=wen_cai, symbol=NASDAQ, type=kline1m, price=21575.76, timestamp=2025-08-18 23:31:00)
2025-08-19 10:56:38 INFO     ConsoleLogHandler | 📈 MarketData(source=wen_cai, symbol=NASDAQ, type=kline1m, price=21578.28, timestamp=2025-08-18 23:32:00)
2025-08-19 10:56:38 INFO     ConsoleLogHandler | 📈 MarketData(source=wen_cai, symbol=NASDAQ, type=kline1m, price=21574.25, timestamp=2025-08-18 23:33:00)
2025-08-19 10:56:38 INFO     ConsoleLogHandler | 📈 MarketData(source=wen_cai, symbol=NASDAQ, type=kline1m, price=21572.34, timestamp=2025-08-18 23:34:00)
2025-08-19 10:56:38 INFO     ConsoleLogHandler | 📈 MarketData(source=wen_cai, symbol=NASDAQ, type=kline1m, price=21574.15, timestamp=2025-08-18 23:35:00)
2025-08-19 10:56:38 INFO     ConsoleLogHandler | 📈 MarketData(source=wen_cai, symbol=NASDAQ, type=kline1m, price=21571.27, timestamp=2025-08-18 23:36:00)
2025-08-19 10:56:38 INFO     ConsoleLogHandler | 📈 MarketData(source=wen_cai, symbol=NASDAQ, type=kline1m, price=21575.06, timestamp=2025-08-18 23:37:00)
2025-08-19 10:56:38 INFO     ConsoleLogHandler | 📈 MarketData(source=wen_cai, symbol=NASDAQ, type=kline1m, price=21584.0, timestamp=2025-08-18 23:38:00)
2025-08-19 10:56:38 INFO     ConsoleLogHandler | 📈 MarketData(source=wen_cai, symbol=NASDAQ, type=kline1m, price=21584.0, timestamp=2025-08-18 23:39:00)
2025-08-19 10:56:38 INFO     ConsoleLogHandler | 📈 MarketData(source=wen_cai, symbol=NASDAQ, type=kline1m, price=21587.62, timestamp=2025-08-18 23:40:00)
2025-08-19 10:56:38 INFO     ConsoleLogHandler | 📈 MarketData(source=wen_cai, symbol=NASDAQ, type=kline1m, price=21584.88, timestamp=2025-08-18 23:41:00)
2025-08-19 10:56:38 INFO     ConsoleLogHandler | 📈 MarketData(source=wen_cai, symbol=NASDAQ, type=kline1m, price=21580.72, timestamp=2025-08-18 23:42:00)
2025-08-19 10:56:38 INFO     ConsoleLogHandler | 📈 MarketData(source=wen_cai, symbol=NASDAQ, type=kline1m, price=21582.89, timestamp=2025-08-18 23:43:00)
2025-08-19 10:56:38 INFO     ConsoleLogHandler | 📈 MarketData(source=wen_cai, symbol=NASDAQ, type=kline1m, price=21583.53, timestamp=2025-08-18 23:44:00)
2025-08-19 10:56:38 INFO     ConsoleLogHandler | 📈 MarketData(source=wen_cai, symbol=NASDAQ, type=kline1m, price=21589.98, timestamp=2025-08-18 23:45:00)
2025-08-19 10:56:38 INFO     NotifyHandler | 📤 数据已入队: NASDAQ - 21589.98, 当前队列大小: 11
2025-08-19 10:56:38 INFO     ConsoleLogHandler | 📈 MarketData(source=wen_cai, symbol=NASDAQ, type=kline1m, price=21586.76, timestamp=2025-08-18 23:46:00)
2025-08-19 10:56:38 INFO     ConsoleLogHandler | 📈 MarketData(source=wen_cai, symbol=NASDAQ, type=kline1m, price=21591.04, timestamp=2025-08-18 23:47:00)
2025-08-19 10:56:38 INFO     ConsoleLogHandler | 📈 MarketData(source=wen_cai, symbol=NASDAQ, type=kline1m, price=21591.78, timestamp=2025-08-18 23:48:00)
2025-08-19 10:56:38 INFO     ConsoleLogHandler | 📈 MarketData(source=wen_cai, symbol=NASDAQ, type=kline1m, price=21592.01, timestamp=2025-08-18 23:49:00)
2025-08-19 10:56:38 INFO     ConsoleLogHandler | 📈 MarketData(source=wen_cai, symbol=NASDAQ, type=kline1m, price=21593.05, timestamp=2025-08-18 23:50:00)
2025-08-19 10:56:38 INFO     ConsoleLogHandler | 📈 MarketData(source=wen_cai, symbol=NASDAQ, type=kline1m, price=21588.84, timestamp=2025-08-18 23:51:00)
2025-08-19 10:56:38 INFO     ConsoleLogHandler | 📈 MarketData(source=wen_cai, symbol=NASDAQ, type=kline1m, price=21587.55, timestamp=2025-08-18 23:52:00)
2025-08-19 10:56:38 INFO     ConsoleLogHandler | 📈 MarketData(source=wen_cai, symbol=NASDAQ, type=kline1m, price=21587.49, timestamp=2025-08-18 23:53:00)
2025-08-19 10:56:38 INFO     ConsoleLogHandler | 📈 MarketData(source=wen_cai, symbol=NASDAQ, type=kline1m, price=21587.9, timestamp=2025-08-18 23:54:00)
2025-08-19 10:56:38 INFO     ConsoleLogHandler | 📈 MarketData(source=wen_cai, symbol=NASDAQ, type=kline1m, price=21583.82, timestamp=2025-08-18 23:55:00)
2025-08-19 10:56:38 INFO     ConsoleLogHandler | 📈 MarketData(source=wen_cai, symbol=NASDAQ, type=kline1m, price=21582.22, timestamp=2025-08-18 23:56:00)
2025-08-19 10:56:38 INFO     ConsoleLogHandler | 📈 MarketData(source=wen_cai, symbol=NASDAQ, type=kline1m, price=21585.72, timestamp=2025-08-18 23:57:00)
2025-08-19 10:56:38 INFO     ConsoleLogHandler | 📈 MarketData(source=wen_cai, symbol=NASDAQ, type=kline1m, price=21585.26, timestamp=2025-08-18 23:58:00)
2025-08-19 10:56:38 INFO     ConsoleLogHandler | 📈 MarketData(source=wen_cai, symbol=NASDAQ, type=kline1m, price=21586.93, timestamp=2025-08-18 23:59:00)
2025-08-19 10:56:38 INFO     ConsoleLogHandler | 📈 MarketData(source=wen_cai, symbol=NASDAQ, type=kline1m, price=21587.53, timestamp=2025-08-19 00:00:00)
2025-08-19 10:56:38 INFO     NotifyHandler | 📤 数据已入队: NASDAQ - 21587.53, 当前队列大小: 12
2025-08-19 10:56:38 INFO     ConsoleLogHandler | 📈 MarketData(source=wen_cai, symbol=NASDAQ, type=kline1m, price=21590.79, timestamp=2025-08-19 00:01:00)
2025-08-19 10:56:38 INFO     ConsoleLogHandler | 📈 MarketData(source=wen_cai, symbol=NASDAQ, type=kline1m, price=21595.23, timestamp=2025-08-19 00:02:00)
2025-08-19 10:56:38 INFO     ConsoleLogHandler | 📈 MarketData(source=wen_cai, symbol=NASDAQ, type=kline1m, price=21593.87, timestamp=2025-08-19 00:03:00)
2025-08-19 10:56:38 INFO     ConsoleLogHandler | 📈 MarketData(source=wen_cai, symbol=NASDAQ, type=kline1m, price=21595.25, timestamp=2025-08-19 00:04:00)
2025-08-19 10:56:38 INFO     ConsoleLogHandler | 📈 MarketData(source=wen_cai, symbol=NASDAQ, type=kline1m, price=21593.63, timestamp=2025-08-19 00:05:00)
2025-08-19 10:56:38 INFO     ConsoleLogHandler | 📈 MarketData(source=wen_cai, symbol=NASDAQ, type=kline1m, price=21593.6, timestamp=2025-08-19 00:06:00)
2025-08-19 10:56:38 INFO     NotifyHandler | ✅ 通知成功
2025-08-19 10:56:38 INFO     ConsoleLogHandler | 📈 MarketData(source=wen_cai, symbol=NASDAQ, type=kline1m, price=21589.26, timestamp=2025-08-19 00:07:00)
2025-08-19 10:56:38 INFO     NotifyHandler | 📥 从队列中获取待处理数据: MarketData(source=wen_cai, symbol=HSI, type=kline1m, price=25174.35, timestamp=2025-08-19 10:45:00)
2025-08-19 10:56:38 INFO     ConsoleLogHandler | 📈 MarketData(source=wen_cai, symbol=NASDAQ, type=kline1m, price=21590.89, timestamp=2025-08-19 00:08:00)
2025-08-19 10:56:38 INFO     NotifyHandler | 📡 第 1 次尝试通知: HSI
2025-08-19 10:56:38 INFO     ConsoleLogHandler | 📈 MarketData(source=wen_cai, symbol=NASDAQ, type=kline1m, price=21597.0, timestamp=2025-08-19 00:09:00)
2025-08-19 10:56:38 INFO     ConsoleLogHandler | 📈 MarketData(source=wen_cai, symbol=NASDAQ, type=kline1m, price=21596.23, timestamp=2025-08-19 00:10:00)
2025-08-19 10:56:38 INFO     ConsoleLogHandler | 📈 MarketData(source=wen_cai, symbol=NASDAQ, type=kline1m, price=21599.4, timestamp=2025-08-19 00:11:00)
2025-08-19 10:56:38 INFO     ConsoleLogHandler | 📈 MarketData(source=wen_cai, symbol=NASDAQ, type=kline1m, price=21602.23, timestamp=2025-08-19 00:12:00)
2025-08-19 10:56:38 INFO     ConsoleLogHandler | 📈 MarketData(source=wen_cai, symbol=NASDAQ, type=kline1m, price=21593.02, timestamp=2025-08-19 00:13:00)
2025-08-19 10:56:38 INFO     ConsoleLogHandler | 📈 MarketData(source=wen_cai, symbol=NASDAQ, type=kline1m, price=21591.85, timestamp=2025-08-19 00:14:00)
2025-08-19 10:56:38 INFO     ConsoleLogHandler | 📈 MarketData(source=wen_cai, symbol=NASDAQ, type=kline1m, price=21590.53, timestamp=2025-08-19 00:15:00)
2025-08-19 10:56:38 INFO     NotifyHandler | 📤 数据已入队: NASDAQ - 21590.53, 当前队列大小: 12
2025-08-19 10:56:38 INFO     ConsoleLogHandler | 📈 MarketData(source=wen_cai, symbol=NASDAQ, type=kline1m, price=21591.92, timestamp=2025-08-19 00:16:00)
2025-08-19 10:56:38 INFO     ConsoleLogHandler | 📈 MarketData(source=wen_cai, symbol=NASDAQ, type=kline1m, price=21593.56, timestamp=2025-08-19 00:17:00)
2025-08-19 10:56:38 INFO     ConsoleLogHandler | 📈 MarketData(source=wen_cai, symbol=NASDAQ, type=kline1m, price=21593.76, timestamp=2025-08-19 00:18:00)
2025-08-19 10:56:38 INFO     ConsoleLogHandler | 📈 MarketData(source=wen_cai, symbol=NASDAQ, type=kline1m, price=21599.46, timestamp=2025-08-19 00:19:00)
2025-08-19 10:56:38 INFO     ConsoleLogHandler | 📈 MarketData(source=wen_cai, symbol=NASDAQ, type=kline1m, price=21600.86, timestamp=2025-08-19 00:20:00)
2025-08-19 10:56:38 INFO     ConsoleLogHandler | 📈 MarketData(source=wen_cai, symbol=NASDAQ, type=kline1m, price=21608.67, timestamp=2025-08-19 00:21:00)
2025-08-19 10:56:38 INFO     ConsoleLogHandler | 📈 MarketData(source=wen_cai, symbol=NASDAQ, type=kline1m, price=21609.08, timestamp=2025-08-19 00:22:00)
2025-08-19 10:56:38 INFO     ConsoleLogHandler | 📈 MarketData(source=wen_cai, symbol=NASDAQ, type=kline1m, price=21606.09, timestamp=2025-08-19 00:23:00)
2025-08-19 10:56:38 INFO     ConsoleLogHandler | 📈 MarketData(source=wen_cai, symbol=NASDAQ, type=kline1m, price=21606.39, timestamp=2025-08-19 00:24:00)
2025-08-19 10:56:38 INFO     ConsoleLogHandler | 📈 MarketData(source=wen_cai, symbol=NASDAQ, type=kline1m, price=21601.78, timestamp=2025-08-19 00:25:00)
2025-08-19 10:56:38 INFO     ConsoleLogHandler | 📈 MarketData(source=wen_cai, symbol=NASDAQ, type=kline1m, price=21604.33, timestamp=2025-08-19 00:26:00)
2025-08-19 10:56:38 INFO     ConsoleLogHandler | 📈 MarketData(source=wen_cai, symbol=NASDAQ, type=kline1m, price=21601.15, timestamp=2025-08-19 00:27:00)
2025-08-19 10:56:38 INFO     ConsoleLogHandler | 📈 MarketData(source=wen_cai, symbol=NASDAQ, type=kline1m, price=21604.49, timestamp=2025-08-19 00:28:00)
2025-08-19 10:56:38 INFO     ConsoleLogHandler | 📈 MarketData(source=wen_cai, symbol=NASDAQ, type=kline1m, price=21602.43, timestamp=2025-08-19 00:29:00)
2025-08-19 10:56:38 INFO     ConsoleLogHandler | 📈 MarketData(source=wen_cai, symbol=NASDAQ, type=kline1m, price=21605.59, timestamp=2025-08-19 00:30:00)
2025-08-19 10:56:38 INFO     NotifyHandler | 📤 数据已入队: NASDAQ - 21605.59, 当前队列大小: 13
2025-08-19 10:56:38 INFO     ConsoleLogHandler | 📈 MarketData(source=wen_cai, symbol=NASDAQ, type=kline1m, price=21607.73, timestamp=2025-08-19 00:31:00)
2025-08-19 10:56:38 INFO     ConsoleLogHandler | 📈 MarketData(source=wen_cai, symbol=NASDAQ, type=kline1m, price=21608.34, timestamp=2025-08-19 00:32:00)
2025-08-19 10:56:38 INFO     ConsoleLogHandler | 📈 MarketData(source=wen_cai, symbol=NASDAQ, type=kline1m, price=21604.99, timestamp=2025-08-19 00:33:00)
2025-08-19 10:56:38 INFO     ConsoleLogHandler | 📈 MarketData(source=wen_cai, symbol=NASDAQ, type=kline1m, price=21603.56, timestamp=2025-08-19 00:34:00)
2025-08-19 10:56:38 INFO     ConsoleLogHandler | 📈 MarketData(source=wen_cai, symbol=NASDAQ, type=kline1m, price=21594.61, timestamp=2025-08-19 00:35:00)
2025-08-19 10:56:38 INFO     ConsoleLogHandler | 📈 MarketData(source=wen_cai, symbol=NASDAQ, type=kline1m, price=21587.85, timestamp=2025-08-19 00:36:00)
2025-08-19 10:56:38 INFO     ConsoleLogHandler | 📈 MarketData(source=wen_cai, symbol=NASDAQ, type=kline1m, price=21577.19, timestamp=2025-08-19 00:37:00)
2025-08-19 10:56:38 INFO     ConsoleLogHandler | 📈 MarketData(source=wen_cai, symbol=NASDAQ, type=kline1m, price=21578.63, timestamp=2025-08-19 00:38:00)
2025-08-19 10:56:38 INFO     ConsoleLogHandler | 📈 MarketData(source=wen_cai, symbol=NASDAQ, type=kline1m, price=21574.91, timestamp=2025-08-19 00:39:00)
2025-08-19 10:56:38 INFO     ConsoleLogHandler | 📈 MarketData(source=wen_cai, symbol=NASDAQ, type=kline1m, price=21573.69, timestamp=2025-08-19 00:40:00)
2025-08-19 10:56:38 INFO     ConsoleLogHandler | 📈 MarketData(source=wen_cai, symbol=NASDAQ, type=kline1m, price=21580.15, timestamp=2025-08-19 00:41:00)
2025-08-19 10:56:38 INFO     ConsoleLogHandler | 📈 MarketData(source=wen_cai, symbol=NASDAQ, type=kline1m, price=21578.73, timestamp=2025-08-19 00:42:00)
2025-08-19 10:56:38 INFO     ConsoleLogHandler | 📈 MarketData(source=wen_cai, symbol=NASDAQ, type=kline1m, price=21576.54, timestamp=2025-08-19 00:43:00)
2025-08-19 10:56:38 INFO     ConsoleLogHandler | 📈 MarketData(source=wen_cai, symbol=NASDAQ, type=kline1m, price=21576.12, timestamp=2025-08-19 00:44:00)
2025-08-19 10:56:38 INFO     ConsoleLogHandler | 📈 MarketData(source=wen_cai, symbol=NASDAQ, type=kline1m, price=21575.82, timestamp=2025-08-19 00:45:00)
2025-08-19 10:56:38 INFO     NotifyHandler | 📤 数据已入队: NASDAQ - 21575.82, 当前队列大小: 14
2025-08-19 10:56:38 INFO     ConsoleLogHandler | 📈 MarketData(source=wen_cai, symbol=NASDAQ, type=kline1m, price=21574.65, timestamp=2025-08-19 00:46:00)
2025-08-19 10:56:38 INFO     ConsoleLogHandler | 📈 MarketData(source=wen_cai, symbol=NASDAQ, type=kline1m, price=21569.17, timestamp=2025-08-19 00:47:00)
2025-08-19 10:56:38 INFO     ConsoleLogHandler | 📈 MarketData(source=wen_cai, symbol=NASDAQ, type=kline1m, price=21560.2, timestamp=2025-08-19 00:48:00)
2025-08-19 10:56:38 INFO     ConsoleLogHandler | 📈 MarketData(source=wen_cai, symbol=NASDAQ, type=kline1m, price=21566.39, timestamp=2025-08-19 00:49:00)
2025-08-19 10:56:38 INFO     ConsoleLogHandler | 📈 MarketData(source=wen_cai, symbol=NASDAQ, type=kline1m, price=21568.52, timestamp=2025-08-19 00:50:00)
2025-08-19 10:56:38 INFO     ConsoleLogHandler | 📈 MarketData(source=wen_cai, symbol=NASDAQ, type=kline1m, price=21576.88, timestamp=2025-08-19 00:51:00)
2025-08-19 10:56:38 INFO     ConsoleLogHandler | 📈 MarketData(source=wen_cai, symbol=NASDAQ, type=kline1m, price=21577.27, timestamp=2025-08-19 00:52:00)
2025-08-19 10:56:38 INFO     ConsoleLogHandler | 📈 MarketData(source=wen_cai, symbol=NASDAQ, type=kline1m, price=21571.07, timestamp=2025-08-19 00:53:00)
2025-08-19 10:56:38 INFO     ConsoleLogHandler | 📈 MarketData(source=wen_cai, symbol=NASDAQ, type=kline1m, price=21571.9, timestamp=2025-08-19 00:54:00)
2025-08-19 10:56:38 INFO     ConsoleLogHandler | 📈 MarketData(source=wen_cai, symbol=NASDAQ, type=kline1m, price=21573.9, timestamp=2025-08-19 00:55:00)
2025-08-19 10:56:38 INFO     ConsoleLogHandler | 📈 MarketData(source=wen_cai, symbol=NASDAQ, type=kline1m, price=21571.23, timestamp=2025-08-19 00:56:00)
2025-08-19 10:56:38 INFO     ConsoleLogHandler | 📈 MarketData(source=wen_cai, symbol=NASDAQ, type=kline1m, price=21567.51, timestamp=2025-08-19 00:57:00)
2025-08-19 10:56:38 INFO     ConsoleLogHandler | 📈 MarketData(source=wen_cai, symbol=NASDAQ, type=kline1m, price=21569.96, timestamp=2025-08-19 00:58:00)
2025-08-19 10:56:38 INFO     ConsoleLogHandler | 📈 MarketData(source=wen_cai, symbol=NASDAQ, type=kline1m, price=21568.72, timestamp=2025-08-19 00:59:00)
2025-08-19 10:56:38 INFO     ConsoleLogHandler | 📈 MarketData(source=wen_cai, symbol=NASDAQ, type=kline1m, price=21573.41, timestamp=2025-08-19 01:00:00)
2025-08-19 10:56:38 INFO     NotifyHandler | 📤 数据已入队: NASDAQ - 21573.41, 当前队列大小: 15
2025-08-19 10:56:38 INFO     ConsoleLogHandler | 📈 MarketData(source=wen_cai, symbol=NASDAQ, type=kline1m, price=21579.89, timestamp=2025-08-19 01:01:00)
2025-08-19 10:56:38 INFO     ConsoleLogHandler | 📈 MarketData(source=wen_cai, symbol=NASDAQ, type=kline1m, price=21579.25, timestamp=2025-08-19 01:02:00)
2025-08-19 10:56:38 INFO     ConsoleLogHandler | 📈 MarketData(source=wen_cai, symbol=NASDAQ, type=kline1m, price=21581.57, timestamp=2025-08-19 01:03:00)
2025-08-19 10:56:38 INFO     ConsoleLogHandler | 📈 MarketData(source=wen_cai, symbol=NASDAQ, type=kline1m, price=21586.45, timestamp=2025-08-19 01:04:00)
2025-08-19 10:56:38 INFO     ConsoleLogHandler | 📈 MarketData(source=wen_cai, symbol=NASDAQ, type=kline1m, price=21583.01, timestamp=2025-08-19 01:05:00)
2025-08-19 10:56:38 INFO     ConsoleLogHandler | 📈 MarketData(source=wen_cai, symbol=NASDAQ, type=kline1m, price=21583.45, timestamp=2025-08-19 01:06:00)
2025-08-19 10:56:38 INFO     ConsoleLogHandler | 📈 MarketData(source=wen_cai, symbol=NASDAQ, type=kline1m, price=21585.92, timestamp=2025-08-19 01:07:00)
2025-08-19 10:56:38 INFO     ConsoleLogHandler | 📈 MarketData(source=wen_cai, symbol=NASDAQ, type=kline1m, price=21582.91, timestamp=2025-08-19 01:08:00)
2025-08-19 10:56:38 INFO     ConsoleLogHandler | 📈 MarketData(source=wen_cai, symbol=NASDAQ, type=kline1m, price=21584.09, timestamp=2025-08-19 01:09:00)
2025-08-19 10:56:38 INFO     ConsoleLogHandler | 📈 MarketData(source=wen_cai, symbol=NASDAQ, type=kline1m, price=21582.65, timestamp=2025-08-19 01:10:00)
2025-08-19 10:56:38 INFO     ConsoleLogHandler | 📈 MarketData(source=wen_cai, symbol=NASDAQ, type=kline1m, price=21587.11, timestamp=2025-08-19 01:11:00)
2025-08-19 10:56:38 INFO     ConsoleLogHandler | 📈 MarketData(source=wen_cai, symbol=NASDAQ, type=kline1m, price=21589.98, timestamp=2025-08-19 01:12:00)
2025-08-19 10:56:38 INFO     ConsoleLogHandler | 📈 MarketData(source=wen_cai, symbol=NASDAQ, type=kline1m, price=21593.02, timestamp=2025-08-19 01:13:00)
2025-08-19 10:56:38 INFO     ConsoleLogHandler | 📈 MarketData(source=wen_cai, symbol=NASDAQ, type=kline1m, price=21595.27, timestamp=2025-08-19 01:14:00)
2025-08-19 10:56:38 INFO     ConsoleLogHandler | 📈 MarketData(source=wen_cai, symbol=NASDAQ, type=kline1m, price=21593.14, timestamp=2025-08-19 01:15:00)
2025-08-19 10:56:38 INFO     NotifyHandler | 📤 数据已入队: NASDAQ - 21593.14, 当前队列大小: 16
2025-08-19 10:56:38 INFO     ConsoleLogHandler | 📈 MarketData(source=wen_cai, symbol=NASDAQ, type=kline1m, price=21595.47, timestamp=2025-08-19 01:16:00)
2025-08-19 10:56:38 INFO     ConsoleLogHandler | 📈 MarketData(source=wen_cai, symbol=NASDAQ, type=kline1m, price=21598.22, timestamp=2025-08-19 01:17:00)
2025-08-19 10:56:38 INFO     ConsoleLogHandler | 📈 MarketData(source=wen_cai, symbol=NASDAQ, type=kline1m, price=21599.12, timestamp=2025-08-19 01:18:00)
2025-08-19 10:56:38 INFO     ConsoleLogHandler | 📈 MarketData(source=wen_cai, symbol=NASDAQ, type=kline1m, price=21600.07, timestamp=2025-08-19 01:19:00)
2025-08-19 10:56:38 INFO     ConsoleLogHandler | 📈 MarketData(source=wen_cai, symbol=NASDAQ, type=kline1m, price=21596.68, timestamp=2025-08-19 01:20:00)
2025-08-19 10:56:38 INFO     ConsoleLogHandler | 📈 MarketData(source=wen_cai, symbol=NASDAQ, type=kline1m, price=21597.43, timestamp=2025-08-19 01:21:00)
2025-08-19 10:56:38 INFO     ConsoleLogHandler | 📈 MarketData(source=wen_cai, symbol=NASDAQ, type=kline1m, price=21595.0, timestamp=2025-08-19 01:22:00)
2025-08-19 10:56:38 INFO     ConsoleLogHandler | 📈 MarketData(source=wen_cai, symbol=NASDAQ, type=kline1m, price=21593.01, timestamp=2025-08-19 01:23:00)
2025-08-19 10:56:38 INFO     ConsoleLogHandler | 📈 MarketData(source=wen_cai, symbol=NASDAQ, type=kline1m, price=21592.17, timestamp=2025-08-19 01:24:00)
2025-08-19 10:56:38 INFO     ConsoleLogHandler | 📈 MarketData(source=wen_cai, symbol=NASDAQ, type=kline1m, price=21597.47, timestamp=2025-08-19 01:25:00)
2025-08-19 10:56:38 INFO     ConsoleLogHandler | 📈 MarketData(source=wen_cai, symbol=NASDAQ, type=kline1m, price=21597.7, timestamp=2025-08-19 01:26:00)
2025-08-19 10:56:38 INFO     ConsoleLogHandler | 📈 MarketData(source=wen_cai, symbol=NASDAQ, type=kline1m, price=21600.78, timestamp=2025-08-19 01:27:00)
2025-08-19 10:56:38 INFO     ConsoleLogHandler | 📈 MarketData(source=wen_cai, symbol=NASDAQ, type=kline1m, price=21604.0, timestamp=2025-08-19 01:28:00)
2025-08-19 10:56:38 INFO     ConsoleLogHandler | 📈 MarketData(source=wen_cai, symbol=NASDAQ, type=kline1m, price=21603.1, timestamp=2025-08-19 01:29:00)
2025-08-19 10:56:38 INFO     ConsoleLogHandler | 📈 MarketData(source=wen_cai, symbol=NASDAQ, type=kline1m, price=21613.18, timestamp=2025-08-19 01:30:00)
2025-08-19 10:56:38 INFO     NotifyHandler | 📤 数据已入队: NASDAQ - 21613.18, 当前队列大小: 17
2025-08-19 10:56:38 INFO     ConsoleLogHandler | 📈 MarketData(source=wen_cai, symbol=NASDAQ, type=kline1m, price=21626.26, timestamp=2025-08-19 01:31:00)
2025-08-19 10:56:38 INFO     ConsoleLogHandler | 📈 MarketData(source=wen_cai, symbol=NASDAQ, type=kline1m, price=21627.14, timestamp=2025-08-19 01:32:00)
2025-08-19 10:56:38 INFO     ConsoleLogHandler | 📈 MarketData(source=wen_cai, symbol=NASDAQ, type=kline1m, price=21622.53, timestamp=2025-08-19 01:33:00)
2025-08-19 10:56:38 INFO     NotifyHandler | ✅ 通知成功
2025-08-19 10:56:38 INFO     NotifyHandler | 📥 从队列中获取待处理数据: MarketData(source=wen_cai, symbol=NASDAQ, type=kline1m, price=21624.34, timestamp=2025-08-18 21:30:00)
2025-08-19 10:56:38 INFO     NotifyHandler | 📡 第 1 次尝试通知: NASDAQ
2025-08-19 10:56:38 INFO     ConsoleLogHandler | 📈 MarketData(source=wen_cai, symbol=NASDAQ, type=kline1m, price=21620.03, timestamp=2025-08-19 01:34:00)
2025-08-19 10:56:38 INFO     ConsoleLogHandler | 📈 MarketData(source=wen_cai, symbol=NASDAQ, type=kline1m, price=21613.71, timestamp=2025-08-19 01:35:00)
2025-08-19 10:56:38 INFO     ConsoleLogHandler | 📈 MarketData(source=wen_cai, symbol=NASDAQ, type=kline1m, price=21609.58, timestamp=2025-08-19 01:36:00)
2025-08-19 10:56:38 INFO     ConsoleLogHandler | 📈 MarketData(source=wen_cai, symbol=NASDAQ, type=kline1m, price=21605.43, timestamp=2025-08-19 01:37:00)
2025-08-19 10:56:38 INFO     ConsoleLogHandler | 📈 MarketData(source=wen_cai, symbol=NASDAQ, type=kline1m, price=21602.21, timestamp=2025-08-19 01:38:00)
2025-08-19 10:56:38 INFO     ConsoleLogHandler | 📈 MarketData(source=wen_cai, symbol=NASDAQ, type=kline1m, price=21599.59, timestamp=2025-08-19 01:39:00)
2025-08-19 10:56:38 INFO     ConsoleLogHandler | 📈 MarketData(source=wen_cai, symbol=NASDAQ, type=kline1m, price=21596.33, timestamp=2025-08-19 01:40:00)
2025-08-19 10:56:38 INFO     ConsoleLogHandler | 📈 MarketData(source=wen_cai, symbol=NASDAQ, type=kline1m, price=21593.24, timestamp=2025-08-19 01:41:00)
2025-08-19 10:56:38 INFO     ConsoleLogHandler | 📈 MarketData(source=wen_cai, symbol=NASDAQ, type=kline1m, price=21590.19, timestamp=2025-08-19 01:42:00)
2025-08-19 10:56:38 INFO     ConsoleLogHandler | 📈 MarketData(source=wen_cai, symbol=NASDAQ, type=kline1m, price=21587.73, timestamp=2025-08-19 01:43:00)
2025-08-19 10:56:38 INFO     ConsoleLogHandler | 📈 MarketData(source=wen_cai, symbol=NASDAQ, type=kline1m, price=21591.11, timestamp=2025-08-19 01:44:00)
2025-08-19 10:56:38 INFO     ConsoleLogHandler | 📈 MarketData(source=wen_cai, symbol=NASDAQ, type=kline1m, price=21590.63, timestamp=2025-08-19 01:45:00)
2025-08-19 10:56:38 INFO     NotifyHandler | 📤 数据已入队: NASDAQ - 21590.63, 当前队列大小: 17
2025-08-19 10:56:38 INFO     ConsoleLogHandler | 📈 MarketData(source=wen_cai, symbol=NASDAQ, type=kline1m, price=21592.74, timestamp=2025-08-19 01:46:00)
2025-08-19 10:56:38 INFO     ConsoleLogHandler | 📈 MarketData(source=wen_cai, symbol=NASDAQ, type=kline1m, price=21590.19, timestamp=2025-08-19 01:47:00)
2025-08-19 10:56:38 INFO     ConsoleLogHandler | 📈 MarketData(source=wen_cai, symbol=NASDAQ, type=kline1m, price=21592.2, timestamp=2025-08-19 01:48:00)
2025-08-19 10:56:38 INFO     ConsoleLogHandler | 📈 MarketData(source=wen_cai, symbol=NASDAQ, type=kline1m, price=21590.04, timestamp=2025-08-19 01:49:00)
2025-08-19 10:56:38 INFO     ConsoleLogHandler | 📈 MarketData(source=wen_cai, symbol=NASDAQ, type=kline1m, price=21590.13, timestamp=2025-08-19 01:50:00)
2025-08-19 10:56:38 INFO     ConsoleLogHandler | 📈 MarketData(source=wen_cai, symbol=NASDAQ, type=kline1m, price=21591.61, timestamp=2025-08-19 01:51:00)
2025-08-19 10:56:38 INFO     ConsoleLogHandler | 📈 MarketData(source=wen_cai, symbol=NASDAQ, type=kline1m, price=21593.26, timestamp=2025-08-19 01:52:00)
2025-08-19 10:56:38 INFO     ConsoleLogHandler | 📈 MarketData(source=wen_cai, symbol=NASDAQ, type=kline1m, price=21592.56, timestamp=2025-08-19 01:53:00)
2025-08-19 10:56:38 INFO     ConsoleLogHandler | 📈 MarketData(source=wen_cai, symbol=NASDAQ, type=kline1m, price=21594.66, timestamp=2025-08-19 01:54:00)
2025-08-19 10:56:38 INFO     ConsoleLogHandler | 📈 MarketData(source=wen_cai, symbol=NASDAQ, type=kline1m, price=21594.63, timestamp=2025-08-19 01:55:00)
2025-08-19 10:56:38 INFO     ConsoleLogHandler | 📈 MarketData(source=wen_cai, symbol=NASDAQ, type=kline1m, price=21591.38, timestamp=2025-08-19 01:56:00)
2025-08-19 10:56:38 INFO     ConsoleLogHandler | 📈 MarketData(source=wen_cai, symbol=NASDAQ, type=kline1m, price=21597.62, timestamp=2025-08-19 01:57:00)
2025-08-19 10:56:38 INFO     ConsoleLogHandler | 📈 MarketData(source=wen_cai, symbol=NASDAQ, type=kline1m, price=21595.12, timestamp=2025-08-19 01:58:00)
2025-08-19 10:56:38 INFO     ConsoleLogHandler | 📈 MarketData(source=wen_cai, symbol=NASDAQ, type=kline1m, price=21594.48, timestamp=2025-08-19 01:59:00)
2025-08-19 10:56:38 INFO     NotifyHandler | ✅ 通知成功
2025-08-19 10:56:38 INFO     ConsoleLogHandler | 📈 MarketData(source=wen_cai, symbol=NASDAQ, type=kline1m, price=21590.0, timestamp=2025-08-19 02:00:00)
2025-08-19 10:56:38 INFO     NotifyHandler | 📥 从队列中获取待处理数据: MarketData(source=wen_cai, symbol=NASDAQ, type=kline1m, price=21612.73, timestamp=2025-08-18 21:45:00)
2025-08-19 10:56:38 INFO     NotifyHandler | 📤 数据已入队: NASDAQ - 21590.0, 当前队列大小: 17
2025-08-19 10:56:38 INFO     NotifyHandler | 📡 第 1 次尝试通知: NASDAQ
2025-08-19 10:56:38 INFO     ConsoleLogHandler | 📈 MarketData(source=wen_cai, symbol=NASDAQ, type=kline1m, price=21589.98, timestamp=2025-08-19 02:01:00)
2025-08-19 10:56:38 INFO     ConsoleLogHandler | 📈 MarketData(source=wen_cai, symbol=NASDAQ, type=kline1m, price=21591.0, timestamp=2025-08-19 02:02:00)
2025-08-19 10:56:38 INFO     ConsoleLogHandler | 📈 MarketData(source=wen_cai, symbol=NASDAQ, type=kline1m, price=21592.75, timestamp=2025-08-19 02:03:00)
2025-08-19 10:56:38 INFO     ConsoleLogHandler | 📈 MarketData(source=wen_cai, symbol=NASDAQ, type=kline1m, price=21594.5, timestamp=2025-08-19 02:04:00)
2025-08-19 10:56:38 INFO     ConsoleLogHandler | 📈 MarketData(source=wen_cai, symbol=NASDAQ, type=kline1m, price=21595.17, timestamp=2025-08-19 02:05:00)
2025-08-19 10:56:38 INFO     ConsoleLogHandler | 📈 MarketData(source=wen_cai, symbol=NASDAQ, type=kline1m, price=21598.63, timestamp=2025-08-19 02:06:00)
2025-08-19 10:56:38 INFO     ConsoleLogHandler | 📈 MarketData(source=wen_cai, symbol=NASDAQ, type=kline1m, price=21600.98, timestamp=2025-08-19 02:07:00)
2025-08-19 10:56:38 INFO     ConsoleLogHandler | 📈 MarketData(source=wen_cai, symbol=NASDAQ, type=kline1m, price=21602.56, timestamp=2025-08-19 02:08:00)
2025-08-19 10:56:38 INFO     ConsoleLogHandler | 📈 MarketData(source=wen_cai, symbol=NASDAQ, type=kline1m, price=21602.66, timestamp=2025-08-19 02:09:00)
2025-08-19 10:56:38 INFO     ConsoleLogHandler | 📈 MarketData(source=wen_cai, symbol=NASDAQ, type=kline1m, price=21606.42, timestamp=2025-08-19 02:10:00)
2025-08-19 10:56:38 INFO     ConsoleLogHandler | 📈 MarketData(source=wen_cai, symbol=NASDAQ, type=kline1m, price=21608.42, timestamp=2025-08-19 02:11:00)
2025-08-19 10:56:38 INFO     ConsoleLogHandler | 📈 MarketData(source=wen_cai, symbol=NASDAQ, type=kline1m, price=21606.25, timestamp=2025-08-19 02:12:00)
2025-08-19 10:56:38 INFO     ConsoleLogHandler | 📈 MarketData(source=wen_cai, symbol=NASDAQ, type=kline1m, price=21603.29, timestamp=2025-08-19 02:13:00)
2025-08-19 10:56:38 INFO     ConsoleLogHandler | 📈 MarketData(source=wen_cai, symbol=NASDAQ, type=kline1m, price=21598.48, timestamp=2025-08-19 02:14:00)
2025-08-19 10:56:38 INFO     ConsoleLogHandler | 📈 MarketData(source=wen_cai, symbol=NASDAQ, type=kline1m, price=21599.63, timestamp=2025-08-19 02:15:00)
2025-08-19 10:56:38 INFO     NotifyHandler | 📤 数据已入队: NASDAQ - 21599.63, 当前队列大小: 18
2025-08-19 10:56:38 INFO     NotifyHandler | ✅ 通知成功
2025-08-19 10:56:38 INFO     ConsoleLogHandler | 📈 MarketData(source=wen_cai, symbol=NASDAQ, type=kline1m, price=21599.76, timestamp=2025-08-19 02:16:00)
2025-08-19 10:56:38 INFO     NotifyHandler | 📥 从队列中获取待处理数据: MarketData(source=wen_cai, symbol=NASDAQ, type=kline1m, price=21593.41, timestamp=2025-08-18 22:00:00)
2025-08-19 10:56:38 INFO     ConsoleLogHandler | 📈 MarketData(source=wen_cai, symbol=NASDAQ, type=kline1m, price=21598.25, timestamp=2025-08-19 02:17:00)
2025-08-19 10:56:38 INFO     NotifyHandler | 📡 第 1 次尝试通知: NASDAQ
2025-08-19 10:56:38 INFO     ConsoleLogHandler | 📈 MarketData(source=wen_cai, symbol=NASDAQ, type=kline1m, price=21593.36, timestamp=2025-08-19 02:18:00)
2025-08-19 10:56:38 INFO     ConsoleLogHandler | 📈 MarketData(source=wen_cai, symbol=NASDAQ, type=kline1m, price=21598.81, timestamp=2025-08-19 02:19:00)
2025-08-19 10:56:38 INFO     ConsoleLogHandler | 📈 MarketData(source=wen_cai, symbol=NASDAQ, type=kline1m, price=21597.0, timestamp=2025-08-19 02:20:00)
2025-08-19 10:56:38 INFO     ConsoleLogHandler | 📈 MarketData(source=wen_cai, symbol=NASDAQ, type=kline1m, price=21595.95, timestamp=2025-08-19 02:21:00)
2025-08-19 10:56:38 INFO     ConsoleLogHandler | 📈 MarketData(source=wen_cai, symbol=NASDAQ, type=kline1m, price=21601.78, timestamp=2025-08-19 02:22:00)
2025-08-19 10:56:38 INFO     ConsoleLogHandler | 📈 MarketData(source=wen_cai, symbol=NASDAQ, type=kline1m, price=21603.61, timestamp=2025-08-19 02:23:00)
2025-08-19 10:56:38 INFO     ConsoleLogHandler | 📈 MarketData(source=wen_cai, symbol=NASDAQ, type=kline1m, price=21604.16, timestamp=2025-08-19 02:24:00)
2025-08-19 10:56:38 INFO     ConsoleLogHandler | 📈 MarketData(source=wen_cai, symbol=NASDAQ, type=kline1m, price=21610.13, timestamp=2025-08-19 02:25:00)
2025-08-19 10:56:38 INFO     ConsoleLogHandler | 📈 MarketData(source=wen_cai, symbol=NASDAQ, type=kline1m, price=21610.1, timestamp=2025-08-19 02:26:00)
2025-08-19 10:56:38 INFO     ConsoleLogHandler | 📈 MarketData(source=wen_cai, symbol=NASDAQ, type=kline1m, price=21608.64, timestamp=2025-08-19 02:27:00)
2025-08-19 10:56:38 INFO     ConsoleLogHandler | 📈 MarketData(source=wen_cai, symbol=NASDAQ, type=kline1m, price=21602.77, timestamp=2025-08-19 02:28:00)
2025-08-19 10:56:38 INFO     ConsoleLogHandler | 📈 MarketData(source=wen_cai, symbol=NASDAQ, type=kline1m, price=21605.6, timestamp=2025-08-19 02:29:00)
2025-08-19 10:56:38 INFO     ConsoleLogHandler | 📈 MarketData(source=wen_cai, symbol=NASDAQ, type=kline1m, price=21605.75, timestamp=2025-08-19 02:30:00)
2025-08-19 10:56:38 INFO     NotifyHandler | 📤 数据已入队: NASDAQ - 21605.75, 当前队列大小: 18
2025-08-19 10:56:38 INFO     ConsoleLogHandler | 📈 MarketData(source=wen_cai, symbol=NASDAQ, type=kline1m, price=21606.63, timestamp=2025-08-19 02:31:00)
2025-08-19 10:56:38 INFO     ConsoleLogHandler | 📈 MarketData(source=wen_cai, symbol=NASDAQ, type=kline1m, price=21614.84, timestamp=2025-08-19 02:32:00)
2025-08-19 10:56:38 INFO     ConsoleLogHandler | 📈 MarketData(source=wen_cai, symbol=NASDAQ, type=kline1m, price=21613.11, timestamp=2025-08-19 02:33:00)
2025-08-19 10:56:38 INFO     ConsoleLogHandler | 📈 MarketData(source=wen_cai, symbol=NASDAQ, type=kline1m, price=21612.32, timestamp=2025-08-19 02:34:00)
2025-08-19 10:56:38 INFO     ConsoleLogHandler | 📈 MarketData(source=wen_cai, symbol=NASDAQ, type=kline1m, price=21611.77, timestamp=2025-08-19 02:35:00)
2025-08-19 10:56:38 INFO     ConsoleLogHandler | 📈 MarketData(source=wen_cai, symbol=NASDAQ, type=kline1m, price=21612.07, timestamp=2025-08-19 02:36:00)
2025-08-19 10:56:38 INFO     ConsoleLogHandler | 📈 MarketData(source=wen_cai, symbol=NASDAQ, type=kline1m, price=21612.9, timestamp=2025-08-19 02:37:00)
2025-08-19 10:56:38 INFO     ConsoleLogHandler | 📈 MarketData(source=wen_cai, symbol=NASDAQ, type=kline1m, price=21612.68, timestamp=2025-08-19 02:38:00)
2025-08-19 10:56:38 INFO     ConsoleLogHandler | 📈 MarketData(source=wen_cai, symbol=NASDAQ, type=kline1m, price=21608.86, timestamp=2025-08-19 02:39:00)
2025-08-19 10:56:38 INFO     ConsoleLogHandler | 📈 MarketData(source=wen_cai, symbol=NASDAQ, type=kline1m, price=21609.55, timestamp=2025-08-19 02:40:00)
2025-08-19 10:56:38 INFO     ConsoleLogHandler | 📈 MarketData(source=wen_cai, symbol=NASDAQ, type=kline1m, price=21605.12, timestamp=2025-08-19 02:41:00)
2025-08-19 10:56:38 INFO     ConsoleLogHandler | 📈 MarketData(source=wen_cai, symbol=NASDAQ, type=kline1m, price=21606.52, timestamp=2025-08-19 02:42:00)
2025-08-19 10:56:38 INFO     ConsoleLogHandler | 📈 MarketData(source=wen_cai, symbol=NASDAQ, type=kline1m, price=21609.75, timestamp=2025-08-19 02:43:00)
2025-08-19 10:56:38 INFO     ConsoleLogHandler | 📈 MarketData(source=wen_cai, symbol=NASDAQ, type=kline1m, price=21614.98, timestamp=2025-08-19 02:44:00)
2025-08-19 10:56:38 INFO     ConsoleLogHandler | 📈 MarketData(source=wen_cai, symbol=NASDAQ, type=kline1m, price=21616.39, timestamp=2025-08-19 02:45:00)
2025-08-19 10:56:38 INFO     NotifyHandler | 📤 数据已入队: NASDAQ - 21616.39, 当前队列大小: 19
2025-08-19 10:56:38 INFO     ConsoleLogHandler | 📈 MarketData(source=wen_cai, symbol=NASDAQ, type=kline1m, price=21613.49, timestamp=2025-08-19 02:46:00)
2025-08-19 10:56:38 INFO     ConsoleLogHandler | 📈 MarketData(source=wen_cai, symbol=NASDAQ, type=kline1m, price=21618.78, timestamp=2025-08-19 02:47:00)
2025-08-19 10:56:38 INFO     ConsoleLogHandler | 📈 MarketData(source=wen_cai, symbol=NASDAQ, type=kline1m, price=21616.04, timestamp=2025-08-19 02:48:00)
2025-08-19 10:56:38 INFO     ConsoleLogHandler | 📈 MarketData(source=wen_cai, symbol=NASDAQ, type=kline1m, price=21616.16, timestamp=2025-08-19 02:49:00)
2025-08-19 10:56:38 INFO     ConsoleLogHandler | 📈 MarketData(source=wen_cai, symbol=NASDAQ, type=kline1m, price=21622.57, timestamp=2025-08-19 02:50:00)
2025-08-19 10:56:38 INFO     NotifyHandler | ✅ 通知成功
2025-08-19 10:56:38 INFO     ConsoleLogHandler | 📈 MarketData(source=wen_cai, symbol=NASDAQ, type=kline1m, price=21622.13, timestamp=2025-08-19 02:51:00)
2025-08-19 10:56:38 INFO     NotifyHandler | 📥 从队列中获取待处理数据: MarketData(source=wen_cai, symbol=NASDAQ, type=kline1m, price=21602.69, timestamp=2025-08-18 22:15:00)
2025-08-19 10:56:38 INFO     ConsoleLogHandler | 📈 MarketData(source=wen_cai, symbol=NASDAQ, type=kline1m, price=21627.01, timestamp=2025-08-19 02:52:00)
2025-08-19 10:56:38 INFO     NotifyHandler | 📡 第 1 次尝试通知: NASDAQ
2025-08-19 10:56:38 INFO     ConsoleLogHandler | 📈 MarketData(source=wen_cai, symbol=NASDAQ, type=kline1m, price=21628.95, timestamp=2025-08-19 02:53:00)
2025-08-19 10:56:38 INFO     ConsoleLogHandler | 📈 MarketData(source=wen_cai, symbol=NASDAQ, type=kline1m, price=21627.75, timestamp=2025-08-19 02:54:00)
2025-08-19 10:56:38 INFO     ConsoleLogHandler | 📈 MarketData(source=wen_cai, symbol=NASDAQ, type=kline1m, price=21628.29, timestamp=2025-08-19 02:55:00)
2025-08-19 10:56:38 INFO     ConsoleLogHandler | 📈 MarketData(source=wen_cai, symbol=NASDAQ, type=kline1m, price=21631.16, timestamp=2025-08-19 02:56:00)
2025-08-19 10:56:38 INFO     ConsoleLogHandler | 📈 MarketData(source=wen_cai, symbol=NASDAQ, type=kline1m, price=21633.83, timestamp=2025-08-19 02:57:00)
2025-08-19 10:56:38 INFO     ConsoleLogHandler | 📈 MarketData(source=wen_cai, symbol=NASDAQ, type=kline1m, price=21631.33, timestamp=2025-08-19 02:58:00)
2025-08-19 10:56:38 INFO     ConsoleLogHandler | 📈 MarketData(source=wen_cai, symbol=NASDAQ, type=kline1m, price=21627.65, timestamp=2025-08-19 02:59:00)
2025-08-19 10:56:38 INFO     ConsoleLogHandler | 📈 MarketData(source=wen_cai, symbol=NASDAQ, type=kline1m, price=21628.31, timestamp=2025-08-19 03:00:00)
2025-08-19 10:56:38 INFO     NotifyHandler | 📤 数据已入队: NASDAQ - 21628.31, 当前队列大小: 19
2025-08-19 10:56:38 INFO     ConsoleLogHandler | 📈 MarketData(source=wen_cai, symbol=NASDAQ, type=kline1m, price=21630.33, timestamp=2025-08-19 03:01:00)
2025-08-19 10:56:38 INFO     ConsoleLogHandler | 📈 MarketData(source=wen_cai, symbol=NASDAQ, type=kline1m, price=21630.84, timestamp=2025-08-19 03:02:00)
2025-08-19 10:56:38 INFO     ConsoleLogHandler | 📈 MarketData(source=wen_cai, symbol=NASDAQ, type=kline1m, price=21634.88, timestamp=2025-08-19 03:03:00)
2025-08-19 10:56:38 INFO     ConsoleLogHandler | 📈 MarketData(source=wen_cai, symbol=NASDAQ, type=kline1m, price=21639.04, timestamp=2025-08-19 03:04:00)
2025-08-19 10:56:38 INFO     ConsoleLogHandler | 📈 MarketData(source=wen_cai, symbol=NASDAQ, type=kline1m, price=21639.38, timestamp=2025-08-19 03:05:00)
2025-08-19 10:56:38 INFO     ConsoleLogHandler | 📈 MarketData(source=wen_cai, symbol=NASDAQ, type=kline1m, price=21635.21, timestamp=2025-08-19 03:06:00)
2025-08-19 10:56:38 INFO     ConsoleLogHandler | 📈 MarketData(source=wen_cai, symbol=NASDAQ, type=kline1m, price=21637.78, timestamp=2025-08-19 03:07:00)
2025-08-19 10:56:38 INFO     ConsoleLogHandler | 📈 MarketData(source=wen_cai, symbol=NASDAQ, type=kline1m, price=21642.93, timestamp=2025-08-19 03:08:00)
2025-08-19 10:56:38 INFO     ConsoleLogHandler | 📈 MarketData(source=wen_cai, symbol=NASDAQ, type=kline1m, price=21637.44, timestamp=2025-08-19 03:09:00)
2025-08-19 10:56:38 INFO     ConsoleLogHandler | 📈 MarketData(source=wen_cai, symbol=NASDAQ, type=kline1m, price=21638.26, timestamp=2025-08-19 03:10:00)
2025-08-19 10:56:38 INFO     ConsoleLogHandler | 📈 MarketData(source=wen_cai, symbol=NASDAQ, type=kline1m, price=21633.28, timestamp=2025-08-19 03:11:00)
2025-08-19 10:56:38 INFO     ConsoleLogHandler | 📈 MarketData(source=wen_cai, symbol=NASDAQ, type=kline1m, price=21629.45, timestamp=2025-08-19 03:12:00)
2025-08-19 10:56:38 INFO     ConsoleLogHandler | 📈 MarketData(source=wen_cai, symbol=NASDAQ, type=kline1m, price=21627.92, timestamp=2025-08-19 03:13:00)
2025-08-19 10:56:38 INFO     ConsoleLogHandler | 📈 MarketData(source=wen_cai, symbol=NASDAQ, type=kline1m, price=21623.8, timestamp=2025-08-19 03:14:00)
2025-08-19 10:56:38 INFO     ConsoleLogHandler | 📈 MarketData(source=wen_cai, symbol=NASDAQ, type=kline1m, price=21623.08, timestamp=2025-08-19 03:15:00)
2025-08-19 10:56:38 INFO     NotifyHandler | 📤 数据已入队: NASDAQ - 21623.08, 当前队列大小: 20
2025-08-19 10:56:38 INFO     ConsoleLogHandler | 📈 MarketData(source=wen_cai, symbol=NASDAQ, type=kline1m, price=21633.08, timestamp=2025-08-19 03:16:00)
2025-08-19 10:56:38 INFO     ConsoleLogHandler | 📈 MarketData(source=wen_cai, symbol=NASDAQ, type=kline1m, price=21627.97, timestamp=2025-08-19 03:17:00)
2025-08-19 10:56:38 INFO     ConsoleLogHandler | 📈 MarketData(source=wen_cai, symbol=NASDAQ, type=kline1m, price=21626.52, timestamp=2025-08-19 03:18:00)
2025-08-19 10:56:38 INFO     ConsoleLogHandler | 📈 MarketData(source=wen_cai, symbol=NASDAQ, type=kline1m, price=21628.87, timestamp=2025-08-19 03:19:00)
2025-08-19 10:56:38 INFO     ConsoleLogHandler | 📈 MarketData(source=wen_cai, symbol=NASDAQ, type=kline1m, price=21630.83, timestamp=2025-08-19 03:20:00)
2025-08-19 10:56:38 INFO     ConsoleLogHandler | 📈 MarketData(source=wen_cai, symbol=NASDAQ, type=kline1m, price=21624.51, timestamp=2025-08-19 03:21:00)
2025-08-19 10:56:38 INFO     ConsoleLogHandler | 📈 MarketData(source=wen_cai, symbol=NASDAQ, type=kline1m, price=21626.99, timestamp=2025-08-19 03:22:00)
2025-08-19 10:56:38 INFO     ConsoleLogHandler | 📈 MarketData(source=wen_cai, symbol=NASDAQ, type=kline1m, price=21626.99, timestamp=2025-08-19 03:23:00)
2025-08-19 10:56:38 INFO     ConsoleLogHandler | 📈 MarketData(source=wen_cai, symbol=NASDAQ, type=kline1m, price=21625.02, timestamp=2025-08-19 03:24:00)
2025-08-19 10:56:38 INFO     ConsoleLogHandler | 📈 MarketData(source=wen_cai, symbol=NASDAQ, type=kline1m, price=21623.1, timestamp=2025-08-19 03:25:00)
2025-08-19 10:56:38 INFO     ConsoleLogHandler | 📈 MarketData(source=wen_cai, symbol=NASDAQ, type=kline1m, price=21619.66, timestamp=2025-08-19 03:26:00)
2025-08-19 10:56:38 INFO     ConsoleLogHandler | 📈 MarketData(source=wen_cai, symbol=NASDAQ, type=kline1m, price=21623.82, timestamp=2025-08-19 03:27:00)
2025-08-19 10:56:38 INFO     ConsoleLogHandler | 📈 MarketData(source=wen_cai, symbol=NASDAQ, type=kline1m, price=21622.57, timestamp=2025-08-19 03:28:00)
2025-08-19 10:56:38 INFO     ConsoleLogHandler | 📈 MarketData(source=wen_cai, symbol=NASDAQ, type=kline1m, price=21622.68, timestamp=2025-08-19 03:29:00)
2025-08-19 10:56:38 INFO     ConsoleLogHandler | 📈 MarketData(source=wen_cai, symbol=NASDAQ, type=kline1m, price=21619.58, timestamp=2025-08-19 03:30:00)
2025-08-19 10:56:38 INFO     NotifyHandler | 📤 数据已入队: NASDAQ - 21619.58, 当前队列大小: 21
2025-08-19 10:56:38 INFO     ConsoleLogHandler | 📈 MarketData(source=wen_cai, symbol=NASDAQ, type=kline1m, price=21620.46, timestamp=2025-08-19 03:31:00)
2025-08-19 10:56:38 INFO     ConsoleLogHandler | 📈 MarketData(source=wen_cai, symbol=NASDAQ, type=kline1m, price=21617.94, timestamp=2025-08-19 03:32:00)
2025-08-19 10:56:38 INFO     ConsoleLogHandler | 📈 MarketData(source=wen_cai, symbol=NASDAQ, type=kline1m, price=21617.75, timestamp=2025-08-19 03:33:00)
2025-08-19 10:56:38 INFO     ConsoleLogHandler | 📈 MarketData(source=wen_cai, symbol=NASDAQ, type=kline1m, price=21619.83, timestamp=2025-08-19 03:34:00)
2025-08-19 10:56:38 INFO     ConsoleLogHandler | 📈 MarketData(source=wen_cai, symbol=NASDAQ, type=kline1m, price=21622.72, timestamp=2025-08-19 03:35:00)
2025-08-19 10:56:38 INFO     ConsoleLogHandler | 📈 MarketData(source=wen_cai, symbol=NASDAQ, type=kline1m, price=21626.28, timestamp=2025-08-19 03:36:00)
2025-08-19 10:56:38 INFO     ConsoleLogHandler | 📈 MarketData(source=wen_cai, symbol=NASDAQ, type=kline1m, price=21630.4, timestamp=2025-08-19 03:37:00)
2025-08-19 10:56:38 INFO     ConsoleLogHandler | 📈 MarketData(source=wen_cai, symbol=NASDAQ, type=kline1m, price=21626.72, timestamp=2025-08-19 03:38:00)
2025-08-19 10:56:38 INFO     ConsoleLogHandler | 📈 MarketData(source=wen_cai, symbol=NASDAQ, type=kline1m, price=21624.02, timestamp=2025-08-19 03:39:00)
2025-08-19 10:56:38 INFO     ConsoleLogHandler | 📈 MarketData(source=wen_cai, symbol=NASDAQ, type=kline1m, price=21624.71, timestamp=2025-08-19 03:40:00)
2025-08-19 10:56:38 INFO     ConsoleLogHandler | 📈 MarketData(source=wen_cai, symbol=NASDAQ, type=kline1m, price=21623.71, timestamp=2025-08-19 03:41:00)
2025-08-19 10:56:38 INFO     ConsoleLogHandler | 📈 MarketData(source=wen_cai, symbol=NASDAQ, type=kline1m, price=21621.57, timestamp=2025-08-19 03:42:00)
2025-08-19 10:56:38 INFO     ConsoleLogHandler | 📈 MarketData(source=wen_cai, symbol=NASDAQ, type=kline1m, price=21623.47, timestamp=2025-08-19 03:43:00)
2025-08-19 10:56:38 INFO     ConsoleLogHandler | 📈 MarketData(source=wen_cai, symbol=NASDAQ, type=kline1m, price=21627.83, timestamp=2025-08-19 03:44:00)
2025-08-19 10:56:38 INFO     ConsoleLogHandler | 📈 MarketData(source=wen_cai, symbol=NASDAQ, type=kline1m, price=21632.04, timestamp=2025-08-19 03:45:00)
2025-08-19 10:56:38 INFO     NotifyHandler | 📤 数据已入队: NASDAQ - 21632.04, 当前队列大小: 22
2025-08-19 10:56:38 INFO     ConsoleLogHandler | 📈 MarketData(source=wen_cai, symbol=NASDAQ, type=kline1m, price=21637.49, timestamp=2025-08-19 03:46:00)
2025-08-19 10:56:38 INFO     ConsoleLogHandler | 📈 MarketData(source=wen_cai, symbol=NASDAQ, type=kline1m, price=21637.64, timestamp=2025-08-19 03:47:00)
2025-08-19 10:56:38 INFO     ConsoleLogHandler | 📈 MarketData(source=wen_cai, symbol=NASDAQ, type=kline1m, price=21636.08, timestamp=2025-08-19 03:48:00)
2025-08-19 10:56:38 INFO     ConsoleLogHandler | 📈 MarketData(source=wen_cai, symbol=NASDAQ, type=kline1m, price=21634.17, timestamp=2025-08-19 03:49:00)
2025-08-19 10:56:38 INFO     ConsoleLogHandler | 📈 MarketData(source=wen_cai, symbol=NASDAQ, type=kline1m, price=21635.72, timestamp=2025-08-19 03:50:00)
2025-08-19 10:56:38 INFO     ConsoleLogHandler | 📈 MarketData(source=wen_cai, symbol=NASDAQ, type=kline1m, price=21626.8, timestamp=2025-08-19 03:51:00)
2025-08-19 10:56:38 INFO     ConsoleLogHandler | 📈 MarketData(source=wen_cai, symbol=NASDAQ, type=kline1m, price=21627.81, timestamp=2025-08-19 03:52:00)
2025-08-19 10:56:38 INFO     ConsoleLogHandler | 📈 MarketData(source=wen_cai, symbol=NASDAQ, type=kline1m, price=21625.58, timestamp=2025-08-19 03:53:00)
2025-08-19 10:56:38 INFO     ConsoleLogHandler | 📈 MarketData(source=wen_cai, symbol=NASDAQ, type=kline1m, price=21629.33, timestamp=2025-08-19 03:54:00)
2025-08-19 10:56:38 INFO     ConsoleLogHandler | 📈 MarketData(source=wen_cai, symbol=NASDAQ, type=kline1m, price=21638.1, timestamp=2025-08-19 03:55:00)
2025-08-19 10:56:38 INFO     ConsoleLogHandler | 📈 MarketData(source=wen_cai, symbol=NASDAQ, type=kline1m, price=21637.36, timestamp=2025-08-19 03:56:00)
2025-08-19 10:56:38 INFO     ConsoleLogHandler | 📈 MarketData(source=wen_cai, symbol=NASDAQ, type=kline1m, price=21641.71, timestamp=2025-08-19 03:57:00)
2025-08-19 10:56:38 INFO     ConsoleLogHandler | 📈 MarketData(source=wen_cai, symbol=NASDAQ, type=kline1m, price=21640.06, timestamp=2025-08-19 03:58:00)
2025-08-19 10:56:38 INFO     ConsoleLogHandler | 📈 MarketData(source=wen_cai, symbol=NASDAQ, type=kline1m, price=21630.16, timestamp=2025-08-19 03:59:00)
2025-08-19 10:56:38 INFO     ConsoleLogHandler | 📈 MarketData(source=wen_cai, symbol=NASDAQ, type=kline1m, price=21629.77, timestamp=2025-08-19 04:00:00)
2025-08-19 10:56:38 INFO     NotifyHandler | 📤 数据已入队: NASDAQ - 21629.77, 当前队列大小: 23
2025-08-19 10:56:38 INFO     wen_cai_source | 📝 首次记录增量数据时间: 2025-08-19 10:55:00
2025-08-19 10:56:38 INFO     wen_cai_source | 📊 K线数据更新完成，处理477条数据，耗时1.49秒
2025-08-19 10:56:38 INFO     NotifyHandler | ✅ 通知成功
2025-08-19 10:56:38 INFO     NotifyHandler | 📥 从队列中获取待处理数据: MarketData(source=wen_cai, symbol=NASDAQ, type=kline1m, price=21611.63, timestamp=2025-08-18 22:30:00)
2025-08-19 10:56:38 INFO     NotifyHandler | 📡 第 1 次尝试通知: NASDAQ
2025-08-19 10:56:38 INFO     NotifyHandler | ✅ 通知成功
2025-08-19 10:56:38 INFO     NotifyHandler | 📥 从队列中获取待处理数据: MarketData(source=wen_cai, symbol=NASDAQ, type=kline1m, price=21585.21, timestamp=2025-08-18 22:45:00)
2025-08-19 10:56:38 INFO     NotifyHandler | 📡 第 1 次尝试通知: NASDAQ
2025-08-19 10:56:38 INFO     NotifyHandler | ✅ 通知成功
2025-08-19 10:56:38 INFO     NotifyHandler | 📥 从队列中获取待处理数据: MarketData(source=wen_cai, symbol=NASDAQ, type=kline1m, price=21612.38, timestamp=2025-08-18 23:00:00)
2025-08-19 10:56:38 INFO     NotifyHandler | 📡 第 1 次尝试通知: NASDAQ
2025-08-19 10:56:38 INFO     NotifyHandler | ✅ 通知成功
2025-08-19 10:56:38 INFO     NotifyHandler | 📥 从队列中获取待处理数据: MarketData(source=wen_cai, symbol=NASDAQ, type=kline1m, price=21595.03, timestamp=2025-08-18 23:15:00)
2025-08-19 10:56:38 INFO     NotifyHandler | 📡 第 1 次尝试通知: NASDAQ
2025-08-19 10:56:38 INFO     NotifyHandler | ✅ 通知成功
2025-08-19 10:56:38 INFO     NotifyHandler | 📥 从队列中获取待处理数据: MarketData(source=wen_cai, symbol=NASDAQ, type=kline1m, price=21580.68, timestamp=2025-08-18 23:30:00)
2025-08-19 10:56:38 INFO     NotifyHandler | 📡 第 1 次尝试通知: NASDAQ
2025-08-19 10:56:39 INFO     NotifyHandler | ✅ 通知成功
2025-08-19 10:56:39 INFO     NotifyHandler | 📥 从队列中获取待处理数据: MarketData(source=wen_cai, symbol=NASDAQ, type=kline1m, price=21589.98, timestamp=2025-08-18 23:45:00)
2025-08-19 10:56:39 INFO     NotifyHandler | 📡 第 1 次尝试通知: NASDAQ
2025-08-19 10:56:39 INFO     NotifyHandler | ✅ 通知成功
2025-08-19 10:56:39 INFO     NotifyHandler | 📥 从队列中获取待处理数据: MarketData(source=wen_cai, symbol=NASDAQ, type=kline1m, price=21587.53, timestamp=2025-08-19 00:00:00)
2025-08-19 10:56:39 INFO     NotifyHandler | 📡 第 1 次尝试通知: NASDAQ
2025-08-19 10:56:39 INFO     NotifyHandler | ✅ 通知成功
2025-08-19 10:56:39 INFO     NotifyHandler | 📥 从队列中获取待处理数据: MarketData(source=wen_cai, symbol=NASDAQ, type=kline1m, price=21590.53, timestamp=2025-08-19 00:15:00)
2025-08-19 10:56:39 INFO     NotifyHandler | 📡 第 1 次尝试通知: NASDAQ
2025-08-19 10:56:39 INFO     NotifyHandler | ✅ 通知成功
2025-08-19 10:56:39 INFO     NotifyHandler | 📥 从队列中获取待处理数据: MarketData(source=wen_cai, symbol=NASDAQ, type=kline1m, price=21605.59, timestamp=2025-08-19 00:30:00)
2025-08-19 10:56:39 INFO     NotifyHandler | 📡 第 1 次尝试通知: NASDAQ
2025-08-19 10:56:39 INFO     NotifyHandler | ✅ 通知成功
2025-08-19 10:56:39 INFO     NotifyHandler | 📥 从队列中获取待处理数据: MarketData(source=wen_cai, symbol=NASDAQ, type=kline1m, price=21575.82, timestamp=2025-08-19 00:45:00)
2025-08-19 10:56:39 INFO     NotifyHandler | 📡 第 1 次尝试通知: NASDAQ
2025-08-19 10:56:39 INFO     NotifyHandler | ✅ 通知成功
2025-08-19 10:56:39 INFO     NotifyHandler | 📥 从队列中获取待处理数据: MarketData(source=wen_cai, symbol=NASDAQ, type=kline1m, price=21573.41, timestamp=2025-08-19 01:00:00)
2025-08-19 10:56:39 INFO     NotifyHandler | 📡 第 1 次尝试通知: NASDAQ
2025-08-19 10:56:39 INFO     NotifyHandler | ✅ 通知成功
2025-08-19 10:56:39 INFO     NotifyHandler | 📥 从队列中获取待处理数据: MarketData(source=wen_cai, symbol=NASDAQ, type=kline1m, price=21593.14, timestamp=2025-08-19 01:15:00)
2025-08-19 10:56:39 INFO     NotifyHandler | 📡 第 1 次尝试通知: NASDAQ
2025-08-19 10:56:39 INFO     NotifyHandler | ✅ 通知成功
2025-08-19 10:56:39 INFO     NotifyHandler | 📥 从队列中获取待处理数据: MarketData(source=wen_cai, symbol=NASDAQ, type=kline1m, price=21613.18, timestamp=2025-08-19 01:30:00)
2025-08-19 10:56:39 INFO     NotifyHandler | 📡 第 1 次尝试通知: NASDAQ
2025-08-19 10:56:39 INFO     NotifyHandler | ✅ 通知成功
2025-08-19 10:56:39 INFO     NotifyHandler | 📥 从队列中获取待处理数据: MarketData(source=wen_cai, symbol=NASDAQ, type=kline1m, price=21590.63, timestamp=2025-08-19 01:45:00)
2025-08-19 10:56:39 INFO     NotifyHandler | 📡 第 1 次尝试通知: NASDAQ
2025-08-19 10:56:39 INFO     NotifyHandler | ✅ 通知成功
2025-08-19 10:56:39 INFO     NotifyHandler | 📥 从队列中获取待处理数据: MarketData(source=wen_cai, symbol=NASDAQ, type=kline1m, price=21590.0, timestamp=2025-08-19 02:00:00)
2025-08-19 10:56:39 INFO     NotifyHandler | 📡 第 1 次尝试通知: NASDAQ
2025-08-19 10:56:39 INFO     NotifyHandler | ✅ 通知成功
2025-08-19 10:56:39 INFO     NotifyHandler | 📥 从队列中获取待处理数据: MarketData(source=wen_cai, symbol=NASDAQ, type=kline1m, price=21599.63, timestamp=2025-08-19 02:15:00)
2025-08-19 10:56:39 INFO     NotifyHandler | 📡 第 1 次尝试通知: NASDAQ
2025-08-19 10:56:39 INFO     NotifyHandler | ✅ 通知成功
2025-08-19 10:56:39 INFO     NotifyHandler | 📥 从队列中获取待处理数据: MarketData(source=wen_cai, symbol=NASDAQ, type=kline1m, price=21605.75, timestamp=2025-08-19 02:30:00)
2025-08-19 10:56:39 INFO     NotifyHandler | 📡 第 1 次尝试通知: NASDAQ
2025-08-19 10:56:39 INFO     NotifyHandler | ✅ 通知成功
2025-08-19 10:56:39 INFO     NotifyHandler | 📥 从队列中获取待处理数据: MarketData(source=wen_cai, symbol=NASDAQ, type=kline1m, price=21616.39, timestamp=2025-08-19 02:45:00)
2025-08-19 10:56:39 INFO     NotifyHandler | 📡 第 1 次尝试通知: NASDAQ
2025-08-19 10:56:39 INFO     NotifyHandler | ✅ 通知成功
2025-08-19 10:56:39 INFO     NotifyHandler | 📥 从队列中获取待处理数据: MarketData(source=wen_cai, symbol=NASDAQ, type=kline1m, price=21628.31, timestamp=2025-08-19 03:00:00)
2025-08-19 10:56:39 INFO     NotifyHandler | 📡 第 1 次尝试通知: NASDAQ
2025-08-19 10:56:39 INFO     NotifyHandler | ✅ 通知成功
2025-08-19 10:56:39 INFO     NotifyHandler | 📥 从队列中获取待处理数据: MarketData(source=wen_cai, symbol=NASDAQ, type=kline1m, price=21623.08, timestamp=2025-08-19 03:15:00)
2025-08-19 10:56:39 INFO     NotifyHandler | 📡 第 1 次尝试通知: NASDAQ
2025-08-19 10:56:39 INFO     NotifyHandler | ✅ 通知成功
2025-08-19 10:56:39 INFO     NotifyHandler | 📥 从队列中获取待处理数据: MarketData(source=wen_cai, symbol=NASDAQ, type=kline1m, price=21619.58, timestamp=2025-08-19 03:30:00)
2025-08-19 10:56:39 INFO     NotifyHandler | 📡 第 1 次尝试通知: NASDAQ
2025-08-19 10:56:39 INFO     NotifyHandler | ✅ 通知成功
2025-08-19 10:56:39 INFO     NotifyHandler | 📥 从队列中获取待处理数据: MarketData(source=wen_cai, symbol=NASDAQ, type=kline1m, price=21632.04, timestamp=2025-08-19 03:45:00)
2025-08-19 10:56:39 INFO     NotifyHandler | 📡 第 1 次尝试通知: NASDAQ
2025-08-19 10:56:39 INFO     NotifyHandler | ✅ 通知成功
2025-08-19 10:56:39 INFO     NotifyHandler | 📥 从队列中获取待处理数据: MarketData(source=wen_cai, symbol=NASDAQ, type=kline1m, price=21629.77, timestamp=2025-08-19 04:00:00)
2025-08-19 10:56:39 INFO     NotifyHandler | 📡 第 1 次尝试通知: NASDAQ
2025-08-19 10:56:39 INFO     NotifyHandler | ✅ 通知成功
2025-08-19 10:57:28 INFO     data_processor | 📊 处理了 HSI 的 1 条新K线数据
2025-08-19 10:57:28 INFO     ConsoleLogHandler | 📈 MarketData(source=wen_cai, symbol=HSI, type=kline1m, price=25156.17, timestamp=2025-08-19 10:56:00)
2025-08-19 10:57:28 INFO     wen_cai_source | 📊 K线数据更新完成，处理1条数据，耗时0.99秒
2025-08-19 10:58:58 INFO     data_processor | 📊 处理了 HSI 的 1 条新K线数据
2025-08-19 10:58:58 INFO     ConsoleLogHandler | 📈 MarketData(source=wen_cai, symbol=HSI, type=kline1m, price=25149.85, timestamp=2025-08-19 10:57:00)
2025-08-19 10:58:58 INFO     wen_cai_source | 📊 K线数据更新完成，处理1条数据，耗时0.95秒
2025-08-19 10:59:08 INFO     data_processor | 📊 处理了 HSI 的 1 条新K线数据
2025-08-19 10:59:08 INFO     ConsoleLogHandler | 📈 MarketData(source=wen_cai, symbol=HSI, type=kline1m, price=25146.03, timestamp=2025-08-19 10:58:00)
2025-08-19 10:59:08 INFO     wen_cai_source | 📊 K线数据更新完成，处理1条数据，耗时0.93秒
2025-08-19 11:00:08 INFO     data_processor | 📊 处理了 HSI 的 1 条新K线数据
2025-08-19 11:00:08 INFO     ConsoleLogHandler | 📈 MarketData(source=wen_cai, symbol=HSI, type=kline1m, price=25137.95, timestamp=2025-08-19 10:59:00)
2025-08-19 11:00:08 INFO     wen_cai_source | 📊 K线数据更新完成，处理1条数据，耗时0.80秒
2025-08-19 11:00:32 INFO     API | 🛑 MarketStockMonitor API 服务正在关闭...
